date,max_temperature_c,min_temperature_c,precipitation_mm,max_wind_speed_kmh,city,average_temperature_c,temperature_range_c,year,month,month_name,is_rainy_day
2021-01-01,26.6,17.5,0.0,9.7,Bangkok,22.0,9.1,2021,1,January,False
2021-01-02,27.4,17.9,0.0,11.4,Bangkok,22.6,9.5,2021,1,January,False
2021-01-03,29.3,19.1,0.0,11.5,Bangkok,24.2,10.2,2021,1,January,False
2021-01-04,30.7,20.8,0.0,11.7,Bangkok,25.8,9.9,2021,1,January,False
2021-01-05,30.2,22.0,0.0,10.8,Bangkok,26.1,8.2,2021,1,January,False
2021-01-06,32.1,23.0,0.0,10.7,Bangkok,27.6,9.1,2021,1,January,False
2021-01-07,32.2,22.4,0.0,9.8,Bangkok,27.3,9.8,2021,1,January,False
2021-01-08,31.4,23.0,0.0,21.1,Bangkok,27.2,8.4,2021,1,January,False
2021-01-09,28.6,19.9,0.0,17.3,Bangkok,24.2,8.7,2021,1,January,False
2021-01-10,29.5,18.9,0.0,10.3,Bangkok,24.2,10.6,2021,1,January,False
2021-01-11,29.5,18.5,0.0,15.5,Bangkok,24.0,11.0,2021,1,January,False
2021-01-12,25.5,15.7,0.0,15.7,Bangkok,20.6,9.8,2021,1,January,False
2021-01-13,25.6,15.4,0.0,11.2,Bangkok,20.5,10.2,2021,1,January,False
2021-01-14,28.6,16.3,0.0,10.7,Bangkok,22.5,12.3,2021,1,January,False
2021-01-15,30.5,17.7,0.0,11.2,Bangkok,24.1,12.8,2021,1,January,False
2021-01-16,29.8,20.1,0.0,10.2,Bangkok,25.0,9.7,2021,1,January,False
2021-01-17,32.1,21.4,0.1,16.8,Bangkok,26.8,10.7,2021,1,January,True
2021-01-18,28.8,19.5,0.0,20.9,Bangkok,24.2,9.3,2021,1,January,False
2021-01-19,28.0,16.4,0.0,11.8,Bangkok,22.2,11.6,2021,1,January,False
2021-01-20,29.4,17.5,0.0,7.9,Bangkok,23.4,11.9,2021,1,January,False
2021-01-21,30.5,17.3,0.0,9.7,Bangkok,23.9,13.2,2021,1,January,False
2021-01-22,31.7,18.0,0.0,14.8,Bangkok,24.8,13.7,2021,1,January,False
2021-01-23,32.5,20.1,0.0,15.3,Bangkok,26.3,12.4,2021,1,January,False
2021-01-24,31.2,22.6,0.0,12.6,Bangkok,26.9,8.6,2021,1,January,False
2021-01-25,31.3,23.2,0.3,9.6,Bangkok,27.2,8.1,2021,1,January,True
2021-01-26,33.3,23.3,0.2,11.9,Bangkok,28.3,10.0,2021,1,January,True
2021-01-27,31.8,25.2,1.1,11.9,Bangkok,28.5,6.6,2021,1,January,True
2021-01-28,33.6,24.9,0.5,12.2,Bangkok,29.2,8.7,2021,1,January,True
2021-01-29,32.0,23.9,0.0,19.8,Bangkok,28.0,8.1,2021,1,January,False
2021-01-30,31.6,22.3,0.0,12.2,Bangkok,27.0,9.3,2021,1,January,False
2021-01-31,32.2,21.5,0.0,12.6,Bangkok,26.8,10.7,2021,1,January,False
2021-02-01,32.8,21.7,0.0,10.1,Bangkok,27.2,11.1,2021,2,February,False
2021-02-02,33.2,22.1,0.0,11.9,Bangkok,27.6,11.1,2021,2,February,False
2021-02-03,34.2,22.7,0.0,16.6,Bangkok,28.4,11.5,2021,2,February,False
2021-02-04,32.7,23.0,0.0,18.8,Bangkok,27.8,9.7,2021,2,February,False
2021-02-05,32.7,20.7,0.0,10.3,Bangkok,26.7,12.0,2021,2,February,False
2021-02-06,33.1,21.1,0.0,9.6,Bangkok,27.1,12.0,2021,2,February,False
2021-02-07,32.3,22.8,0.0,13.0,Bangkok,27.6,9.5,2021,2,February,False
2021-02-08,31.8,24.3,0.3,13.7,Bangkok,28.0,7.5,2021,2,February,True
2021-02-09,28.0,23.5,19.3,13.7,Bangkok,25.8,4.5,2021,2,February,True
2021-02-10,30.4,22.7,2.3,11.5,Bangkok,26.6,7.7,2021,2,February,True
2021-02-11,31.5,20.8,0.0,10.0,Bangkok,26.2,10.7,2021,2,February,False
2021-02-12,32.1,21.0,0.0,9.8,Bangkok,26.6,11.1,2021,2,February,False
2021-02-13,32.3,21.5,0.0,15.1,Bangkok,26.9,10.8,2021,2,February,False
2021-02-14,32.3,23.3,0.1,13.7,Bangkok,27.8,9.0,2021,2,February,True
2021-02-15,31.2,24.1,0.6,16.2,Bangkok,27.6,7.1,2021,2,February,True
2021-02-16,31.3,25.2,0.4,16.6,Bangkok,28.2,6.1,2021,2,February,True
2021-02-17,30.8,24.5,2.9,15.5,Bangkok,27.6,6.3,2021,2,February,True
2021-02-18,32.3,23.3,0.5,22.5,Bangkok,27.8,9.0,2021,2,February,True
2021-02-19,32.0,21.0,0.0,21.4,Bangkok,26.5,11.0,2021,2,February,False
2021-02-20,31.6,19.6,0.0,17.5,Bangkok,25.6,12.0,2021,2,February,False
2021-02-21,32.4,19.7,0.0,10.1,Bangkok,26.0,12.7,2021,2,February,False
2021-02-22,32.3,21.4,0.0,17.1,Bangkok,26.8,10.9,2021,2,February,False
2021-02-23,31.4,23.9,0.0,12.8,Bangkok,27.6,7.5,2021,2,February,False
2021-02-24,33.0,23.8,0.0,16.7,Bangkok,28.4,9.2,2021,2,February,False
2021-02-25,36.1,24.1,0.0,15.7,Bangkok,30.1,12.0,2021,2,February,False
2021-02-26,36.0,22.9,0.0,15.5,Bangkok,29.4,13.1,2021,2,February,False
2021-02-27,34.5,22.7,0.0,15.9,Bangkok,28.6,11.8,2021,2,February,False
2021-02-28,32.7,23.8,0.0,21.0,Bangkok,28.2,8.9,2021,2,February,False
2021-03-01,32.8,24.5,0.0,19.5,Bangkok,28.6,8.3,2021,3,March,False
2021-03-02,32.7,26.2,0.8,16.4,Bangkok,29.4,6.5,2021,3,March,True
2021-03-03,30.9,26.3,5.3,18.0,Bangkok,28.6,4.6,2021,3,March,True
2021-03-04,31.6,24.8,0.8,15.5,Bangkok,28.2,6.8,2021,3,March,True
2021-03-05,32.5,25.3,0.7,15.5,Bangkok,28.9,7.2,2021,3,March,True
2021-03-06,33.3,24.9,0.0,15.9,Bangkok,29.1,8.4,2021,3,March,False
2021-03-07,34.2,24.8,0.0,17.3,Bangkok,29.5,9.4,2021,3,March,False
2021-03-08,32.3,26.3,0.6,14.7,Bangkok,29.3,6.0,2021,3,March,True
2021-03-09,33.2,25.7,2.5,11.4,Bangkok,29.4,7.5,2021,3,March,True
2021-03-10,31.8,26.0,2.1,13.4,Bangkok,28.9,5.8,2021,3,March,True
2021-03-11,32.7,25.8,0.7,11.5,Bangkok,29.2,6.9,2021,3,March,True
2021-03-12,34.2,25.5,0.5,14.1,Bangkok,29.8,8.7,2021,3,March,True
2021-03-13,31.9,26.0,1.3,13.7,Bangkok,29.0,5.9,2021,3,March,True
2021-03-14,32.4,25.8,1.1,16.2,Bangkok,29.1,6.6,2021,3,March,True
2021-03-15,32.6,26.6,0.2,16.9,Bangkok,29.6,6.0,2021,3,March,True
2021-03-16,32.5,25.7,0.1,20.6,Bangkok,29.1,6.8,2021,3,March,True
2021-03-17,32.6,26.7,0.5,16.9,Bangkok,29.6,5.9,2021,3,March,True
2021-03-18,34.2,26.5,0.2,16.2,Bangkok,30.4,7.7,2021,3,March,True
2021-03-19,34.2,26.8,0.2,16.9,Bangkok,30.5,7.4,2021,3,March,True
2021-03-20,33.8,26.5,0.2,17.7,Bangkok,30.2,7.3,2021,3,March,True
2021-03-21,34.5,26.7,0.0,17.0,Bangkok,30.6,7.8,2021,3,March,False
2021-03-22,31.1,26.2,16.5,18.0,Bangkok,28.6,4.9,2021,3,March,True
2021-03-23,33.4,24.6,0.0,13.7,Bangkok,29.0,8.8,2021,3,March,False
2021-03-24,34.3,24.3,0.1,9.8,Bangkok,29.3,10.0,2021,3,March,True
2021-03-25,34.2,25.1,0.4,18.6,Bangkok,29.6,9.1,2021,3,March,True
2021-03-26,33.6,27.1,0.3,19.8,Bangkok,30.4,6.5,2021,3,March,True
2021-03-27,34.2,26.8,0.0,18.4,Bangkok,30.5,7.4,2021,3,March,False
2021-03-28,34.0,27.1,0.0,18.8,Bangkok,30.6,6.9,2021,3,March,False
2021-03-29,34.7,27.2,0.0,19.2,Bangkok,31.0,7.5,2021,3,March,False
2021-03-30,34.8,27.6,0.1,21.6,Bangkok,31.2,7.2,2021,3,March,True
2021-03-31,34.9,27.5,0.1,18.3,Bangkok,31.2,7.4,2021,3,March,True
2021-04-01,34.2,28.4,0.0,17.3,Bangkok,31.3,5.8,2021,4,April,False
2021-04-02,34.5,27.4,0.0,19.2,Bangkok,31.0,7.1,2021,4,April,False
2021-04-03,34.7,26.9,0.2,22.5,Bangkok,30.8,7.8,2021,4,April,True
2021-04-04,30.9,26.1,5.2,16.1,Bangkok,28.5,4.8,2021,4,April,True
2021-04-05,30.2,24.6,8.7,15.8,Bangkok,27.4,5.6,2021,4,April,True
2021-04-06,29.3,24.7,10.0,14.7,Bangkok,27.0,4.6,2021,4,April,True
2021-04-07,30.6,25.1,5.2,14.6,Bangkok,27.8,5.5,2021,4,April,True
2021-04-08,31.3,24.8,6.0,10.2,Bangkok,28.0,6.5,2021,4,April,True
2021-04-09,31.9,25.3,1.0,10.5,Bangkok,28.6,6.6,2021,4,April,True
2021-04-10,31.4,26.1,13.0,13.4,Bangkok,28.8,5.3,2021,4,April,True
2021-04-11,30.8,25.8,5.4,11.5,Bangkok,28.3,5.0,2021,4,April,True
2021-04-12,31.3,24.9,5.3,11.0,Bangkok,28.1,6.4,2021,4,April,True
2021-04-13,30.4,26.3,2.9,12.1,Bangkok,28.4,4.1,2021,4,April,True
2021-04-14,30.7,26.4,4.9,14.1,Bangkok,28.6,4.3,2021,4,April,True
2021-04-15,32.1,24.9,1.7,10.0,Bangkok,28.5,7.2,2021,4,April,True
2021-04-16,31.9,25.9,3.5,15.0,Bangkok,28.9,6.0,2021,4,April,True
2021-04-17,32.2,25.2,0.4,12.6,Bangkok,28.7,7.0,2021,4,April,True
2021-04-18,32.1,25.5,12.8,12.4,Bangkok,28.8,6.6,2021,4,April,True
2021-04-19,31.9,24.9,3.2,15.1,Bangkok,28.4,7.0,2021,4,April,True
2021-04-20,31.2,25.8,4.5,10.8,Bangkok,28.5,5.4,2021,4,April,True
2021-04-21,31.9,26.4,4.9,12.4,Bangkok,29.2,5.5,2021,4,April,True
2021-04-22,33.3,26.1,2.3,10.4,Bangkok,29.7,7.2,2021,4,April,True
2021-04-23,34.1,26.3,1.6,15.6,Bangkok,30.2,7.8,2021,4,April,True
2021-04-24,34.0,25.9,4.6,18.8,Bangkok,30.0,8.1,2021,4,April,True
2021-04-25,33.3,27.0,1.7,13.6,Bangkok,30.2,6.3,2021,4,April,True
2021-04-26,32.2,25.9,14.3,14.8,Bangkok,29.0,6.3,2021,4,April,True
2021-04-27,31.4,25.5,7.1,11.2,Bangkok,28.4,5.9,2021,4,April,True
2021-04-28,31.0,24.1,11.5,14.4,Bangkok,27.6,6.9,2021,4,April,True
2021-04-29,29.1,24.5,19.8,13.0,Bangkok,26.8,4.6,2021,4,April,True
2021-04-30,29.7,24.6,2.7,8.9,Bangkok,27.2,5.1,2021,4,April,True
2021-05-01,30.4,25.3,2.3,10.7,Bangkok,27.8,5.1,2021,5,May,True
2021-05-02,31.8,25.1,1.9,11.3,Bangkok,28.4,6.7,2021,5,May,True
2021-05-03,31.9,25.5,1.6,7.9,Bangkok,28.7,6.4,2021,5,May,True
2021-05-04,33.1,26.6,13.9,10.2,Bangkok,29.8,6.5,2021,5,May,True
2021-05-05,34.0,26.1,0.0,8.7,Bangkok,30.0,7.9,2021,5,May,False
2021-05-06,29.0,25.8,10.8,13.7,Bangkok,27.4,3.2,2021,5,May,True
2021-05-07,30.3,25.0,2.8,11.8,Bangkok,27.6,5.3,2021,5,May,True
2021-05-08,31.9,24.6,0.8,7.2,Bangkok,28.2,7.3,2021,5,May,True
2021-05-09,32.2,25.5,1.2,9.7,Bangkok,28.8,6.7,2021,5,May,True
2021-05-10,33.2,26.7,0.2,15.5,Bangkok,30.0,6.5,2021,5,May,True
2021-05-11,33.5,27.2,1.5,12.9,Bangkok,30.4,6.3,2021,5,May,True
2021-05-12,32.9,27.1,1.9,16.5,Bangkok,30.0,5.8,2021,5,May,True
2021-05-13,33.8,27.3,0.2,16.6,Bangkok,30.6,6.5,2021,5,May,True
2021-05-14,34.3,27.7,0.0,18.6,Bangkok,31.0,6.6,2021,5,May,False
2021-05-15,33.7,28.3,2.1,16.8,Bangkok,31.0,5.4,2021,5,May,True
2021-05-16,32.8,28.1,0.6,15.8,Bangkok,30.4,4.7,2021,5,May,True
2021-05-17,34.2,27.8,0.6,15.3,Bangkok,31.0,6.4,2021,5,May,True
2021-05-18,33.7,27.9,1.5,18.5,Bangkok,30.8,5.8,2021,5,May,True
2021-05-19,36.2,26.9,12.6,19.1,Bangkok,31.6,9.3,2021,5,May,True
2021-05-20,33.5,27.2,4.5,14.6,Bangkok,30.4,6.3,2021,5,May,True
2021-05-21,34.3,26.3,1.7,14.8,Bangkok,30.3,8.0,2021,5,May,True
2021-05-22,34.4,26.3,3.6,18.8,Bangkok,30.4,8.1,2021,5,May,True
2021-05-23,36.0,26.5,1.3,19.1,Bangkok,31.2,9.5,2021,5,May,True
2021-05-24,35.8,26.5,0.2,16.8,Bangkok,31.2,9.3,2021,5,May,True
2021-05-25,34.3,27.0,2.4,16.9,Bangkok,30.6,7.3,2021,5,May,True
2021-05-26,32.2,26.7,0.0,13.4,Bangkok,29.4,5.5,2021,5,May,False
2021-05-27,34.5,26.8,10.3,21.4,Bangkok,30.6,7.7,2021,5,May,True
2021-05-28,30.5,25.8,19.2,16.2,Bangkok,28.2,4.7,2021,5,May,True
2021-05-29,32.4,25.9,7.6,22.4,Bangkok,29.2,6.5,2021,5,May,True
2021-05-30,32.5,26.6,0.8,19.2,Bangkok,29.6,5.9,2021,5,May,True
2021-05-31,33.2,26.0,0.2,19.9,Bangkok,29.6,7.2,2021,5,May,True
2021-06-01,34.5,26.6,0.2,18.7,Bangkok,30.6,7.9,2021,6,June,True
2021-06-02,36.7,27.4,0.0,18.8,Bangkok,32.0,9.3,2021,6,June,False
2021-06-03,36.1,27.9,0.0,20.1,Bangkok,32.0,8.2,2021,6,June,False
2021-06-04,37.9,28.3,2.4,19.7,Bangkok,33.1,9.6,2021,6,June,True
2021-06-05,36.1,28.1,6.6,17.9,Bangkok,32.1,8.0,2021,6,June,True
2021-06-06,35.2,27.4,4.6,16.3,Bangkok,31.3,7.8,2021,6,June,True
2021-06-07,33.3,27.2,0.3,18.7,Bangkok,30.2,6.1,2021,6,June,True
2021-06-08,34.7,27.4,0.3,26.1,Bangkok,31.0,7.3,2021,6,June,True
2021-06-09,32.3,26.9,2.2,18.4,Bangkok,29.6,5.4,2021,6,June,True
2021-06-10,29.8,26.1,10.6,15.3,Bangkok,28.0,3.7,2021,6,June,True
2021-06-11,31.5,26.5,0.8,19.4,Bangkok,29.0,5.0,2021,6,June,True
2021-06-12,32.3,26.2,1.4,15.2,Bangkok,29.2,6.1,2021,6,June,True
2021-06-13,31.1,26.5,1.6,14.6,Bangkok,28.8,4.6,2021,6,June,True
2021-06-14,32.4,26.6,0.8,20.0,Bangkok,29.5,5.8,2021,6,June,True
2021-06-15,30.2,26.5,7.7,15.7,Bangkok,28.4,3.7,2021,6,June,True
2021-06-16,32.2,26.3,2.0,18.4,Bangkok,29.2,5.9,2021,6,June,True
2021-06-17,31.9,26.5,0.4,14.4,Bangkok,29.2,5.4,2021,6,June,True
2021-06-18,34.4,26.0,2.9,16.0,Bangkok,30.2,8.4,2021,6,June,True
2021-06-19,37.0,25.6,1.1,17.7,Bangkok,31.3,11.4,2021,6,June,True
2021-06-20,37.2,26.4,1.3,20.5,Bangkok,31.8,10.8,2021,6,June,True
2021-06-21,36.5,27.1,7.6,17.8,Bangkok,31.8,9.4,2021,6,June,True
2021-06-22,34.2,26.0,4.1,18.5,Bangkok,30.1,8.2,2021,6,June,True
2021-06-23,34.8,26.3,7.1,19.1,Bangkok,30.6,8.5,2021,6,June,True
2021-06-24,34.8,26.1,0.5,20.8,Bangkok,30.4,8.7,2021,6,June,True
2021-06-25,34.2,25.4,5.6,18.3,Bangkok,29.8,8.8,2021,6,June,True
2021-06-26,32.5,25.8,1.1,19.2,Bangkok,29.2,6.7,2021,6,June,True
2021-06-27,33.3,26.3,0.3,20.9,Bangkok,29.8,7.0,2021,6,June,True
2021-06-28,33.7,26.0,7.6,11.2,Bangkok,29.8,7.7,2021,6,June,True
2021-06-29,33.9,26.9,7.4,16.6,Bangkok,30.4,7.0,2021,6,June,True
2021-06-30,32.4,25.6,9.4,15.5,Bangkok,29.0,6.8,2021,6,June,True
2021-07-01,33.3,25.3,0.8,20.9,Bangkok,29.3,8.0,2021,7,July,True
2021-07-02,34.2,26.2,2.4,15.2,Bangkok,30.2,8.0,2021,7,July,True
2021-07-03,36.9,25.8,0.2,18.8,Bangkok,31.4,11.1,2021,7,July,True
2021-07-04,37.4,27.0,1.0,22.3,Bangkok,32.2,10.4,2021,7,July,True
2021-07-05,38.4,27.2,1.9,16.8,Bangkok,32.8,11.2,2021,7,July,True
2021-07-06,34.1,26.9,37.4,18.9,Bangkok,30.5,7.2,2021,7,July,True
2021-07-07,33.2,25.9,15.0,19.5,Bangkok,29.6,7.3,2021,7,July,True
2021-07-08,32.4,25.7,16.0,17.3,Bangkok,29.0,6.7,2021,7,July,True
2021-07-09,30.0,25.2,17.4,16.5,Bangkok,27.6,4.8,2021,7,July,True
2021-07-10,28.2,24.4,18.4,16.0,Bangkok,26.3,3.8,2021,7,July,True
2021-07-11,28.5,25.1,16.1,17.3,Bangkok,26.8,3.4,2021,7,July,True
2021-07-12,31.1,25.5,4.1,14.2,Bangkok,28.3,5.6,2021,7,July,True
2021-07-13,31.2,25.8,7.8,9.3,Bangkok,28.5,5.4,2021,7,July,True
2021-07-14,30.5,25.6,12.5,7.3,Bangkok,28.0,4.9,2021,7,July,True
2021-07-15,29.4,25.3,11.0,14.5,Bangkok,27.4,4.1,2021,7,July,True
2021-07-16,30.5,25.3,11.1,16.2,Bangkok,27.9,5.2,2021,7,July,True
2021-07-17,31.8,24.9,9.1,16.3,Bangkok,28.4,6.9,2021,7,July,True
2021-07-18,30.8,25.3,2.9,19.1,Bangkok,28.0,5.5,2021,7,July,True
2021-07-19,30.0,25.6,3.7,21.2,Bangkok,27.8,4.4,2021,7,July,True
2021-07-20,30.4,25.7,8.4,21.5,Bangkok,28.0,4.7,2021,7,July,True
2021-07-21,30.2,25.9,1.4,20.6,Bangkok,28.0,4.3,2021,7,July,True
2021-07-22,30.3,26.4,3.0,16.8,Bangkok,28.4,3.9,2021,7,July,True
2021-07-23,31.4,26.4,1.7,18.8,Bangkok,28.9,5.0,2021,7,July,True
2021-07-24,28.8,26.3,10.9,15.4,Bangkok,27.6,2.5,2021,7,July,True
2021-07-25,28.5,26.0,7.6,12.4,Bangkok,27.2,2.5,2021,7,July,True
2021-07-26,31.2,26.0,0.8,23.0,Bangkok,28.6,5.2,2021,7,July,True
2021-07-27,30.8,26.0,8.2,17.7,Bangkok,28.4,4.8,2021,7,July,True
2021-07-28,31.7,26.0,10.8,17.0,Bangkok,28.8,5.7,2021,7,July,True
2021-07-29,31.2,25.3,3.9,18.9,Bangkok,28.2,5.9,2021,7,July,True
2021-07-30,32.3,25.6,8.2,18.1,Bangkok,29.0,6.7,2021,7,July,True
2021-07-31,31.5,25.8,6.4,18.6,Bangkok,28.6,5.7,2021,7,July,True
2021-08-01,31.9,25.5,3.2,19.0,Bangkok,28.7,6.4,2021,8,August,True
2021-08-02,31.5,25.6,1.1,18.3,Bangkok,28.6,5.9,2021,8,August,True
2021-08-03,31.4,26.1,5.9,23.0,Bangkok,28.8,5.3,2021,8,August,True
2021-08-04,30.7,25.3,2.9,18.6,Bangkok,28.0,5.4,2021,8,August,True
2021-08-05,30.9,26.0,4.9,17.9,Bangkok,28.4,4.9,2021,8,August,True
2021-08-06,30.6,26.1,4.4,17.1,Bangkok,28.4,4.5,2021,8,August,True
2021-08-07,32.3,26.1,3.7,14.6,Bangkok,29.2,6.2,2021,8,August,True
2021-08-08,33.2,25.1,1.4,16.1,Bangkok,29.2,8.1,2021,8,August,True
2021-08-09,33.5,25.3,1.7,17.9,Bangkok,29.4,8.2,2021,8,August,True
2021-08-10,34.2,25.9,4.0,19.9,Bangkok,30.0,8.3,2021,8,August,True
2021-08-11,31.7,26.4,9.5,18.9,Bangkok,29.0,5.3,2021,8,August,True
2021-08-12,30.7,26.3,6.6,20.4,Bangkok,28.5,4.4,2021,8,August,True
2021-08-13,30.8,26.6,8.7,21.1,Bangkok,28.7,4.2,2021,8,August,True
2021-08-14,29.6,25.9,4.2,17.8,Bangkok,27.8,3.7,2021,8,August,True
2021-08-15,28.7,25.6,7.2,19.5,Bangkok,27.2,3.1,2021,8,August,True
2021-08-16,29.9,25.6,8.8,17.7,Bangkok,27.8,4.3,2021,8,August,True
2021-08-17,32.6,24.2,0.2,10.3,Bangkok,28.4,8.4,2021,8,August,True
2021-08-18,33.8,25.3,0.0,11.9,Bangkok,29.6,8.5,2021,8,August,False
2021-08-19,32.0,25.5,2.4,12.1,Bangkok,28.8,6.5,2021,8,August,True
2021-08-20,32.2,26.2,3.2,9.5,Bangkok,29.2,6.0,2021,8,August,True
2021-08-21,31.3,25.3,5.3,12.5,Bangkok,28.3,6.0,2021,8,August,True
2021-08-22,31.3,26.6,13.9,15.6,Bangkok,29.0,4.7,2021,8,August,True
2021-08-23,33.4,25.2,5.4,16.3,Bangkok,29.3,8.2,2021,8,August,True
2021-08-24,32.8,25.0,16.6,17.6,Bangkok,28.9,7.8,2021,8,August,True
2021-08-25,30.3,25.5,18.7,14.9,Bangkok,27.9,4.8,2021,8,August,True
2021-08-26,29.8,25.1,13.5,15.6,Bangkok,27.4,4.7,2021,8,August,True
2021-08-27,28.6,24.3,15.4,12.4,Bangkok,26.4,4.3,2021,8,August,True
2021-08-28,28.5,24.7,4.9,15.5,Bangkok,26.6,3.8,2021,8,August,True
2021-08-29,29.0,24.6,8.5,11.9,Bangkok,26.8,4.4,2021,8,August,True
2021-08-30,30.2,24.9,8.4,8.0,Bangkok,27.6,5.3,2021,8,August,True
2021-08-31,30.7,25.0,21.5,8.2,Bangkok,27.8,5.7,2021,8,August,True
2021-09-01,29.4,24.7,10.0,7.2,Bangkok,27.0,4.7,2021,9,September,True
2021-09-02,30.3,24.7,10.8,12.5,Bangkok,27.5,5.6,2021,9,September,True
2021-09-03,29.7,24.8,5.0,20.1,Bangkok,27.2,4.9,2021,9,September,True
2021-09-04,30.4,25.0,4.5,18.1,Bangkok,27.7,5.4,2021,9,September,True
2021-09-05,28.9,24.9,10.2,10.0,Bangkok,26.9,4.0,2021,9,September,True
2021-09-06,31.2,24.8,0.8,9.4,Bangkok,28.0,6.4,2021,9,September,True
2021-09-07,30.1,25.2,19.5,16.1,Bangkok,27.6,4.9,2021,9,September,True
2021-09-08,29.2,24.6,22.4,13.0,Bangkok,26.9,4.6,2021,9,September,True
2021-09-09,29.3,24.8,16.0,20.2,Bangkok,27.0,4.5,2021,9,September,True
2021-09-10,29.0,24.6,9.3,13.3,Bangkok,26.8,4.4,2021,9,September,True
2021-09-11,29.6,24.8,6.1,16.8,Bangkok,27.2,4.8,2021,9,September,True
2021-09-12,30.6,25.2,0.1,19.1,Bangkok,27.9,5.4,2021,9,September,True
2021-09-13,32.2,25.2,0.7,18.3,Bangkok,28.7,7.0,2021,9,September,True
2021-09-14,31.1,25.8,10.9,17.1,Bangkok,28.4,5.3,2021,9,September,True
2021-09-15,28.9,25.2,16.4,15.5,Bangkok,27.0,3.7,2021,9,September,True
2021-09-16,28.8,25.0,7.7,17.7,Bangkok,26.9,3.8,2021,9,September,True
2021-09-17,31.0,25.5,0.2,15.1,Bangkok,28.2,5.5,2021,9,September,True
2021-09-18,31.4,24.4,1.5,9.9,Bangkok,27.9,7.0,2021,9,September,True
2021-09-19,30.7,24.9,1.6,8.5,Bangkok,27.8,5.8,2021,9,September,True
2021-09-20,28.3,25.3,22.9,9.4,Bangkok,26.8,3.0,2021,9,September,True
2021-09-21,28.5,24.5,33.1,16.5,Bangkok,26.5,4.0,2021,9,September,True
2021-09-22,29.2,24.6,18.4,14.5,Bangkok,26.9,4.6,2021,9,September,True
2021-09-23,30.6,24.3,25.4,10.7,Bangkok,27.4,6.3,2021,9,September,True
2021-09-24,30.6,24.8,10.1,16.4,Bangkok,27.7,5.8,2021,9,September,True
2021-09-25,29.0,25.0,14.9,11.7,Bangkok,27.0,4.0,2021,9,September,True
2021-09-26,26.6,24.3,26.4,14.0,Bangkok,25.5,2.3,2021,9,September,True
2021-09-27,30.3,24.1,16.5,8.6,Bangkok,27.2,6.2,2021,9,September,True
2021-09-28,31.3,23.9,8.7,9.9,Bangkok,27.6,7.4,2021,9,September,True
2021-09-29,32.6,24.8,2.5,8.0,Bangkok,28.7,7.8,2021,9,September,True
2021-09-30,31.3,25.7,3.5,9.8,Bangkok,28.5,5.6,2021,9,September,True
2021-10-01,31.3,26.4,0.7,14.8,Bangkok,28.8,4.9,2021,10,October,True
2021-10-02,30.9,26.1,2.0,14.0,Bangkok,28.5,4.8,2021,10,October,True
2021-10-03,31.5,24.5,12.5,7.1,Bangkok,28.0,7.0,2021,10,October,True
2021-10-04,32.3,24.4,1.7,10.4,Bangkok,28.4,7.9,2021,10,October,True
2021-10-05,32.1,24.1,0.6,13.7,Bangkok,28.1,8.0,2021,10,October,True
2021-10-06,31.1,24.4,33.0,11.2,Bangkok,27.8,6.7,2021,10,October,True
2021-10-07,30.3,24.5,5.7,9.2,Bangkok,27.4,5.8,2021,10,October,True
2021-10-08,29.6,25.2,0.0,10.8,Bangkok,27.4,4.4,2021,10,October,False
2021-10-09,30.8,25.7,1.0,11.4,Bangkok,28.2,5.1,2021,10,October,True
2021-10-10,31.2,25.5,0.9,14.6,Bangkok,28.4,5.7,2021,10,October,True
2021-10-11,30.9,26.3,4.2,13.2,Bangkok,28.6,4.6,2021,10,October,True
2021-10-12,30.1,25.5,17.1,14.8,Bangkok,27.8,4.6,2021,10,October,True
2021-10-13,30.8,24.4,3.0,13.3,Bangkok,27.6,6.4,2021,10,October,True
2021-10-14,30.8,24.8,17.3,13.8,Bangkok,27.8,6.0,2021,10,October,True
2021-10-15,29.2,24.2,21.0,16.7,Bangkok,26.7,5.0,2021,10,October,True
2021-10-16,30.7,24.5,13.8,16.6,Bangkok,27.6,6.2,2021,10,October,True
2021-10-17,25.5,23.3,55.9,11.3,Bangkok,24.4,2.2,2021,10,October,True
2021-10-18,27.0,22.7,8.1,17.3,Bangkok,24.8,4.3,2021,10,October,True
2021-10-19,30.4,22.1,1.1,7.9,Bangkok,26.2,8.3,2021,10,October,True
2021-10-20,31.2,24.2,1.3,8.0,Bangkok,27.7,7.0,2021,10,October,True
2021-10-21,31.7,24.2,9.5,9.2,Bangkok,28.0,7.5,2021,10,October,True
2021-10-22,30.9,24.7,19.3,11.5,Bangkok,27.8,6.2,2021,10,October,True
2021-10-23,29.4,23.6,24.6,22.4,Bangkok,26.5,5.8,2021,10,October,True
2021-10-24,30.5,23.2,9.7,18.5,Bangkok,26.8,7.3,2021,10,October,True
2021-10-25,30.6,22.7,1.3,13.2,Bangkok,26.6,7.9,2021,10,October,True
2021-10-26,31.0,23.5,0.3,11.6,Bangkok,27.2,7.5,2021,10,October,True
2021-10-27,31.4,23.1,0.0,12.3,Bangkok,27.2,8.3,2021,10,October,False
2021-10-28,28.7,24.7,7.7,15.8,Bangkok,26.7,4.0,2021,10,October,True
2021-10-29,31.0,24.1,13.2,14.1,Bangkok,27.6,6.9,2021,10,October,True
2021-10-30,31.8,24.3,1.4,10.5,Bangkok,28.0,7.5,2021,10,October,True
2021-10-31,29.5,24.4,1.4,9.1,Bangkok,27.0,5.1,2021,10,October,True
2021-11-01,30.8,24.1,7.4,12.2,Bangkok,27.4,6.7,2021,11,November,True
2021-11-02,30.6,24.2,5.9,13.8,Bangkok,27.4,6.4,2021,11,November,True
2021-11-03,31.4,23.2,0.5,11.3,Bangkok,27.3,8.2,2021,11,November,True
2021-11-04,31.6,24.2,0.2,9.1,Bangkok,27.9,7.4,2021,11,November,True
2021-11-05,32.0,24.6,0.2,8.7,Bangkok,28.3,7.4,2021,11,November,True
2021-11-06,31.2,25.3,11.8,15.1,Bangkok,28.2,5.9,2021,11,November,True
2021-11-07,31.7,24.8,6.2,9.8,Bangkok,28.2,6.9,2021,11,November,True
2021-11-08,30.5,24.9,10.2,15.8,Bangkok,27.7,5.6,2021,11,November,True
2021-11-09,30.4,24.1,0.2,19.3,Bangkok,27.2,6.3,2021,11,November,True
2021-11-10,30.1,23.3,0.0,10.7,Bangkok,26.7,6.8,2021,11,November,False
2021-11-11,30.1,22.8,0.0,9.9,Bangkok,26.4,7.3,2021,11,November,False
2021-11-12,29.8,24.2,6.4,11.0,Bangkok,27.0,5.6,2021,11,November,True
2021-11-13,27.8,23.4,8.0,10.8,Bangkok,25.6,4.4,2021,11,November,True
2021-11-14,29.1,23.1,0.2,14.2,Bangkok,26.1,6.0,2021,11,November,True
2021-11-15,31.1,23.1,0.3,14.9,Bangkok,27.1,8.0,2021,11,November,True
2021-11-16,30.8,23.9,9.4,17.8,Bangkok,27.4,6.9,2021,11,November,True
2021-11-17,31.6,24.3,5.7,12.8,Bangkok,28.0,7.3,2021,11,November,True
2021-11-18,30.2,24.4,8.3,21.4,Bangkok,27.3,5.8,2021,11,November,True
2021-11-19,31.6,24.2,0.7,11.5,Bangkok,27.9,7.4,2021,11,November,True
2021-11-20,31.9,24.5,0.5,7.6,Bangkok,28.2,7.4,2021,11,November,True
2021-11-21,32.2,25.2,8.6,9.5,Bangkok,28.7,7.0,2021,11,November,True
2021-11-22,32.2,24.8,12.3,10.1,Bangkok,28.5,7.4,2021,11,November,True
2021-11-23,28.7,24.1,17.1,21.4,Bangkok,26.4,4.6,2021,11,November,True
2021-11-24,29.6,23.0,0.1,17.1,Bangkok,26.3,6.6,2021,11,November,True
2021-11-25,30.7,22.4,0.0,10.3,Bangkok,26.6,8.3,2021,11,November,False
2021-11-26,30.7,22.5,0.0,13.0,Bangkok,26.6,8.2,2021,11,November,False
2021-11-27,30.1,21.2,0.0,14.2,Bangkok,25.6,8.9,2021,11,November,False
2021-11-28,30.1,20.9,0.0,15.5,Bangkok,25.5,9.2,2021,11,November,False
2021-11-29,31.1,24.2,1.1,20.1,Bangkok,27.6,6.9,2021,11,November,True
2021-11-30,28.2,23.3,0.6,17.3,Bangkok,25.8,4.9,2021,11,November,True
2021-12-01,29.3,22.1,0.1,13.8,Bangkok,25.7,7.2,2021,12,December,True
2021-12-02,30.5,20.5,0.0,14.6,Bangkok,25.5,10.0,2021,12,December,False
2021-12-03,29.3,20.1,0.0,13.8,Bangkok,24.7,9.2,2021,12,December,False
2021-12-04,27.4,17.8,0.0,11.5,Bangkok,22.6,9.6,2021,12,December,False
2021-12-05,27.1,17.9,0.0,14.0,Bangkok,22.5,9.2,2021,12,December,False
2021-12-06,30.1,18.5,0.0,14.2,Bangkok,24.3,11.6,2021,12,December,False
2021-12-07,29.5,19.2,0.0,11.6,Bangkok,24.4,10.3,2021,12,December,False
2021-12-08,29.6,19.0,0.0,14.0,Bangkok,24.3,10.6,2021,12,December,False
2021-12-09,30.8,21.2,0.0,11.9,Bangkok,26.0,9.6,2021,12,December,False
2021-12-10,31.1,22.4,0.0,10.2,Bangkok,26.8,8.7,2021,12,December,False
2021-12-11,32.0,22.1,0.0,12.7,Bangkok,27.0,9.9,2021,12,December,False
2021-12-12,31.4,20.9,0.0,14.2,Bangkok,26.2,10.5,2021,12,December,False
2021-12-13,31.0,21.1,0.0,15.8,Bangkok,26.0,9.9,2021,12,December,False
2021-12-14,30.2,21.0,0.0,10.8,Bangkok,25.6,9.2,2021,12,December,False
2021-12-15,31.4,21.0,0.0,10.5,Bangkok,26.2,10.4,2021,12,December,False
2021-12-16,32.4,21.8,0.0,12.2,Bangkok,27.1,10.6,2021,12,December,False
2021-12-17,34.0,23.2,0.0,14.1,Bangkok,28.6,10.8,2021,12,December,False
2021-12-18,31.8,24.8,0.0,14.2,Bangkok,28.3,7.0,2021,12,December,False
2021-12-19,27.8,21.9,0.0,10.7,Bangkok,24.8,5.9,2021,12,December,False
2021-12-20,29.4,18.9,0.0,14.0,Bangkok,24.2,10.5,2021,12,December,False
2021-12-21,29.9,19.6,0.0,10.6,Bangkok,24.8,10.3,2021,12,December,False
2021-12-22,31.3,19.9,0.0,9.9,Bangkok,25.6,11.4,2021,12,December,False
2021-12-23,31.5,21.0,0.0,10.1,Bangkok,26.2,10.5,2021,12,December,False
2021-12-24,31.9,22.7,0.4,13.0,Bangkok,27.3,9.2,2021,12,December,True
2021-12-25,30.4,22.7,7.1,12.3,Bangkok,26.6,7.7,2021,12,December,True
2021-12-26,30.6,21.2,1.1,11.5,Bangkok,25.9,9.4,2021,12,December,True
2021-12-27,31.3,23.1,0.8,12.4,Bangkok,27.2,8.2,2021,12,December,True
2021-12-28,31.7,22.3,0.0,15.7,Bangkok,27.0,9.4,2021,12,December,False
2021-12-29,32.3,22.5,0.0,17.5,Bangkok,27.4,9.8,2021,12,December,False
2021-12-30,31.7,23.2,0.0,14.0,Bangkok,27.4,8.5,2021,12,December,False
2021-12-31,31.7,21.8,0.0,15.9,Bangkok,26.8,9.9,2021,12,December,False
2022-01-01,30.0,20.4,0.0,10.4,Bangkok,25.2,9.6,2022,1,January,False
2022-01-02,30.7,20.7,0.0,13.5,Bangkok,25.7,10.0,2022,1,January,False
2022-01-03,31.4,21.4,0.0,12.0,Bangkok,26.4,10.0,2022,1,January,False
2022-01-04,31.3,21.7,0.0,10.5,Bangkok,26.5,9.6,2022,1,January,False
2022-01-05,32.3,21.4,0.0,8.9,Bangkok,26.8,10.9,2022,1,January,False
2022-01-06,32.3,21.4,0.0,9.8,Bangkok,26.8,10.9,2022,1,January,False
2022-01-07,32.9,21.7,0.0,12.5,Bangkok,27.3,11.2,2022,1,January,False
2022-01-08,32.9,22.4,0.0,10.2,Bangkok,27.6,10.5,2022,1,January,False
2022-01-09,33.1,21.3,0.0,12.5,Bangkok,27.2,11.8,2022,1,January,False
2022-01-10,32.9,21.1,0.0,9.0,Bangkok,27.0,11.8,2022,1,January,False
2022-01-11,33.9,21.7,0.0,12.8,Bangkok,27.8,12.2,2022,1,January,False
2022-01-12,33.3,23.5,0.1,12.0,Bangkok,28.4,9.8,2022,1,January,True
2022-01-13,33.1,22.8,0.0,12.5,Bangkok,28.0,10.3,2022,1,January,False
2022-01-14,32.8,23.1,0.0,12.1,Bangkok,28.0,9.7,2022,1,January,False
2022-01-15,32.8,22.0,0.0,10.8,Bangkok,27.4,10.8,2022,1,January,False
2022-01-16,32.8,22.4,0.0,13.7,Bangkok,27.6,10.4,2022,1,January,False
2022-01-17,32.8,22.0,0.1,9.2,Bangkok,27.4,10.8,2022,1,January,True
2022-01-18,33.0,22.8,0.0,14.1,Bangkok,27.9,10.2,2022,1,January,False
2022-01-19,32.3,22.3,0.0,17.5,Bangkok,27.3,10.0,2022,1,January,False
2022-01-20,32.6,22.3,0.0,15.0,Bangkok,27.4,10.3,2022,1,January,False
2022-01-21,28.6,22.3,31.9,15.7,Bangkok,25.5,6.3,2022,1,January,True
2022-01-22,28.4,22.6,1.2,16.3,Bangkok,25.5,5.8,2022,1,January,True
2022-01-23,31.2,22.1,0.2,13.3,Bangkok,26.6,9.1,2022,1,January,True
2022-01-24,31.5,22.2,0.1,11.0,Bangkok,26.8,9.3,2022,1,January,True
2022-01-25,32.2,21.1,0.0,11.2,Bangkok,26.6,11.1,2022,1,January,False
2022-01-26,31.8,21.9,0.1,10.5,Bangkok,26.8,9.9,2022,1,January,True
2022-01-27,32.7,24.0,1.1,10.7,Bangkok,28.4,8.7,2022,1,January,True
2022-01-28,32.4,24.2,0.3,11.9,Bangkok,28.3,8.2,2022,1,January,True
2022-01-29,34.6,24.8,0.0,16.5,Bangkok,29.7,9.8,2022,1,January,False
2022-01-30,34.5,23.6,0.0,15.7,Bangkok,29.0,10.9,2022,1,January,False
2022-01-31,32.6,24.1,0.2,17.1,Bangkok,28.4,8.5,2022,1,January,True
2022-02-01,31.9,25.4,0.3,19.5,Bangkok,28.6,6.5,2022,2,February,True
2022-02-02,30.9,23.9,2.7,17.2,Bangkok,27.4,7.0,2022,2,February,True
2022-02-03,31.9,24.4,0.2,12.8,Bangkok,28.2,7.5,2022,2,February,True
2022-02-04,32.5,23.0,1.6,15.8,Bangkok,27.8,9.5,2022,2,February,True
2022-02-05,32.5,23.5,0.8,15.5,Bangkok,28.0,9.0,2022,2,February,True
2022-02-06,33.0,22.9,0.0,12.9,Bangkok,28.0,10.1,2022,2,February,False
2022-02-07,33.9,23.5,0.0,13.4,Bangkok,28.7,10.4,2022,2,February,False
2022-02-08,34.4,24.5,0.0,13.7,Bangkok,29.4,9.9,2022,2,February,False
2022-02-09,32.9,25.3,1.3,12.8,Bangkok,29.1,7.6,2022,2,February,True
2022-02-10,33.0,23.5,8.4,18.7,Bangkok,28.2,9.5,2022,2,February,True
2022-02-11,32.1,25.1,12.1,12.0,Bangkok,28.6,7.0,2022,2,February,True
2022-02-12,29.8,24.1,4.3,10.0,Bangkok,27.0,5.7,2022,2,February,True
2022-02-13,31.3,24.5,1.0,11.2,Bangkok,27.9,6.8,2022,2,February,True
2022-02-14,30.7,23.3,3.9,12.9,Bangkok,27.0,7.4,2022,2,February,True
2022-02-15,28.0,24.1,11.8,13.7,Bangkok,26.0,3.9,2022,2,February,True
2022-02-16,28.5,23.2,17.2,13.8,Bangkok,25.8,5.3,2022,2,February,True
2022-02-17,28.4,23.5,7.0,16.2,Bangkok,26.0,4.9,2022,2,February,True
2022-02-18,29.4,23.7,7.9,14.5,Bangkok,26.6,5.7,2022,2,February,True
2022-02-19,30.0,23.5,15.9,21.0,Bangkok,26.8,6.5,2022,2,February,True
2022-02-20,30.7,24.9,2.0,19.2,Bangkok,27.8,5.8,2022,2,February,True
2022-02-21,28.7,23.5,2.0,16.6,Bangkok,26.1,5.2,2022,2,February,True
2022-02-22,28.9,21.0,0.0,13.7,Bangkok,25.0,7.9,2022,2,February,False
2022-02-23,29.9,22.0,0.0,10.6,Bangkok,26.0,7.9,2022,2,February,False
2022-02-24,29.0,20.4,0.0,13.6,Bangkok,24.7,8.6,2022,2,February,False
2022-02-25,29.9,20.0,0.0,12.6,Bangkok,25.0,9.9,2022,2,February,False
2022-02-26,30.7,20.1,0.0,12.8,Bangkok,25.4,10.6,2022,2,February,False
2022-02-27,32.5,20.6,0.0,15.9,Bangkok,26.6,11.9,2022,2,February,False
2022-02-28,33.8,21.9,0.0,8.5,Bangkok,27.8,11.9,2022,2,February,False
2022-03-01,32.7,24.9,0.7,11.3,Bangkok,28.8,7.8,2022,3,March,True
2022-03-02,31.8,25.4,1.9,11.3,Bangkok,28.6,6.4,2022,3,March,True
2022-03-03,32.8,25.4,0.4,13.4,Bangkok,29.1,7.4,2022,3,March,True
2022-03-04,33.8,24.9,0.0,15.0,Bangkok,29.4,8.9,2022,3,March,False
2022-03-05,33.7,26.4,0.2,14.8,Bangkok,30.0,7.3,2022,3,March,True
2022-03-06,33.3,26.7,0.0,18.9,Bangkok,30.0,6.6,2022,3,March,False
2022-03-07,32.6,24.5,20.4,17.8,Bangkok,28.6,8.1,2022,3,March,True
2022-03-08,30.2,24.1,4.8,14.1,Bangkok,27.2,6.1,2022,3,March,True
2022-03-09,32.1,23.5,0.0,10.0,Bangkok,27.8,8.6,2022,3,March,False
2022-03-10,31.6,25.1,0.8,13.1,Bangkok,28.4,6.5,2022,3,March,True
2022-03-11,31.8,25.7,1.1,12.8,Bangkok,28.8,6.1,2022,3,March,True
2022-03-12,33.2,26.1,0.2,11.2,Bangkok,29.6,7.1,2022,3,March,True
2022-03-13,32.9,26.1,0.1,13.4,Bangkok,29.5,6.8,2022,3,March,True
2022-03-14,32.9,26.8,0.0,21.2,Bangkok,29.8,6.1,2022,3,March,False
2022-03-15,34.2,25.9,0.0,19.8,Bangkok,30.0,8.3,2022,3,March,False
2022-03-16,32.6,26.9,1.3,18.8,Bangkok,29.8,5.7,2022,3,March,True
2022-03-17,33.5,26.5,0.0,18.3,Bangkok,30.0,7.0,2022,3,March,False
2022-03-18,32.7,25.3,13.4,16.4,Bangkok,29.0,7.4,2022,3,March,True
2022-03-19,32.6,24.1,0.0,12.7,Bangkok,28.4,8.5,2022,3,March,False
2022-03-20,31.9,24.9,5.0,15.6,Bangkok,28.4,7.0,2022,3,March,True
2022-03-21,30.3,25.0,9.4,21.7,Bangkok,27.6,5.3,2022,3,March,True
2022-03-22,30.3,24.8,8.7,21.7,Bangkok,27.6,5.5,2022,3,March,True
2022-03-23,29.4,25.0,4.0,14.4,Bangkok,27.2,4.4,2022,3,March,True
2022-03-24,30.5,25.9,4.2,13.2,Bangkok,28.2,4.6,2022,3,March,True
2022-03-25,30.8,25.0,6.5,12.5,Bangkok,27.9,5.8,2022,3,March,True
2022-03-26,32.2,26.2,0.0,13.1,Bangkok,29.2,6.0,2022,3,March,False
2022-03-27,33.3,26.5,0.9,15.1,Bangkok,29.9,6.8,2022,3,March,True
2022-03-28,32.5,25.5,2.9,16.9,Bangkok,29.0,7.0,2022,3,March,True
2022-03-29,31.3,24.6,6.5,10.8,Bangkok,28.0,6.7,2022,3,March,True
2022-03-30,31.8,24.5,7.1,11.1,Bangkok,28.2,7.3,2022,3,March,True
2022-03-31,32.9,25.3,11.4,13.7,Bangkok,29.1,7.6,2022,3,March,True
2022-04-01,32.4,24.4,0.2,16.9,Bangkok,28.4,8.0,2022,4,April,True
2022-04-02,27.7,22.2,0.0,20.2,Bangkok,25.0,5.5,2022,4,April,False
2022-04-03,25.2,19.6,0.6,17.8,Bangkok,22.4,5.6,2022,4,April,True
2022-04-04,30.9,21.1,0.0,13.8,Bangkok,26.0,9.8,2022,4,April,False
2022-04-05,32.1,21.7,0.0,10.7,Bangkok,26.9,10.4,2022,4,April,False
2022-04-06,34.7,23.7,0.0,13.2,Bangkok,29.2,11.0,2022,4,April,False
2022-04-07,34.6,25.1,0.0,17.2,Bangkok,29.8,9.5,2022,4,April,False
2022-04-08,34.2,24.1,0.0,15.0,Bangkok,29.2,10.1,2022,4,April,False
2022-04-09,35.4,23.9,0.0,13.2,Bangkok,29.6,11.5,2022,4,April,False
2022-04-10,34.9,25.0,0.0,12.3,Bangkok,30.0,9.9,2022,4,April,False
2022-04-11,33.8,25.8,1.9,15.1,Bangkok,29.8,8.0,2022,4,April,True
2022-04-12,34.5,27.5,0.9,15.1,Bangkok,31.0,7.0,2022,4,April,True
2022-04-13,35.8,27.2,0.5,18.2,Bangkok,31.5,8.6,2022,4,April,True
2022-04-14,37.5,26.9,0.0,13.1,Bangkok,32.2,10.6,2022,4,April,False
2022-04-15,37.2,26.4,0.0,14.7,Bangkok,31.8,10.8,2022,4,April,False
2022-04-16,37.0,26.9,0.0,18.0,Bangkok,32.0,10.1,2022,4,April,False
2022-04-17,33.0,28.0,2.7,16.2,Bangkok,30.5,5.0,2022,4,April,True
2022-04-18,30.6,24.9,32.8,9.8,Bangkok,27.8,5.7,2022,4,April,True
2022-04-19,30.1,24.6,12.2,11.9,Bangkok,27.4,5.5,2022,4,April,True
2022-04-20,32.0,24.6,5.5,8.6,Bangkok,28.3,7.4,2022,4,April,True
2022-04-21,31.1,25.7,4.0,13.8,Bangkok,28.4,5.4,2022,4,April,True
2022-04-22,31.5,26.3,11.3,16.0,Bangkok,28.9,5.2,2022,4,April,True
2022-04-23,32.7,26.6,0.5,16.6,Bangkok,29.6,6.1,2022,4,April,True
2022-04-24,33.7,26.7,0.3,16.6,Bangkok,30.2,7.0,2022,4,April,True
2022-04-25,32.6,27.2,0.3,18.9,Bangkok,29.9,5.4,2022,4,April,True
2022-04-26,33.1,28.0,1.1,17.7,Bangkok,30.6,5.1,2022,4,April,True
2022-04-27,35.7,27.0,0.0,14.5,Bangkok,31.4,8.7,2022,4,April,False
2022-04-28,35.2,27.3,5.0,19.1,Bangkok,31.2,7.9,2022,4,April,True
2022-04-29,33.1,24.7,2.3,11.1,Bangkok,28.9,8.4,2022,4,April,True
2022-04-30,32.5,25.9,3.0,10.7,Bangkok,29.2,6.6,2022,4,April,True
2022-05-01,32.1,25.2,4.9,12.3,Bangkok,28.6,6.9,2022,5,May,True
2022-05-02,29.3,23.6,44.7,19.0,Bangkok,26.4,5.7,2022,5,May,True
2022-05-03,26.7,22.0,0.0,11.5,Bangkok,24.4,4.7,2022,5,May,False
2022-05-04,27.7,21.2,0.0,11.1,Bangkok,24.4,6.5,2022,5,May,False
2022-05-05,31.5,23.0,0.0,9.9,Bangkok,27.2,8.5,2022,5,May,False
2022-05-06,32.4,24.7,14.8,16.3,Bangkok,28.6,7.7,2022,5,May,True
2022-05-07,32.3,24.7,4.3,14.9,Bangkok,28.5,7.6,2022,5,May,True
2022-05-08,31.5,24.1,6.2,14.8,Bangkok,27.8,7.4,2022,5,May,True
2022-05-09,31.4,24.2,8.7,17.2,Bangkok,27.8,7.2,2022,5,May,True
2022-05-10,30.0,23.7,4.7,16.6,Bangkok,26.8,6.3,2022,5,May,True
2022-05-11,29.7,25.6,4.5,13.6,Bangkok,27.6,4.1,2022,5,May,True
2022-05-12,31.3,25.5,7.0,17.1,Bangkok,28.4,5.8,2022,5,May,True
2022-05-13,32.8,25.9,0.3,14.4,Bangkok,29.4,6.9,2022,5,May,True
2022-05-14,32.3,26.1,5.6,10.5,Bangkok,29.2,6.2,2022,5,May,True
2022-05-15,32.8,27.5,4.6,13.1,Bangkok,30.2,5.3,2022,5,May,True
2022-05-16,33.3,25.6,15.3,16.8,Bangkok,29.4,7.7,2022,5,May,True
2022-05-17,30.3,24.5,21.9,13.4,Bangkok,27.4,5.8,2022,5,May,True
2022-05-18,29.9,24.2,22.8,15.3,Bangkok,27.0,5.7,2022,5,May,True
2022-05-19,30.7,24.4,20.2,18.7,Bangkok,27.6,6.3,2022,5,May,True
2022-05-20,31.0,26.1,9.0,23.3,Bangkok,28.6,4.9,2022,5,May,True
2022-05-21,29.8,26.0,8.5,22.9,Bangkok,27.9,3.8,2022,5,May,True
2022-05-22,29.3,25.1,8.4,17.1,Bangkok,27.2,4.2,2022,5,May,True
2022-05-23,31.1,25.0,1.5,20.0,Bangkok,28.0,6.1,2022,5,May,True
2022-05-24,30.6,25.6,9.1,19.9,Bangkok,28.1,5.0,2022,5,May,True
2022-05-25,31.9,25.1,2.5,16.2,Bangkok,28.5,6.8,2022,5,May,True
2022-05-26,31.4,25.0,0.7,17.3,Bangkok,28.2,6.4,2022,5,May,True
2022-05-27,32.1,25.9,8.2,22.7,Bangkok,29.0,6.2,2022,5,May,True
2022-05-28,32.4,24.7,3.8,21.1,Bangkok,28.6,7.7,2022,5,May,True
2022-05-29,32.3,25.4,5.0,16.0,Bangkok,28.8,6.9,2022,5,May,True
2022-05-30,32.0,24.7,3.2,17.6,Bangkok,28.4,7.3,2022,5,May,True
2022-05-31,32.4,25.2,7.0,14.0,Bangkok,28.8,7.2,2022,5,May,True
2022-06-01,32.6,25.4,1.5,17.8,Bangkok,29.0,7.2,2022,6,June,True
2022-06-02,32.4,25.7,3.6,20.2,Bangkok,29.0,6.7,2022,6,June,True
2022-06-03,31.6,26.6,12.1,17.7,Bangkok,29.1,5.0,2022,6,June,True
2022-06-04,30.6,26.3,1.9,19.7,Bangkok,28.4,4.3,2022,6,June,True
2022-06-05,31.1,25.1,0.4,13.4,Bangkok,28.1,6.0,2022,6,June,True
2022-06-06,31.9,25.0,0.2,16.1,Bangkok,28.4,6.9,2022,6,June,True
2022-06-07,32.1,25.2,0.9,18.2,Bangkok,28.6,6.9,2022,6,June,True
2022-06-08,32.8,25.1,0.5,14.8,Bangkok,29.0,7.7,2022,6,June,True
2022-06-09,32.7,25.1,5.5,16.1,Bangkok,28.9,7.6,2022,6,June,True
2022-06-10,33.1,25.1,0.3,14.7,Bangkok,29.1,8.0,2022,6,June,True
2022-06-11,34.1,25.3,2.0,13.9,Bangkok,29.7,8.8,2022,6,June,True
2022-06-12,34.6,25.6,0.4,15.5,Bangkok,30.1,9.0,2022,6,June,True
2022-06-13,34.2,25.0,13.5,13.1,Bangkok,29.6,9.2,2022,6,June,True
2022-06-14,33.2,27.1,1.5,14.4,Bangkok,30.2,6.1,2022,6,June,True
2022-06-15,32.0,26.7,4.2,18.1,Bangkok,29.4,5.3,2022,6,June,True
2022-06-16,31.8,27.0,2.1,14.5,Bangkok,29.4,4.8,2022,6,June,True
2022-06-17,34.7,26.6,0.2,13.6,Bangkok,30.6,8.1,2022,6,June,True
2022-06-18,34.7,26.5,0.4,12.1,Bangkok,30.6,8.2,2022,6,June,True
2022-06-19,36.5,25.9,1.5,14.8,Bangkok,31.2,10.6,2022,6,June,True
2022-06-20,36.5,25.3,1.2,21.8,Bangkok,30.9,11.2,2022,6,June,True
2022-06-21,34.0,25.6,19.7,18.4,Bangkok,29.8,8.4,2022,6,June,True
2022-06-22,33.4,26.0,3.5,16.2,Bangkok,29.7,7.4,2022,6,June,True
2022-06-23,33.7,25.4,2.5,17.7,Bangkok,29.6,8.3,2022,6,June,True
2022-06-24,31.7,25.2,25.8,14.7,Bangkok,28.4,6.5,2022,6,June,True
2022-06-25,31.4,24.8,4.6,12.7,Bangkok,28.1,6.6,2022,6,June,True
2022-06-26,31.1,25.0,6.6,17.8,Bangkok,28.0,6.1,2022,6,June,True
2022-06-27,30.6,26.1,5.9,16.0,Bangkok,28.4,4.5,2022,6,June,True
2022-06-28,33.7,25.2,6.0,11.9,Bangkok,29.4,8.5,2022,6,June,True
2022-06-29,33.5,25.5,1.7,16.9,Bangkok,29.5,8.0,2022,6,June,True
2022-06-30,34.3,25.7,11.7,21.1,Bangkok,30.0,8.6,2022,6,June,True
2022-07-01,32.7,26.0,7.2,16.8,Bangkok,29.4,6.7,2022,7,July,True
2022-07-02,30.6,25.9,7.1,15.9,Bangkok,28.2,4.7,2022,7,July,True
2022-07-03,31.4,25.9,3.1,17.3,Bangkok,28.6,5.5,2022,7,July,True
2022-07-04,32.3,26.5,5.7,22.2,Bangkok,29.4,5.8,2022,7,July,True
2022-07-05,31.7,26.0,1.5,16.9,Bangkok,28.8,5.7,2022,7,July,True
2022-07-06,33.3,25.5,2.3,16.2,Bangkok,29.4,7.8,2022,7,July,True
2022-07-07,32.0,25.9,3.3,20.0,Bangkok,29.0,6.1,2022,7,July,True
2022-07-08,33.2,25.9,13.6,22.2,Bangkok,29.6,7.3,2022,7,July,True
2022-07-09,31.0,25.8,13.6,20.4,Bangkok,28.4,5.2,2022,7,July,True
2022-07-10,29.5,25.7,3.4,20.7,Bangkok,27.6,3.8,2022,7,July,True
2022-07-11,29.9,25.2,0.8,14.6,Bangkok,27.6,4.7,2022,7,July,True
2022-07-12,30.2,25.7,3.1,18.9,Bangkok,28.0,4.5,2022,7,July,True
2022-07-13,27.9,24.8,7.0,14.5,Bangkok,26.4,3.1,2022,7,July,True
2022-07-14,32.3,25.1,2.3,18.3,Bangkok,28.7,7.2,2022,7,July,True
2022-07-15,30.5,24.7,8.9,11.8,Bangkok,27.6,5.8,2022,7,July,True
2022-07-16,31.5,24.8,2.5,19.8,Bangkok,28.2,6.7,2022,7,July,True
2022-07-17,31.3,25.2,4.7,14.9,Bangkok,28.2,6.1,2022,7,July,True
2022-07-18,33.0,25.2,7.3,15.5,Bangkok,29.1,7.8,2022,7,July,True
2022-07-19,34.7,25.7,0.8,19.2,Bangkok,30.2,9.0,2022,7,July,True
2022-07-20,32.8,25.9,13.1,16.6,Bangkok,29.4,6.9,2022,7,July,True
2022-07-21,28.6,24.8,34.9,15.6,Bangkok,26.7,3.8,2022,7,July,True
2022-07-22,30.3,25.4,3.6,16.4,Bangkok,27.8,4.9,2022,7,July,True
2022-07-23,30.6,25.3,5.7,18.2,Bangkok,28.0,5.3,2022,7,July,True
2022-07-24,31.2,24.1,22.3,10.0,Bangkok,27.6,7.1,2022,7,July,True
2022-07-25,31.5,24.7,6.8,12.4,Bangkok,28.1,6.8,2022,7,July,True
2022-07-26,32.5,25.5,1.0,10.0,Bangkok,29.0,7.0,2022,7,July,True
2022-07-27,31.8,26.6,3.2,11.3,Bangkok,29.2,5.2,2022,7,July,True
2022-07-28,30.9,25.6,2.6,12.3,Bangkok,28.2,5.3,2022,7,July,True
2022-07-29,31.9,26.8,0.6,14.4,Bangkok,29.4,5.1,2022,7,July,True
2022-07-30,33.0,25.4,4.4,15.6,Bangkok,29.2,7.6,2022,7,July,True
2022-07-31,32.6,25.9,13.0,13.5,Bangkok,29.2,6.7,2022,7,July,True
2022-08-01,29.4,25.2,33.9,16.2,Bangkok,27.3,4.2,2022,8,August,True
2022-08-02,28.1,24.8,9.4,18.0,Bangkok,26.4,3.3,2022,8,August,True
2022-08-03,30.0,25.9,2.9,21.0,Bangkok,28.0,4.1,2022,8,August,True
2022-08-04,31.8,25.6,8.6,13.7,Bangkok,28.7,6.2,2022,8,August,True
2022-08-05,29.9,25.1,5.7,16.2,Bangkok,27.5,4.8,2022,8,August,True
2022-08-06,31.2,26.2,0.5,15.5,Bangkok,28.7,5.0,2022,8,August,True
2022-08-07,30.0,25.8,8.5,19.0,Bangkok,27.9,4.2,2022,8,August,True
2022-08-08,28.4,25.4,20.8,11.5,Bangkok,26.9,3.0,2022,8,August,True
2022-08-09,28.2,23.6,6.7,12.4,Bangkok,25.9,4.6,2022,8,August,True
2022-08-10,31.6,24.0,1.2,16.6,Bangkok,27.8,7.6,2022,8,August,True
2022-08-11,30.6,25.6,17.4,17.9,Bangkok,28.1,5.0,2022,8,August,True
2022-08-12,30.4,24.6,10.4,18.8,Bangkok,27.5,5.8,2022,8,August,True
2022-08-13,31.3,23.9,1.0,17.7,Bangkok,27.6,7.4,2022,8,August,True
2022-08-14,31.5,24.9,1.7,13.0,Bangkok,28.2,6.6,2022,8,August,True
2022-08-15,31.9,25.3,31.5,16.6,Bangkok,28.6,6.6,2022,8,August,True
2022-08-16,29.6,24.9,7.9,15.3,Bangkok,27.2,4.7,2022,8,August,True
2022-08-17,30.6,25.3,3.8,21.7,Bangkok,28.0,5.3,2022,8,August,True
2022-08-18,30.6,25.2,2.7,14.6,Bangkok,27.9,5.4,2022,8,August,True
2022-08-19,31.7,25.0,25.6,16.0,Bangkok,28.4,6.7,2022,8,August,True
2022-08-20,30.9,24.8,4.9,17.0,Bangkok,27.8,6.1,2022,8,August,True
2022-08-21,30.7,25.0,11.7,14.2,Bangkok,27.8,5.7,2022,8,August,True
2022-08-22,31.4,25.9,1.3,16.7,Bangkok,28.6,5.5,2022,8,August,True
2022-08-23,32.1,24.3,0.4,14.0,Bangkok,28.2,7.8,2022,8,August,True
2022-08-24,33.6,25.2,0.0,16.6,Bangkok,29.4,8.4,2022,8,August,False
2022-08-25,29.7,24.9,36.6,14.7,Bangkok,27.3,4.8,2022,8,August,True
2022-08-26,29.1,25.6,11.6,23.0,Bangkok,27.4,3.5,2022,8,August,True
2022-08-27,30.3,24.9,0.8,16.9,Bangkok,27.6,5.4,2022,8,August,True
2022-08-28,31.7,25.1,2.1,10.9,Bangkok,28.4,6.6,2022,8,August,True
2022-08-29,29.8,25.1,17.1,13.8,Bangkok,27.4,4.7,2022,8,August,True
2022-08-30,31.2,24.3,3.3,8.6,Bangkok,27.8,6.9,2022,8,August,True
2022-08-31,31.9,25.6,0.7,10.6,Bangkok,28.8,6.3,2022,8,August,True
2022-09-01,32.0,25.2,3.0,7.4,Bangkok,28.6,6.8,2022,9,September,True
2022-09-02,31.9,25.3,12.1,7.2,Bangkok,28.6,6.6,2022,9,September,True
2022-09-03,31.9,25.9,8.2,11.6,Bangkok,28.9,6.0,2022,9,September,True
2022-09-04,31.4,25.9,31.1,17.3,Bangkok,28.6,5.5,2022,9,September,True
2022-09-05,29.8,25.2,14.5,15.5,Bangkok,27.5,4.6,2022,9,September,True
2022-09-06,30.3,24.8,22.2,11.6,Bangkok,27.6,5.5,2022,9,September,True
2022-09-07,28.1,24.0,11.0,11.9,Bangkok,26.0,4.1,2022,9,September,True
2022-09-08,28.8,24.1,23.1,12.0,Bangkok,26.4,4.7,2022,9,September,True
2022-09-09,30.4,24.0,9.0,12.0,Bangkok,27.2,6.4,2022,9,September,True
2022-09-10,30.8,23.7,27.2,13.4,Bangkok,27.2,7.1,2022,9,September,True
2022-09-11,31.2,24.2,7.4,13.0,Bangkok,27.7,7.0,2022,9,September,True
2022-09-12,31.0,23.6,12.4,10.5,Bangkok,27.3,7.4,2022,9,September,True
2022-09-13,31.2,24.6,8.2,6.8,Bangkok,27.9,6.6,2022,9,September,True
2022-09-14,30.8,24.3,7.5,12.2,Bangkok,27.6,6.5,2022,9,September,True
2022-09-15,31.3,24.5,13.2,14.7,Bangkok,27.9,6.8,2022,9,September,True
2022-09-16,31.2,24.7,4.1,19.3,Bangkok,28.0,6.5,2022,9,September,True
2022-09-17,30.8,25.1,9.5,17.3,Bangkok,28.0,5.7,2022,9,September,True
2022-09-18,29.6,24.8,11.7,16.2,Bangkok,27.2,4.8,2022,9,September,True
2022-09-19,30.0,24.9,17.1,15.4,Bangkok,27.4,5.1,2022,9,September,True
2022-09-20,31.2,24.1,1.1,14.8,Bangkok,27.6,7.1,2022,9,September,True
2022-09-21,31.5,24.1,17.0,13.0,Bangkok,27.8,7.4,2022,9,September,True
2022-09-22,29.8,24.3,19.2,9.5,Bangkok,27.0,5.5,2022,9,September,True
2022-09-23,29.7,24.0,19.2,12.0,Bangkok,26.8,5.7,2022,9,September,True
2022-09-24,30.0,23.5,24.5,14.1,Bangkok,26.8,6.5,2022,9,September,True
2022-09-25,29.3,23.7,18.0,9.9,Bangkok,26.5,5.6,2022,9,September,True
2022-09-26,29.1,23.6,28.3,8.4,Bangkok,26.4,5.5,2022,9,September,True
2022-09-27,29.3,24.0,20.0,13.6,Bangkok,26.6,5.3,2022,9,September,True
2022-09-28,29.9,24.1,0.2,18.7,Bangkok,27.0,5.8,2022,9,September,True
2022-09-29,27.9,24.6,18.1,17.6,Bangkok,26.2,3.3,2022,9,September,True
2022-09-30,29.8,24.9,16.8,19.0,Bangkok,27.4,4.9,2022,9,September,True
2022-10-01,29.8,25.4,5.2,17.1,Bangkok,27.6,4.4,2022,10,October,True
2022-10-02,30.8,24.6,5.5,8.7,Bangkok,27.7,6.2,2022,10,October,True
2022-10-03,28.9,24.1,22.1,14.6,Bangkok,26.5,4.8,2022,10,October,True
2022-10-04,30.0,23.2,12.2,18.7,Bangkok,26.6,6.8,2022,10,October,True
2022-10-05,28.8,24.1,11.6,12.0,Bangkok,26.4,4.7,2022,10,October,True
2022-10-06,30.1,23.7,15.6,12.8,Bangkok,26.9,6.4,2022,10,October,True
2022-10-07,30.6,23.8,28.6,14.8,Bangkok,27.2,6.8,2022,10,October,True
2022-10-08,30.4,23.4,16.4,16.3,Bangkok,26.9,7.0,2022,10,October,True
2022-10-09,30.6,24.2,19.0,8.9,Bangkok,27.4,6.4,2022,10,October,True
2022-10-10,29.1,23.3,28.9,16.3,Bangkok,26.2,5.8,2022,10,October,True
2022-10-11,28.9,23.1,15.1,19.0,Bangkok,26.0,5.8,2022,10,October,True
2022-10-12,30.8,23.0,0.5,7.1,Bangkok,26.9,7.8,2022,10,October,True
2022-10-13,31.7,23.7,0.1,12.5,Bangkok,27.7,8.0,2022,10,October,True
2022-10-14,31.4,23.5,0.0,13.2,Bangkok,27.4,7.9,2022,10,October,False
2022-10-15,29.6,21.7,0.0,21.9,Bangkok,25.6,7.9,2022,10,October,False
2022-10-16,25.1,21.1,1.1,15.7,Bangkok,23.1,4.0,2022,10,October,True
2022-10-17,29.6,22.1,1.2,11.4,Bangkok,25.8,7.5,2022,10,October,True
2022-10-18,30.5,21.3,0.0,12.2,Bangkok,25.9,9.2,2022,10,October,False
2022-10-19,30.8,21.4,0.0,13.7,Bangkok,26.1,9.4,2022,10,October,False
2022-10-20,30.2,22.6,0.0,14.7,Bangkok,26.4,7.6,2022,10,October,False
2022-10-21,29.6,23.0,0.4,16.8,Bangkok,26.3,6.6,2022,10,October,True
2022-10-22,30.7,23.6,20.5,14.2,Bangkok,27.2,7.1,2022,10,October,True
2022-10-23,30.4,23.2,8.7,9.0,Bangkok,26.8,7.2,2022,10,October,True
2022-10-24,32.2,23.8,0.0,10.4,Bangkok,28.0,8.4,2022,10,October,False
2022-10-25,32.7,24.2,0.0,12.0,Bangkok,28.4,8.5,2022,10,October,False
2022-10-26,31.9,26.3,0.3,12.9,Bangkok,29.1,5.6,2022,10,October,True
2022-10-27,29.1,24.1,5.1,14.3,Bangkok,26.6,5.0,2022,10,October,True
2022-10-28,31.0,24.9,0.2,12.3,Bangkok,28.0,6.1,2022,10,October,True
2022-10-29,31.9,22.7,0.0,12.5,Bangkok,27.3,9.2,2022,10,October,False
2022-10-30,31.6,22.8,0.0,15.8,Bangkok,27.2,8.8,2022,10,October,False
2022-10-31,31.5,23.0,0.0,11.0,Bangkok,27.2,8.5,2022,10,October,False
2022-11-01,31.0,22.0,0.0,16.6,Bangkok,26.5,9.0,2022,11,November,False
2022-11-02,31.7,20.9,0.0,10.7,Bangkok,26.3,10.8,2022,11,November,False
2022-11-03,32.2,21.0,0.0,10.0,Bangkok,26.6,11.2,2022,11,November,False
2022-11-04,32.5,20.3,0.0,13.6,Bangkok,26.4,12.2,2022,11,November,False
2022-11-05,31.8,20.8,0.0,12.0,Bangkok,26.3,11.0,2022,11,November,False
2022-11-06,32.5,24.2,3.4,11.3,Bangkok,28.4,8.3,2022,11,November,True
2022-11-07,31.9,24.0,0.8,11.0,Bangkok,28.0,7.9,2022,11,November,True
2022-11-08,32.7,24.3,0.0,11.6,Bangkok,28.5,8.4,2022,11,November,False
2022-11-09,32.6,22.8,0.0,8.4,Bangkok,27.7,9.8,2022,11,November,False
2022-11-10,34.2,23.3,0.0,13.1,Bangkok,28.8,10.9,2022,11,November,False
2022-11-11,34.2,24.5,0.0,19.9,Bangkok,29.4,9.7,2022,11,November,False
2022-11-12,34.2,25.1,0.0,14.1,Bangkok,29.6,9.1,2022,11,November,False
2022-11-13,33.5,25.4,0.6,14.8,Bangkok,29.4,8.1,2022,11,November,True
2022-11-14,30.7,24.4,15.5,13.0,Bangkok,27.6,6.3,2022,11,November,True
2022-11-15,32.2,23.7,0.2,10.8,Bangkok,28.0,8.5,2022,11,November,True
2022-11-16,32.4,24.4,3.2,15.0,Bangkok,28.4,8.0,2022,11,November,True
2022-11-17,31.7,24.1,5.7,15.2,Bangkok,27.9,7.6,2022,11,November,True
2022-11-18,31.0,24.6,7.3,12.3,Bangkok,27.8,6.4,2022,11,November,True
2022-11-19,32.6,23.5,0.6,13.4,Bangkok,28.0,9.1,2022,11,November,True
2022-11-20,30.9,24.3,11.6,14.4,Bangkok,27.6,6.6,2022,11,November,True
2022-11-21,31.4,24.4,4.8,12.5,Bangkok,27.9,7.0,2022,11,November,True
2022-11-22,33.0,24.6,0.0,12.7,Bangkok,28.8,8.4,2022,11,November,False
2022-11-23,32.1,25.2,8.8,10.4,Bangkok,28.6,6.9,2022,11,November,True
2022-11-24,27.8,23.9,18.5,12.6,Bangkok,25.8,3.9,2022,11,November,True
2022-11-25,29.4,23.4,12.2,12.3,Bangkok,26.4,6.0,2022,11,November,True
2022-11-26,28.6,23.3,11.2,13.0,Bangkok,26.0,5.3,2022,11,November,True
2022-11-27,29.5,23.7,1.4,12.2,Bangkok,26.6,5.8,2022,11,November,True
2022-11-28,30.4,25.2,4.4,8.3,Bangkok,27.8,5.2,2022,11,November,True
2022-11-29,30.5,24.6,6.5,9.1,Bangkok,27.6,5.9,2022,11,November,True
2022-11-30,31.4,24.7,10.9,12.8,Bangkok,28.0,6.7,2022,11,November,True
2022-12-01,31.1,23.2,1.4,14.7,Bangkok,27.2,7.9,2022,12,December,True
2022-12-02,30.8,23.8,0.4,12.8,Bangkok,27.3,7.0,2022,12,December,True
2022-12-03,30.1,23.1,6.7,11.0,Bangkok,26.6,7.0,2022,12,December,True
2022-12-04,30.2,23.5,0.0,17.1,Bangkok,26.8,6.7,2022,12,December,False
2022-12-05,30.7,24.0,1.0,17.4,Bangkok,27.4,6.7,2022,12,December,True
2022-12-06,31.0,24.2,0.0,15.2,Bangkok,27.6,6.8,2022,12,December,False
2022-12-07,30.9,23.0,0.4,11.2,Bangkok,27.0,7.9,2022,12,December,True
2022-12-08,31.1,22.9,0.0,9.0,Bangkok,27.0,8.2,2022,12,December,False
2022-12-09,31.6,24.0,0.0,9.5,Bangkok,27.8,7.6,2022,12,December,False
2022-12-10,31.1,23.6,0.2,9.1,Bangkok,27.4,7.5,2022,12,December,True
2022-12-11,32.2,23.7,0.0,10.5,Bangkok,28.0,8.5,2022,12,December,False
2022-12-12,31.9,22.1,0.0,14.7,Bangkok,27.0,9.8,2022,12,December,False
2022-12-13,29.2,21.4,0.0,14.2,Bangkok,25.3,7.8,2022,12,December,False
2022-12-14,28.5,17.9,0.0,14.3,Bangkok,23.2,10.6,2022,12,December,False
2022-12-15,29.2,18.3,0.0,11.6,Bangkok,23.8,10.9,2022,12,December,False
2022-12-16,30.6,19.2,0.0,12.2,Bangkok,24.9,11.4,2022,12,December,False
2022-12-17,31.9,22.1,0.6,21.7,Bangkok,27.0,9.8,2022,12,December,True
2022-12-18,27.0,19.4,0.0,16.7,Bangkok,23.2,7.6,2022,12,December,False
2022-12-19,26.8,17.3,0.0,13.3,Bangkok,22.0,9.5,2022,12,December,False
2022-12-20,28.5,18.0,0.0,11.4,Bangkok,23.2,10.5,2022,12,December,False
2022-12-21,30.5,19.6,0.0,11.0,Bangkok,25.0,10.9,2022,12,December,False
2022-12-22,31.0,20.2,0.0,10.1,Bangkok,25.6,10.8,2022,12,December,False
2022-12-23,32.2,21.1,0.0,10.9,Bangkok,26.6,11.1,2022,12,December,False
2022-12-24,31.0,20.4,0.0,17.0,Bangkok,25.7,10.6,2022,12,December,False
2022-12-25,30.1,20.0,0.0,15.0,Bangkok,25.0,10.1,2022,12,December,False
2022-12-26,29.4,18.7,0.0,10.0,Bangkok,24.0,10.7,2022,12,December,False
2022-12-27,29.4,18.8,0.0,10.9,Bangkok,24.1,10.6,2022,12,December,False
2022-12-28,30.5,19.0,0.0,10.4,Bangkok,24.8,11.5,2022,12,December,False
2022-12-29,30.9,20.2,0.0,8.9,Bangkok,25.5,10.7,2022,12,December,False
2022-12-30,30.2,20.5,0.0,14.0,Bangkok,25.4,9.7,2022,12,December,False
2022-12-31,29.1,19.7,0.0,9.2,Bangkok,24.4,9.4,2022,12,December,False
2023-01-01,28.8,18.5,0.0,13.7,Bangkok,23.6,10.3,2023,1,January,False
2023-01-02,29.5,19.2,0.0,12.0,Bangkok,24.4,10.3,2023,1,January,False
2023-01-03,30.7,20.5,0.0,13.5,Bangkok,25.6,10.2,2023,1,January,False
2023-01-04,31.8,23.1,0.0,16.2,Bangkok,27.4,8.7,2023,1,January,False
2023-01-05,31.2,21.2,0.0,11.4,Bangkok,26.2,10.0,2023,1,January,False
2023-01-06,30.7,21.8,0.0,15.4,Bangkok,26.2,8.9,2023,1,January,False
2023-01-07,28.9,22.0,0.0,11.0,Bangkok,25.4,6.9,2023,1,January,False
2023-01-08,28.7,22.6,0.0,14.1,Bangkok,25.6,6.1,2023,1,January,False
2023-01-09,31.9,23.2,0.0,20.6,Bangkok,27.6,8.7,2023,1,January,False
2023-01-10,32.5,24.4,6.3,14.4,Bangkok,28.4,8.1,2023,1,January,True
2023-01-11,29.8,23.4,0.9,16.4,Bangkok,26.6,6.4,2023,1,January,True
2023-01-12,31.6,22.3,0.0,11.7,Bangkok,27.0,9.3,2023,1,January,False
2023-01-13,31.0,23.7,1.7,11.0,Bangkok,27.4,7.3,2023,1,January,True
2023-01-14,32.3,23.6,1.2,14.7,Bangkok,28.0,8.7,2023,1,January,True
2023-01-15,33.4,22.1,0.0,10.8,Bangkok,27.8,11.3,2023,1,January,False
2023-01-16,32.7,20.9,0.0,13.6,Bangkok,26.8,11.8,2023,1,January,False
2023-01-17,33.1,22.1,0.0,13.0,Bangkok,27.6,11.0,2023,1,January,False
2023-01-18,32.6,22.0,0.0,19.9,Bangkok,27.3,10.6,2023,1,January,False
2023-01-19,31.6,21.1,0.0,12.3,Bangkok,26.4,10.5,2023,1,January,False
2023-01-20,30.9,20.3,0.0,12.7,Bangkok,25.6,10.6,2023,1,January,False
2023-01-21,32.2,20.0,0.0,15.3,Bangkok,26.1,12.2,2023,1,January,False
2023-01-22,32.0,17.8,0.0,10.8,Bangkok,24.9,14.2,2023,1,January,False
2023-01-23,33.4,20.2,0.0,11.0,Bangkok,26.8,13.2,2023,1,January,False
2023-01-24,32.9,20.9,0.3,22.1,Bangkok,26.9,12.0,2023,1,January,True
2023-01-25,29.1,20.2,0.0,21.1,Bangkok,24.6,8.9,2023,1,January,False
2023-01-26,30.2,19.5,0.0,9.2,Bangkok,24.8,10.7,2023,1,January,False
2023-01-27,32.3,20.3,0.0,17.9,Bangkok,26.3,12.0,2023,1,January,False
2023-01-28,30.0,20.4,0.0,15.7,Bangkok,25.2,9.6,2023,1,January,False
2023-01-29,28.8,18.7,0.0,14.6,Bangkok,23.8,10.1,2023,1,January,False
2023-01-30,28.0,17.1,0.0,10.7,Bangkok,22.6,10.9,2023,1,January,False
2023-01-31,29.8,18.0,0.0,7.5,Bangkok,23.9,11.8,2023,1,January,False
2023-02-01,32.4,19.7,0.0,9.9,Bangkok,26.0,12.7,2023,2,February,False
2023-02-02,34.4,21.9,0.0,10.1,Bangkok,28.2,12.5,2023,2,February,False
2023-02-03,29.5,24.6,4.2,12.2,Bangkok,27.0,4.9,2023,2,February,True
2023-02-04,33.2,24.5,3.0,10.8,Bangkok,28.8,8.7,2023,2,February,True
2023-02-05,33.5,24.3,0.8,10.2,Bangkok,28.9,9.2,2023,2,February,True
2023-02-06,33.7,23.7,0.4,13.8,Bangkok,28.7,10.0,2023,2,February,True
2023-02-07,32.6,25.3,0.1,14.1,Bangkok,29.0,7.3,2023,2,February,True
2023-02-08,33.5,25.0,0.2,13.4,Bangkok,29.2,8.5,2023,2,February,True
2023-02-09,32.5,25.5,0.2,14.9,Bangkok,29.0,7.0,2023,2,February,True
2023-02-10,33.0,25.5,0.6,16.7,Bangkok,29.2,7.5,2023,2,February,True
2023-02-11,33.6,25.5,0.0,15.3,Bangkok,29.6,8.1,2023,2,February,False
2023-02-12,33.2,25.3,0.2,14.6,Bangkok,29.2,7.9,2023,2,February,True
2023-02-13,32.7,25.7,2.4,14.7,Bangkok,29.2,7.0,2023,2,February,True
2023-02-14,33.9,25.6,0.3,15.2,Bangkok,29.8,8.3,2023,2,February,True
2023-02-15,29.1,23.7,49.5,14.9,Bangkok,26.4,5.4,2023,2,February,True
2023-02-16,30.5,22.6,0.4,19.3,Bangkok,26.6,7.9,2023,2,February,True
2023-02-17,29.6,22.2,0.0,17.6,Bangkok,25.9,7.4,2023,2,February,False
2023-02-18,30.5,22.2,0.0,16.8,Bangkok,26.4,8.3,2023,2,February,False
2023-02-19,32.4,21.3,0.0,10.4,Bangkok,26.8,11.1,2023,2,February,False
2023-02-20,31.6,23.4,0.0,17.1,Bangkok,27.5,8.2,2023,2,February,False
2023-02-21,32.7,22.6,0.0,16.7,Bangkok,27.6,10.1,2023,2,February,False
2023-02-22,32.7,21.3,0.0,14.4,Bangkok,27.0,11.4,2023,2,February,False
2023-02-23,32.7,21.6,0.0,13.3,Bangkok,27.2,11.1,2023,2,February,False
2023-02-24,34.1,21.0,0.0,17.6,Bangkok,27.6,13.1,2023,2,February,False
2023-02-25,33.2,22.2,0.0,23.2,Bangkok,27.7,11.0,2023,2,February,False
2023-02-26,30.0,21.3,0.0,17.3,Bangkok,25.6,8.7,2023,2,February,False
2023-02-27,30.8,19.0,0.0,12.7,Bangkok,24.9,11.8,2023,2,February,False
2023-02-28,31.7,20.2,0.0,10.5,Bangkok,26.0,11.5,2023,2,February,False
2023-03-01,34.8,21.3,0.0,11.1,Bangkok,28.0,13.5,2023,3,March,False
2023-03-02,34.3,23.3,0.0,16.9,Bangkok,28.8,11.0,2023,3,March,False
2023-03-03,33.7,22.0,0.0,15.9,Bangkok,27.8,11.7,2023,3,March,False
2023-03-04,33.3,21.7,0.0,17.8,Bangkok,27.5,11.6,2023,3,March,False
2023-03-05,33.5,21.2,0.0,16.0,Bangkok,27.4,12.3,2023,3,March,False
2023-03-06,34.0,23.0,0.0,13.4,Bangkok,28.5,11.0,2023,3,March,False
2023-03-07,34.7,21.9,0.0,12.8,Bangkok,28.3,12.8,2023,3,March,False
2023-03-08,35.2,23.5,0.0,13.2,Bangkok,29.4,11.7,2023,3,March,False
2023-03-09,33.5,24.9,0.3,16.8,Bangkok,29.2,8.6,2023,3,March,True
2023-03-10,33.3,25.1,0.9,13.9,Bangkok,29.2,8.2,2023,3,March,True
2023-03-11,32.7,25.5,0.6,15.9,Bangkok,29.1,7.2,2023,3,March,True
2023-03-12,32.0,26.2,1.2,14.0,Bangkok,29.1,5.8,2023,3,March,True
2023-03-13,33.1,23.1,5.8,16.7,Bangkok,28.1,10.0,2023,3,March,True
2023-03-14,33.0,23.1,0.0,10.7,Bangkok,28.0,9.9,2023,3,March,False
2023-03-15,32.2,23.4,1.0,15.2,Bangkok,27.8,8.8,2023,3,March,True
2023-03-16,31.9,25.2,0.6,12.7,Bangkok,28.6,6.7,2023,3,March,True
2023-03-17,32.7,25.4,0.6,13.9,Bangkok,29.0,7.3,2023,3,March,True
2023-03-18,32.7,25.3,0.5,14.6,Bangkok,29.0,7.4,2023,3,March,True
2023-03-19,32.7,26.3,0.5,18.8,Bangkok,29.5,6.4,2023,3,March,True
2023-03-20,33.3,26.1,0.7,17.0,Bangkok,29.7,7.2,2023,3,March,True
2023-03-21,33.6,26.5,0.0,20.2,Bangkok,30.0,7.1,2023,3,March,False
2023-03-22,34.9,26.3,0.1,19.1,Bangkok,30.6,8.6,2023,3,March,True
2023-03-23,34.0,27.1,0.0,17.3,Bangkok,30.6,6.9,2023,3,March,False
2023-03-24,34.8,26.9,0.0,18.2,Bangkok,30.8,7.9,2023,3,March,False
2023-03-25,34.3,26.8,0.4,18.7,Bangkok,30.6,7.5,2023,3,March,True
2023-03-26,34.1,27.1,0.1,16.6,Bangkok,30.6,7.0,2023,3,March,True
2023-03-27,34.1,26.2,0.0,18.4,Bangkok,30.2,7.9,2023,3,March,False
2023-03-28,33.9,26.9,3.4,22.5,Bangkok,30.4,7.0,2023,3,March,True
2023-03-29,33.4,25.8,0.0,19.7,Bangkok,29.6,7.6,2023,3,March,False
2023-03-30,33.1,26.7,1.5,18.8,Bangkok,29.9,6.4,2023,3,March,True
2023-03-31,34.5,26.8,0.0,20.7,Bangkok,30.6,7.7,2023,3,March,False
2023-04-01,32.8,27.4,1.3,19.9,Bangkok,30.1,5.4,2023,4,April,True
2023-04-02,33.4,27.7,0.6,19.4,Bangkok,30.6,5.7,2023,4,April,True
2023-04-03,36.6,26.9,0.0,17.3,Bangkok,31.8,9.7,2023,4,April,False
2023-04-04,37.7,27.6,0.0,19.3,Bangkok,32.7,10.1,2023,4,April,False
2023-04-05,37.0,26.0,0.0,17.5,Bangkok,31.5,11.0,2023,4,April,False
2023-04-06,37.2,26.2,0.0,16.7,Bangkok,31.7,11.0,2023,4,April,False
2023-04-07,34.5,28.2,0.2,18.8,Bangkok,31.4,6.3,2023,4,April,True
2023-04-08,35.5,27.9,0.8,17.0,Bangkok,31.7,7.6,2023,4,April,True
2023-04-09,35.9,28.1,2.0,17.3,Bangkok,32.0,7.8,2023,4,April,True
2023-04-10,35.6,27.8,0.0,17.3,Bangkok,31.7,7.8,2023,4,April,False
2023-04-11,34.6,28.2,9.5,16.5,Bangkok,31.4,6.4,2023,4,April,True
2023-04-12,36.1,28.3,0.0,19.9,Bangkok,32.2,7.8,2023,4,April,False
2023-04-13,36.8,27.4,0.0,18.9,Bangkok,32.1,9.4,2023,4,April,False
2023-04-14,36.3,28.8,1.3,18.0,Bangkok,32.6,7.5,2023,4,April,True
2023-04-15,36.6,29.0,8.4,18.7,Bangkok,32.8,7.6,2023,4,April,True
2023-04-16,32.8,27.4,2.7,16.5,Bangkok,30.1,5.4,2023,4,April,True
2023-04-17,33.8,28.0,6.4,18.8,Bangkok,30.9,5.8,2023,4,April,True
2023-04-18,34.8,27.6,0.0,21.6,Bangkok,31.2,7.2,2023,4,April,False
2023-04-19,36.8,28.2,0.0,17.3,Bangkok,32.5,8.6,2023,4,April,False
2023-04-20,37.8,26.0,0.0,18.2,Bangkok,31.9,11.8,2023,4,April,False
2023-04-21,37.8,27.1,0.0,17.8,Bangkok,32.4,10.7,2023,4,April,False
2023-04-22,38.0,27.6,0.0,19.0,Bangkok,32.8,10.4,2023,4,April,False
2023-04-23,35.6,29.1,1.8,21.5,Bangkok,32.4,6.5,2023,4,April,True
2023-04-24,36.4,28.4,0.3,13.3,Bangkok,32.4,8.0,2023,4,April,True
2023-04-25,36.1,27.7,12.7,17.3,Bangkok,31.9,8.4,2023,4,April,True
2023-04-26,30.3,26.4,27.3,20.3,Bangkok,28.4,3.9,2023,4,April,True
2023-04-27,33.0,25.8,7.2,11.5,Bangkok,29.4,7.2,2023,4,April,True
2023-04-28,33.8,26.1,1.0,13.7,Bangkok,30.0,7.7,2023,4,April,True
2023-04-29,33.3,27.7,0.1,15.4,Bangkok,30.5,5.6,2023,4,April,True
2023-04-30,32.6,26.7,11.6,17.4,Bangkok,29.6,5.9,2023,4,April,True
2023-05-01,32.9,26.3,1.6,13.1,Bangkok,29.6,6.6,2023,5,May,True
2023-05-02,33.8,27.0,1.6,16.3,Bangkok,30.4,6.8,2023,5,May,True
2023-05-03,33.5,26.7,0.0,14.9,Bangkok,30.1,6.8,2023,5,May,False
2023-05-04,34.4,27.4,0.0,19.5,Bangkok,30.9,7.0,2023,5,May,False
2023-05-05,36.8,28.2,0.3,17.6,Bangkok,32.5,8.6,2023,5,May,True
2023-05-06,39.4,28.1,0.1,19.2,Bangkok,33.8,11.3,2023,5,May,True
2023-05-07,38.4,29.2,0.6,21.1,Bangkok,33.8,9.2,2023,5,May,True
2023-05-08,38.5,29.5,8.3,21.6,Bangkok,34.0,9.0,2023,5,May,True
2023-05-09,36.2,27.1,2.1,19.6,Bangkok,31.6,9.1,2023,5,May,True
2023-05-10,31.5,26.0,8.1,13.4,Bangkok,28.8,5.5,2023,5,May,True
2023-05-11,32.9,26.2,9.4,13.7,Bangkok,29.6,6.7,2023,5,May,True
2023-05-12,32.9,25.5,6.5,14.5,Bangkok,29.2,7.4,2023,5,May,True
2023-05-13,33.9,25.9,0.6,18.2,Bangkok,29.9,8.0,2023,5,May,True
2023-05-14,34.0,27.6,0.0,23.5,Bangkok,30.8,6.4,2023,5,May,False
2023-05-15,33.6,27.6,1.1,16.9,Bangkok,30.6,6.0,2023,5,May,True
2023-05-16,34.4,25.7,0.3,16.0,Bangkok,30.0,8.7,2023,5,May,True
2023-05-17,36.4,26.8,0.0,16.9,Bangkok,31.6,9.6,2023,5,May,False
2023-05-18,38.3,27.7,2.5,24.6,Bangkok,33.0,10.6,2023,5,May,True
2023-05-19,39.2,27.5,0.0,22.4,Bangkok,33.4,11.7,2023,5,May,False
2023-05-20,38.2,26.9,0.0,17.0,Bangkok,32.6,11.3,2023,5,May,False
2023-05-21,37.6,28.2,0.0,21.6,Bangkok,32.9,9.4,2023,5,May,False
2023-05-22,36.4,28.2,0.6,15.9,Bangkok,32.3,8.2,2023,5,May,True
2023-05-23,35.0,27.6,3.5,21.2,Bangkok,31.3,7.4,2023,5,May,True
2023-05-24,34.8,26.8,5.0,17.6,Bangkok,30.8,8.0,2023,5,May,True
2023-05-25,36.1,27.4,0.3,17.0,Bangkok,31.8,8.7,2023,5,May,True
2023-05-26,37.6,27.1,0.1,16.1,Bangkok,32.4,10.5,2023,5,May,True
2023-05-27,38.0,28.5,3.0,17.8,Bangkok,33.2,9.5,2023,5,May,True
2023-05-28,34.3,26.8,9.8,12.2,Bangkok,30.6,7.5,2023,5,May,True
2023-05-29,32.7,25.8,19.3,11.3,Bangkok,29.2,6.9,2023,5,May,True
2023-05-30,32.5,26.2,5.9,8.7,Bangkok,29.4,6.3,2023,5,May,True
2023-05-31,32.4,26.1,11.7,14.8,Bangkok,29.2,6.3,2023,5,May,True
2023-06-01,34.6,25.8,0.2,18.2,Bangkok,30.2,8.8,2023,6,June,True
2023-06-02,33.9,26.3,0.6,19.9,Bangkok,30.1,7.6,2023,6,June,True
2023-06-03,33.2,25.8,6.2,19.6,Bangkok,29.5,7.4,2023,6,June,True
2023-06-04,32.3,26.6,0.8,16.8,Bangkok,29.4,5.7,2023,6,June,True
2023-06-05,33.5,26.9,3.2,20.3,Bangkok,30.2,6.6,2023,6,June,True
2023-06-06,32.1,27.2,5.4,17.5,Bangkok,29.6,4.9,2023,6,June,True
2023-06-07,31.7,27.0,4.3,21.6,Bangkok,29.4,4.7,2023,6,June,True
2023-06-08,32.3,25.7,8.4,21.8,Bangkok,29.0,6.6,2023,6,June,True
2023-06-09,30.4,26.4,6.8,16.4,Bangkok,28.4,4.0,2023,6,June,True
2023-06-10,31.6,26.2,28.6,15.5,Bangkok,28.9,5.4,2023,6,June,True
2023-06-11,30.8,26.6,8.6,23.7,Bangkok,28.7,4.2,2023,6,June,True
2023-06-12,31.4,26.6,7.7,17.8,Bangkok,29.0,4.8,2023,6,June,True
2023-06-13,30.9,26.6,5.3,21.3,Bangkok,28.8,4.3,2023,6,June,True
2023-06-14,30.8,26.7,5.7,17.8,Bangkok,28.8,4.1,2023,6,June,True
2023-06-15,31.2,26.7,12.3,16.5,Bangkok,29.0,4.5,2023,6,June,True
2023-06-16,31.9,25.8,3.7,14.6,Bangkok,28.8,6.1,2023,6,June,True
2023-06-17,32.2,26.1,12.1,19.8,Bangkok,29.2,6.1,2023,6,June,True
2023-06-18,30.4,26.2,24.2,20.3,Bangkok,28.3,4.2,2023,6,June,True
2023-06-19,31.2,24.9,4.3,17.3,Bangkok,28.0,6.3,2023,6,June,True
2023-06-20,32.1,25.8,3.8,12.4,Bangkok,29.0,6.3,2023,6,June,True
2023-06-21,32.8,25.5,0.3,9.2,Bangkok,29.2,7.3,2023,6,June,True
2023-06-22,32.9,25.8,0.0,12.5,Bangkok,29.4,7.1,2023,6,June,False
2023-06-23,35.6,26.1,13.7,14.7,Bangkok,30.8,9.5,2023,6,June,True
2023-06-24,33.8,26.2,0.2,19.8,Bangkok,30.0,7.6,2023,6,June,True
2023-06-25,34.3,26.2,1.7,19.1,Bangkok,30.2,8.1,2023,6,June,True
2023-06-26,32.8,26.0,1.0,20.5,Bangkok,29.4,6.8,2023,6,June,True
2023-06-27,32.9,26.0,8.1,17.4,Bangkok,29.4,6.9,2023,6,June,True
2023-06-28,34.0,25.3,27.3,13.8,Bangkok,29.6,8.7,2023,6,June,True
2023-06-29,32.2,25.4,2.3,17.6,Bangkok,28.8,6.8,2023,6,June,True
2023-06-30,32.3,25.8,5.1,14.2,Bangkok,29.0,6.5,2023,6,June,True
2023-07-01,33.1,26.6,24.2,17.7,Bangkok,29.8,6.5,2023,7,July,True
2023-07-02,32.1,26.3,6.9,16.6,Bangkok,29.2,5.8,2023,7,July,True
2023-07-03,31.7,26.7,1.2,16.6,Bangkok,29.2,5.0,2023,7,July,True
2023-07-04,31.6,26.6,2.6,14.6,Bangkok,29.1,5.0,2023,7,July,True
2023-07-05,31.5,25.0,0.3,13.5,Bangkok,28.2,6.5,2023,7,July,True
2023-07-06,33.3,25.6,2.0,17.3,Bangkok,29.4,7.7,2023,7,July,True
2023-07-07,34.0,25.8,6.9,13.1,Bangkok,29.9,8.2,2023,7,July,True
2023-07-08,31.8,26.8,4.8,22.1,Bangkok,29.3,5.0,2023,7,July,True
2023-07-09,31.4,25.3,8.9,20.0,Bangkok,28.4,6.1,2023,7,July,True
2023-07-10,29.5,25.0,22.4,16.3,Bangkok,27.2,4.5,2023,7,July,True
2023-07-11,30.9,25.6,3.8,17.2,Bangkok,28.2,5.3,2023,7,July,True
2023-07-12,32.0,25.2,3.4,14.5,Bangkok,28.6,6.8,2023,7,July,True
2023-07-13,33.9,26.0,2.8,16.3,Bangkok,30.0,7.9,2023,7,July,True
2023-07-14,32.4,25.9,11.9,18.1,Bangkok,29.2,6.5,2023,7,July,True
2023-07-15,33.8,25.9,0.8,17.9,Bangkok,29.8,7.9,2023,7,July,True
2023-07-16,33.8,25.9,0.1,21.0,Bangkok,29.8,7.9,2023,7,July,True
2023-07-17,33.4,25.5,2.6,24.1,Bangkok,29.4,7.9,2023,7,July,True
2023-07-18,34.2,25.8,9.7,20.2,Bangkok,30.0,8.4,2023,7,July,True
2023-07-19,32.7,25.8,0.8,24.1,Bangkok,29.2,6.9,2023,7,July,True
2023-07-20,31.9,26.0,15.7,14.3,Bangkok,29.0,5.9,2023,7,July,True
2023-07-21,31.8,25.6,31.3,20.3,Bangkok,28.7,6.2,2023,7,July,True
2023-07-22,30.9,24.8,32.3,12.1,Bangkok,27.8,6.1,2023,7,July,True
2023-07-23,30.9,24.8,22.6,15.5,Bangkok,27.8,6.1,2023,7,July,True
2023-07-24,30.0,25.0,4.6,15.7,Bangkok,27.5,5.0,2023,7,July,True
2023-07-25,32.2,24.9,5.5,18.3,Bangkok,28.6,7.3,2023,7,July,True
2023-07-26,33.0,25.5,0.6,17.5,Bangkok,29.2,7.5,2023,7,July,True
2023-07-27,33.8,25.5,16.4,25.2,Bangkok,29.6,8.3,2023,7,July,True
2023-07-28,33.9,25.3,2.3,26.0,Bangkok,29.6,8.6,2023,7,July,True
2023-07-29,32.8,26.0,6.1,19.8,Bangkok,29.4,6.8,2023,7,July,True
2023-07-30,31.9,26.4,2.0,21.1,Bangkok,29.2,5.5,2023,7,July,True
2023-07-31,30.9,27.2,3.5,20.1,Bangkok,29.0,3.7,2023,7,July,True
2023-08-01,32.1,26.4,9.3,20.6,Bangkok,29.2,5.7,2023,8,August,True
2023-08-02,29.8,25.8,9.9,14.5,Bangkok,27.8,4.0,2023,8,August,True
2023-08-03,31.4,26.3,8.6,17.1,Bangkok,28.8,5.1,2023,8,August,True
2023-08-04,32.9,25.9,4.4,17.6,Bangkok,29.4,7.0,2023,8,August,True
2023-08-05,32.6,26.2,3.2,17.6,Bangkok,29.4,6.4,2023,8,August,True
2023-08-06,33.5,25.5,2.8,18.6,Bangkok,29.5,8.0,2023,8,August,True
2023-08-07,32.7,26.2,4.9,20.4,Bangkok,29.4,6.5,2023,8,August,True
2023-08-08,32.9,26.1,10.4,24.1,Bangkok,29.5,6.8,2023,8,August,True
2023-08-09,32.5,25.3,5.4,17.5,Bangkok,28.9,7.2,2023,8,August,True
2023-08-10,32.6,24.8,3.2,15.9,Bangkok,28.7,7.8,2023,8,August,True
2023-08-11,33.6,25.2,1.2,19.9,Bangkok,29.4,8.4,2023,8,August,True
2023-08-12,33.9,25.3,3.0,18.6,Bangkok,29.6,8.6,2023,8,August,True
2023-08-13,33.3,25.4,4.5,18.9,Bangkok,29.4,7.9,2023,8,August,True
2023-08-14,34.0,25.4,5.9,19.5,Bangkok,29.7,8.6,2023,8,August,True
2023-08-15,32.9,25.5,6.0,17.6,Bangkok,29.2,7.4,2023,8,August,True
2023-08-16,32.1,25.8,7.8,13.3,Bangkok,29.0,6.3,2023,8,August,True
2023-08-17,32.7,25.4,17.6,20.3,Bangkok,29.0,7.3,2023,8,August,True
2023-08-18,35.3,25.4,3.9,24.6,Bangkok,30.4,9.9,2023,8,August,True
2023-08-19,36.5,26.1,21.0,22.5,Bangkok,31.3,10.4,2023,8,August,True
2023-08-20,35.4,25.8,6.3,22.9,Bangkok,30.6,9.6,2023,8,August,True
2023-08-21,31.2,25.6,9.3,20.5,Bangkok,28.4,5.6,2023,8,August,True
2023-08-22,30.6,25.7,8.8,13.6,Bangkok,28.2,4.9,2023,8,August,True
2023-08-23,31.4,25.2,20.7,14.8,Bangkok,28.3,6.2,2023,8,August,True
2023-08-24,31.8,24.9,7.8,16.8,Bangkok,28.4,6.9,2023,8,August,True
2023-08-25,31.7,24.8,7.2,19.4,Bangkok,28.2,6.9,2023,8,August,True
2023-08-26,32.5,25.5,5.7,13.7,Bangkok,29.0,7.0,2023,8,August,True
2023-08-27,32.1,25.2,1.1,18.5,Bangkok,28.6,6.9,2023,8,August,True
2023-08-28,32.2,25.1,0.7,15.3,Bangkok,28.6,7.1,2023,8,August,True
2023-08-29,31.8,25.7,8.1,14.3,Bangkok,28.8,6.1,2023,8,August,True
2023-08-30,32.0,26.3,5.7,15.6,Bangkok,29.2,5.7,2023,8,August,True
2023-08-31,33.4,25.0,40.2,18.4,Bangkok,29.2,8.4,2023,8,August,True
2023-09-01,32.4,26.2,23.0,12.6,Bangkok,29.3,6.2,2023,9,September,True
2023-09-02,32.9,25.4,17.8,18.5,Bangkok,29.2,7.5,2023,9,September,True
2023-09-03,31.7,25.2,4.0,14.0,Bangkok,28.4,6.5,2023,9,September,True
2023-09-04,32.3,25.5,10.2,15.3,Bangkok,28.9,6.8,2023,9,September,True
2023-09-05,31.7,26.2,17.5,17.3,Bangkok,29.0,5.5,2023,9,September,True
2023-09-06,32.0,26.1,2.3,12.3,Bangkok,29.0,5.9,2023,9,September,True
2023-09-07,32.5,25.8,1.9,13.5,Bangkok,29.2,6.7,2023,9,September,True
2023-09-08,31.6,26.0,5.8,14.8,Bangkok,28.8,5.6,2023,9,September,True
2023-09-09,33.1,25.7,26.8,20.1,Bangkok,29.4,7.4,2023,9,September,True
2023-09-10,30.5,26.1,7.0,17.6,Bangkok,28.3,4.4,2023,9,September,True
2023-09-11,31.0,25.6,16.0,19.0,Bangkok,28.3,5.4,2023,9,September,True
2023-09-12,30.6,26.0,13.1,21.0,Bangkok,28.3,4.6,2023,9,September,True
2023-09-13,30.6,25.6,3.5,16.8,Bangkok,28.1,5.0,2023,9,September,True
2023-09-14,30.7,25.0,8.5,16.5,Bangkok,27.8,5.7,2023,9,September,True
2023-09-15,31.5,25.0,30.3,16.6,Bangkok,28.2,6.5,2023,9,September,True
2023-09-16,31.1,25.2,24.4,15.3,Bangkok,28.2,5.9,2023,9,September,True
2023-09-17,30.6,25.3,10.0,15.4,Bangkok,28.0,5.3,2023,9,September,True
2023-09-18,30.8,25.4,3.8,15.5,Bangkok,28.1,5.4,2023,9,September,True
2023-09-19,31.8,25.2,2.5,8.1,Bangkok,28.5,6.6,2023,9,September,True
2023-09-20,33.1,25.4,0.5,11.7,Bangkok,29.2,7.7,2023,9,September,True
2023-09-21,33.4,25.3,29.4,11.0,Bangkok,29.4,8.1,2023,9,September,True
2023-09-22,32.5,24.3,6.3,11.8,Bangkok,28.4,8.2,2023,9,September,True
2023-09-23,31.6,25.2,4.3,10.3,Bangkok,28.4,6.4,2023,9,September,True
2023-09-24,32.6,25.4,13.4,14.1,Bangkok,29.0,7.2,2023,9,September,True
2023-09-25,32.7,26.0,6.8,9.8,Bangkok,29.4,6.7,2023,9,September,True
2023-09-26,31.6,24.9,10.1,13.7,Bangkok,28.2,6.7,2023,9,September,True
2023-09-27,28.0,24.2,21.3,13.8,Bangkok,26.1,3.8,2023,9,September,True
2023-09-28,29.5,24.4,28.4,22.6,Bangkok,27.0,5.1,2023,9,September,True
2023-09-29,30.4,25.9,5.9,22.0,Bangkok,28.2,4.5,2023,9,September,True
2023-09-30,29.9,25.1,9.5,11.4,Bangkok,27.5,4.8,2023,9,September,True
2023-10-01,32.7,25.0,6.2,16.1,Bangkok,28.8,7.7,2023,10,October,True
2023-10-02,31.4,25.2,12.4,13.5,Bangkok,28.3,6.2,2023,10,October,True
2023-10-03,32.3,25.3,11.9,12.3,Bangkok,28.8,7.0,2023,10,October,True
2023-10-04,30.8,25.0,22.5,10.1,Bangkok,27.9,5.8,2023,10,October,True
2023-10-05,29.1,25.2,11.7,10.2,Bangkok,27.2,3.9,2023,10,October,True
2023-10-06,30.5,24.8,15.4,12.4,Bangkok,27.6,5.7,2023,10,October,True
2023-10-07,30.7,25.2,15.9,15.9,Bangkok,28.0,5.5,2023,10,October,True
2023-10-08,30.9,25.6,9.9,14.2,Bangkok,28.2,5.3,2023,10,October,True
2023-10-09,31.4,25.3,9.7,9.8,Bangkok,28.4,6.1,2023,10,October,True
2023-10-10,30.0,24.9,8.1,8.7,Bangkok,27.4,5.1,2023,10,October,True
2023-10-11,31.1,23.9,20.9,16.9,Bangkok,27.5,7.2,2023,10,October,True
2023-10-12,31.8,24.6,6.4,11.8,Bangkok,28.2,7.2,2023,10,October,True
2023-10-13,32.6,24.8,0.3,12.2,Bangkok,28.7,7.8,2023,10,October,True
2023-10-14,32.5,24.9,7.0,10.6,Bangkok,28.7,7.6,2023,10,October,True
2023-10-15,31.9,25.0,2.9,13.6,Bangkok,28.4,6.9,2023,10,October,True
2023-10-16,31.7,24.5,0.2,12.3,Bangkok,28.1,7.2,2023,10,October,True
2023-10-17,32.5,25.2,0.2,12.3,Bangkok,28.8,7.3,2023,10,October,True
2023-10-18,31.7,25.1,0.7,10.3,Bangkok,28.4,6.6,2023,10,October,True
2023-10-19,32.1,25.2,0.7,8.9,Bangkok,28.6,6.9,2023,10,October,True
2023-10-20,32.6,25.1,0.3,13.5,Bangkok,28.8,7.5,2023,10,October,True
2023-10-21,30.7,24.8,25.1,11.1,Bangkok,27.8,5.9,2023,10,October,True
2023-10-22,29.6,24.0,11.5,17.3,Bangkok,26.8,5.6,2023,10,October,True
2023-10-23,32.1,24.5,0.0,9.4,Bangkok,28.3,7.6,2023,10,October,False
2023-10-24,31.7,25.2,8.9,10.0,Bangkok,28.4,6.5,2023,10,October,True
2023-10-25,31.0,24.5,6.8,10.6,Bangkok,27.8,6.5,2023,10,October,True
2023-10-26,30.9,25.1,6.2,16.0,Bangkok,28.0,5.8,2023,10,October,True
2023-10-27,30.8,24.8,2.0,13.2,Bangkok,27.8,6.0,2023,10,October,True
2023-10-28,31.6,24.6,5.0,7.5,Bangkok,28.1,7.0,2023,10,October,True
2023-10-29,31.4,24.7,4.1,13.2,Bangkok,28.0,6.7,2023,10,October,True
2023-10-30,30.3,24.9,10.3,12.7,Bangkok,27.6,5.4,2023,10,October,True
2023-10-31,30.0,24.8,3.6,13.9,Bangkok,27.4,5.2,2023,10,October,True
2023-11-01,31.0,24.8,0.0,13.1,Bangkok,27.9,6.2,2023,11,November,False
2023-11-02,30.5,24.3,1.6,11.4,Bangkok,27.4,6.2,2023,11,November,True
2023-11-03,32.8,24.5,0.0,7.4,Bangkok,28.6,8.3,2023,11,November,False
2023-11-04,32.4,25.9,1.6,14.8,Bangkok,29.2,6.5,2023,11,November,True
2023-11-05,32.0,24.7,11.7,13.3,Bangkok,28.4,7.3,2023,11,November,True
2023-11-06,32.6,24.5,2.4,16.9,Bangkok,28.6,8.1,2023,11,November,True
2023-11-07,32.0,24.8,11.8,10.4,Bangkok,28.4,7.2,2023,11,November,True
2023-11-08,32.3,24.3,0.3,10.7,Bangkok,28.3,8.0,2023,11,November,True
2023-11-09,30.9,25.4,5.7,13.3,Bangkok,28.2,5.5,2023,11,November,True
2023-11-10,31.4,24.7,3.7,11.7,Bangkok,28.0,6.7,2023,11,November,True
2023-11-11,31.1,24.6,2.4,11.4,Bangkok,27.8,6.5,2023,11,November,True
2023-11-12,31.5,24.4,2.0,13.8,Bangkok,28.0,7.1,2023,11,November,True
2023-11-13,31.7,24.4,7.6,18.5,Bangkok,28.0,7.3,2023,11,November,True
2023-11-14,31.7,25.0,1.4,19.0,Bangkok,28.4,6.7,2023,11,November,True
2023-11-15,31.0,24.6,1.3,14.2,Bangkok,27.8,6.4,2023,11,November,True
2023-11-16,30.9,24.7,8.8,18.3,Bangkok,27.8,6.2,2023,11,November,True
2023-11-17,28.8,23.3,0.2,18.7,Bangkok,26.0,5.5,2023,11,November,True
2023-11-18,27.6,20.6,0.0,15.5,Bangkok,24.1,7.0,2023,11,November,False
2023-11-19,27.4,19.2,0.0,13.1,Bangkok,23.3,8.2,2023,11,November,False
2023-11-20,28.7,19.3,0.0,10.5,Bangkok,24.0,9.4,2023,11,November,False
2023-11-21,29.7,20.8,0.0,11.5,Bangkok,25.2,8.9,2023,11,November,False
2023-11-22,30.8,21.1,0.0,10.0,Bangkok,26.0,9.7,2023,11,November,False
2023-11-23,31.2,22.1,0.0,10.8,Bangkok,26.6,9.1,2023,11,November,False
2023-11-24,31.1,22.7,0.0,12.1,Bangkok,26.9,8.4,2023,11,November,False
2023-11-25,30.8,22.3,0.0,11.6,Bangkok,26.6,8.5,2023,11,November,False
2023-11-26,31.3,24.3,0.7,12.6,Bangkok,27.8,7.0,2023,11,November,True
2023-11-27,31.0,23.9,0.0,14.7,Bangkok,27.4,7.1,2023,11,November,False
2023-11-28,29.7,22.4,0.0,10.7,Bangkok,26.0,7.3,2023,11,November,False
2023-11-29,31.1,22.1,0.0,12.3,Bangkok,26.6,9.0,2023,11,November,False
2023-11-30,32.4,23.3,0.0,13.9,Bangkok,27.8,9.1,2023,11,November,False
2023-12-01,31.9,24.1,4.5,14.8,Bangkok,28.0,7.8,2023,12,December,True
2023-12-02,31.9,23.5,2.9,14.8,Bangkok,27.7,8.4,2023,12,December,True
2023-12-03,32.6,24.3,1.1,16.2,Bangkok,28.4,8.3,2023,12,December,True
2023-12-04,32.1,23.9,0.3,16.9,Bangkok,28.0,8.2,2023,12,December,True
2023-12-05,31.8,24.8,9.0,9.3,Bangkok,28.3,7.0,2023,12,December,True
2023-12-06,33.7,23.9,8.6,18.3,Bangkok,28.8,9.8,2023,12,December,True
2023-12-07,31.5,23.7,2.8,16.1,Bangkok,27.6,7.8,2023,12,December,True
2023-12-08,31.4,23.3,0.0,8.4,Bangkok,27.4,8.1,2023,12,December,False
2023-12-09,32.1,23.4,0.0,7.9,Bangkok,27.8,8.7,2023,12,December,False
2023-12-10,33.3,23.9,0.0,9.4,Bangkok,28.6,9.4,2023,12,December,False
2023-12-11,32.4,24.7,0.5,8.0,Bangkok,28.6,7.7,2023,12,December,True
2023-12-12,34.1,24.3,0.1,12.8,Bangkok,29.2,9.8,2023,12,December,True
2023-12-13,31.9,24.7,1.4,14.4,Bangkok,28.3,7.2,2023,12,December,True
2023-12-14,32.6,24.3,0.3,11.0,Bangkok,28.4,8.3,2023,12,December,True
2023-12-15,33.5,24.9,0.0,8.9,Bangkok,29.2,8.6,2023,12,December,False
2023-12-16,33.6,25.1,0.2,11.7,Bangkok,29.4,8.5,2023,12,December,True
2023-12-17,33.0,25.2,0.7,18.4,Bangkok,29.1,7.8,2023,12,December,True
2023-12-18,32.2,24.0,0.2,15.0,Bangkok,28.1,8.2,2023,12,December,True
2023-12-19,33.0,23.8,0.0,12.3,Bangkok,28.4,9.2,2023,12,December,False
2023-12-20,33.2,23.8,0.0,12.8,Bangkok,28.5,9.4,2023,12,December,False
2023-12-21,30.9,22.6,0.0,14.5,Bangkok,26.8,8.3,2023,12,December,False
2023-12-22,27.6,19.7,0.0,15.6,Bangkok,23.6,7.9,2023,12,December,False
2023-12-23,27.1,17.8,0.0,16.8,Bangkok,22.5,9.3,2023,12,December,False
2023-12-24,25.4,19.7,0.0,13.6,Bangkok,22.5,5.7,2023,12,December,False
2023-12-25,26.5,21.2,0.0,14.3,Bangkok,23.8,5.3,2023,12,December,False
2023-12-26,27.9,19.9,0.4,12.4,Bangkok,23.9,8.0,2023,12,December,True
2023-12-27,30.5,20.6,0.0,11.6,Bangkok,25.6,9.9,2023,12,December,False
2023-12-28,32.0,22.2,0.0,12.6,Bangkok,27.1,9.8,2023,12,December,False
2023-12-29,31.7,23.1,0.0,11.1,Bangkok,27.4,8.6,2023,12,December,False
2023-12-30,33.2,23.0,0.0,10.6,Bangkok,28.1,10.2,2023,12,December,False
2023-12-31,33.5,23.5,0.0,11.2,Bangkok,28.5,10.0,2023,12,December,False
2024-01-01,33.3,24.8,0.0,11.2,Bangkok,29.0,8.5,2024,1,January,False
2024-01-02,33.0,23.7,0.0,10.9,Bangkok,28.4,9.3,2024,1,January,False
2024-01-03,33.4,23.7,0.0,12.3,Bangkok,28.6,9.7,2024,1,January,False
2024-01-04,32.5,22.7,0.0,16.9,Bangkok,27.6,9.8,2024,1,January,False
2024-01-05,33.3,23.5,0.0,14.5,Bangkok,28.4,9.8,2024,1,January,False
2024-01-06,32.8,22.7,0.0,12.6,Bangkok,27.8,10.1,2024,1,January,False
2024-01-07,32.9,23.0,0.0,13.4,Bangkok,28.0,9.9,2024,1,January,False
2024-01-08,32.7,23.1,0.0,10.0,Bangkok,27.9,9.6,2024,1,January,False
2024-01-09,34.2,23.2,0.0,7.1,Bangkok,28.7,11.0,2024,1,January,False
2024-01-10,33.7,23.5,0.0,10.7,Bangkok,28.6,10.2,2024,1,January,False
2024-01-11,33.2,25.1,0.0,10.5,Bangkok,29.2,8.1,2024,1,January,False
2024-01-12,32.3,25.2,1.1,14.2,Bangkok,28.8,7.1,2024,1,January,True
2024-01-13,32.7,25.7,0.8,10.6,Bangkok,29.2,7.0,2024,1,January,True
2024-01-14,32.9,23.5,0.7,12.5,Bangkok,28.2,9.4,2024,1,January,True
2024-01-15,32.6,23.4,0.0,13.7,Bangkok,28.0,9.2,2024,1,January,False
2024-01-16,32.4,22.5,0.0,11.9,Bangkok,27.4,9.9,2024,1,January,False
2024-01-17,32.7,22.4,0.0,16.4,Bangkok,27.6,10.3,2024,1,January,False
2024-01-18,32.7,22.3,0.0,9.9,Bangkok,27.5,10.4,2024,1,January,False
2024-01-19,33.2,23.1,0.0,10.1,Bangkok,28.2,10.1,2024,1,January,False
2024-01-20,32.4,23.6,0.0,11.3,Bangkok,28.0,8.8,2024,1,January,False
2024-01-21,33.8,23.7,0.0,11.9,Bangkok,28.8,10.1,2024,1,January,False
2024-01-22,33.5,23.2,0.0,10.1,Bangkok,28.4,10.3,2024,1,January,False
2024-01-23,32.6,23.3,9.7,19.0,Bangkok,28.0,9.3,2024,1,January,True
2024-01-24,30.7,23.1,0.9,16.9,Bangkok,26.9,7.6,2024,1,January,True
2024-01-25,31.1,22.4,0.1,21.4,Bangkok,26.8,8.7,2024,1,January,True
2024-01-26,31.0,20.9,0.3,13.8,Bangkok,26.0,10.1,2024,1,January,True
2024-01-27,32.8,22.4,0.0,13.3,Bangkok,27.6,10.4,2024,1,January,False
2024-01-28,33.4,23.8,0.0,18.6,Bangkok,28.6,9.6,2024,1,January,False
2024-01-29,33.1,24.5,0.0,15.7,Bangkok,28.8,8.6,2024,1,January,False
2024-01-30,32.0,24.0,0.0,7.4,Bangkok,28.0,8.0,2024,1,January,False
2024-01-31,33.1,22.9,0.0,10.4,Bangkok,28.0,10.2,2024,1,January,False
2024-02-01,31.9,25.3,0.8,12.6,Bangkok,28.6,6.6,2024,2,February,True
2024-02-02,32.7,25.1,0.6,13.9,Bangkok,28.9,7.6,2024,2,February,True
2024-02-03,32.8,25.9,0.3,14.4,Bangkok,29.4,6.9,2024,2,February,True
2024-02-04,34.9,26.4,0.0,16.3,Bangkok,30.6,8.5,2024,2,February,False
2024-02-05,33.8,25.6,0.0,13.3,Bangkok,29.7,8.2,2024,2,February,False
2024-02-06,34.3,25.5,0.1,12.9,Bangkok,29.9,8.8,2024,2,February,True
2024-02-07,33.9,25.5,0.0,15.8,Bangkok,29.7,8.4,2024,2,February,False
2024-02-08,33.8,25.9,0.0,13.8,Bangkok,29.8,7.9,2024,2,February,False
2024-02-09,33.5,25.2,0.0,17.4,Bangkok,29.4,8.3,2024,2,February,False
2024-02-10,33.6,25.7,1.4,14.0,Bangkok,29.6,7.9,2024,2,February,True
2024-02-11,33.1,23.6,0.0,17.2,Bangkok,28.4,9.5,2024,2,February,False
2024-02-12,32.4,21.8,0.0,17.7,Bangkok,27.1,10.6,2024,2,February,False
2024-02-13,33.2,21.4,0.0,13.4,Bangkok,27.3,11.8,2024,2,February,False
2024-02-14,34.6,22.0,0.0,11.4,Bangkok,28.3,12.6,2024,2,February,False
2024-02-15,34.5,24.4,0.0,12.0,Bangkok,29.4,10.1,2024,2,February,False
2024-02-16,34.1,26.4,0.4,13.6,Bangkok,30.2,7.7,2024,2,February,True
2024-02-17,32.4,24.4,2.5,17.3,Bangkok,28.4,8.0,2024,2,February,True
2024-02-18,32.6,25.3,0.1,19.1,Bangkok,29.0,7.3,2024,2,February,True
2024-02-19,32.7,25.2,0.0,20.2,Bangkok,29.0,7.5,2024,2,February,False
2024-02-20,34.0,26.8,0.0,19.1,Bangkok,30.4,7.2,2024,2,February,False
2024-02-21,33.0,27.0,0.1,22.3,Bangkok,30.0,6.0,2024,2,February,True
2024-02-22,33.0,27.2,0.3,20.2,Bangkok,30.1,5.8,2024,2,February,True
2024-02-23,33.2,26.5,0.2,16.3,Bangkok,29.8,6.7,2024,2,February,True
2024-02-24,33.2,26.7,0.4,15.6,Bangkok,30.0,6.5,2024,2,February,True
2024-02-25,33.4,25.4,6.3,14.6,Bangkok,29.4,8.0,2024,2,February,True
2024-02-26,35.0,26.5,0.6,15.1,Bangkok,30.8,8.5,2024,2,February,True
2024-02-27,33.7,26.1,2.4,14.5,Bangkok,29.9,7.6,2024,2,February,True
2024-02-28,32.2,26.5,1.1,14.5,Bangkok,29.4,5.7,2024,2,February,True
2024-02-29,33.0,26.4,2.3,19.4,Bangkok,29.7,6.6,2024,2,February,True
2024-03-01,34.2,27.2,0.4,16.2,Bangkok,30.7,7.0,2024,3,March,True
2024-03-02,32.7,25.0,2.6,19.5,Bangkok,28.8,7.7,2024,3,March,True
2024-03-03,33.5,26.0,0.7,14.4,Bangkok,29.8,7.5,2024,3,March,True
2024-03-04,32.8,27.1,3.1,18.0,Bangkok,30.0,5.7,2024,3,March,True
2024-03-05,35.7,26.8,0.0,20.5,Bangkok,31.2,8.9,2024,3,March,False
2024-03-06,34.5,26.1,0.0,18.4,Bangkok,30.3,8.4,2024,3,March,False
2024-03-07,35.6,26.7,0.0,16.9,Bangkok,31.2,8.9,2024,3,March,False
2024-03-08,34.9,27.1,0.0,21.6,Bangkok,31.0,7.8,2024,3,March,False
2024-03-09,33.1,28.2,1.7,19.1,Bangkok,30.6,4.9,2024,3,March,True
2024-03-10,33.3,27.4,0.2,16.2,Bangkok,30.4,5.9,2024,3,March,True
2024-03-11,33.6,26.6,3.0,17.3,Bangkok,30.1,7.0,2024,3,March,True
2024-03-12,32.2,26.3,4.6,18.4,Bangkok,29.2,5.9,2024,3,March,True
2024-03-13,32.9,26.8,2.4,17.5,Bangkok,29.8,6.1,2024,3,March,True
2024-03-14,34.3,27.3,0.2,18.7,Bangkok,30.8,7.0,2024,3,March,True
2024-03-15,33.1,27.6,0.0,19.0,Bangkok,30.4,5.5,2024,3,March,False
2024-03-16,33.1,27.9,2.9,20.9,Bangkok,30.5,5.2,2024,3,March,True
2024-03-17,34.2,27.4,0.0,17.5,Bangkok,30.8,6.8,2024,3,March,False
2024-03-18,34.1,26.0,0.0,17.8,Bangkok,30.0,8.1,2024,3,March,False
2024-03-19,32.1,27.7,0.7,20.5,Bangkok,29.9,4.4,2024,3,March,True
2024-03-20,29.2,23.6,31.9,13.7,Bangkok,26.4,5.6,2024,3,March,True
2024-03-21,31.5,24.0,0.1,7.9,Bangkok,27.8,7.5,2024,3,March,True
2024-03-22,32.3,24.8,0.3,17.6,Bangkok,28.6,7.5,2024,3,March,True
2024-03-23,32.3,27.0,2.1,21.6,Bangkok,29.6,5.3,2024,3,March,True
2024-03-24,32.9,27.2,2.5,16.6,Bangkok,30.0,5.7,2024,3,March,True
2024-03-25,32.8,27.4,0.0,15.5,Bangkok,30.1,5.4,2024,3,March,False
2024-03-26,33.1,27.7,2.4,16.6,Bangkok,30.4,5.4,2024,3,March,True
2024-03-27,32.7,24.5,4.5,15.0,Bangkok,28.6,8.2,2024,3,March,True
2024-03-28,33.3,26.5,0.0,14.8,Bangkok,29.9,6.8,2024,3,March,False
2024-03-29,34.2,27.3,0.0,19.9,Bangkok,30.8,6.9,2024,3,March,False
2024-03-30,34.7,27.3,0.1,19.7,Bangkok,31.0,7.4,2024,3,March,True
2024-03-31,34.7,27.7,0.1,20.0,Bangkok,31.2,7.0,2024,3,March,True
2024-04-01,37.9,27.5,0.0,17.3,Bangkok,32.7,10.4,2024,4,April,False
2024-04-02,35.5,28.2,0.0,19.1,Bangkok,31.8,7.3,2024,4,April,False
2024-04-03,35.1,28.2,0.0,20.9,Bangkok,31.6,6.9,2024,4,April,False
2024-04-04,35.9,28.4,0.0,18.4,Bangkok,32.2,7.5,2024,4,April,False
2024-04-05,34.9,28.4,0.4,21.3,Bangkok,31.6,6.5,2024,4,April,True
2024-04-06,34.6,28.7,0.0,20.9,Bangkok,31.6,5.9,2024,4,April,False
2024-04-07,35.3,28.7,0.0,19.9,Bangkok,32.0,6.6,2024,4,April,False
2024-04-08,36.4,28.6,0.0,17.7,Bangkok,32.5,7.8,2024,4,April,False
2024-04-09,36.5,28.6,0.0,20.5,Bangkok,32.6,7.9,2024,4,April,False
2024-04-10,36.5,28.4,0.5,16.6,Bangkok,32.4,8.1,2024,4,April,True
2024-04-11,37.0,27.3,0.9,18.1,Bangkok,32.2,9.7,2024,4,April,True
2024-04-12,34.7,28.1,0.6,16.7,Bangkok,31.4,6.6,2024,4,April,True
2024-04-13,35.8,28.6,1.2,20.5,Bangkok,32.2,7.2,2024,4,April,True
2024-04-14,35.0,28.8,0.1,19.5,Bangkok,31.9,6.2,2024,4,April,True
2024-04-15,35.2,29.0,0.0,22.1,Bangkok,32.1,6.2,2024,4,April,False
2024-04-16,34.9,28.5,0.0,20.2,Bangkok,31.7,6.4,2024,4,April,False
2024-04-17,35.7,28.4,0.0,20.2,Bangkok,32.0,7.3,2024,4,April,False
2024-04-18,36.6,29.2,0.8,22.0,Bangkok,32.9,7.4,2024,4,April,True
2024-04-19,36.8,28.9,0.0,18.9,Bangkok,32.8,7.9,2024,4,April,False
2024-04-20,37.4,28.4,0.0,19.9,Bangkok,32.9,9.0,2024,4,April,False
2024-04-21,39.0,29.0,0.0,18.0,Bangkok,34.0,10.0,2024,4,April,False
2024-04-22,36.9,29.5,0.0,18.8,Bangkok,33.2,7.4,2024,4,April,False
2024-04-23,36.0,29.7,0.0,22.5,Bangkok,32.8,6.3,2024,4,April,False
2024-04-24,35.4,29.5,0.8,22.1,Bangkok,32.4,5.9,2024,4,April,True
2024-04-25,36.3,28.9,0.0,18.7,Bangkok,32.6,7.4,2024,4,April,False
2024-04-26,35.9,28.8,0.0,21.6,Bangkok,32.4,7.1,2024,4,April,False
2024-04-27,36.7,29.8,0.0,21.4,Bangkok,33.2,6.9,2024,4,April,False
2024-04-28,37.2,29.9,0.0,20.9,Bangkok,33.6,7.3,2024,4,April,False
2024-04-29,36.9,30.0,0.0,19.9,Bangkok,33.4,6.9,2024,4,April,False
2024-04-30,38.2,29.8,0.0,22.4,Bangkok,34.0,8.4,2024,4,April,False
2024-05-01,37.6,29.9,0.0,20.7,Bangkok,33.8,7.7,2024,5,May,False
2024-05-02,37.0,30.2,0.0,24.3,Bangkok,33.6,6.8,2024,5,May,False
2024-05-03,37.7,30.2,0.0,18.9,Bangkok,34.0,7.5,2024,5,May,False
2024-05-04,37.7,29.4,3.7,19.6,Bangkok,33.6,8.3,2024,5,May,True
2024-05-05,37.7,30.2,0.3,17.8,Bangkok,34.0,7.5,2024,5,May,True
2024-05-06,35.6,30.0,1.8,18.6,Bangkok,32.8,5.6,2024,5,May,True
2024-05-07,30.8,26.2,19.4,21.8,Bangkok,28.5,4.6,2024,5,May,True
2024-05-08,35.2,26.0,0.5,12.0,Bangkok,30.6,9.2,2024,5,May,True
2024-05-09,33.5,27.4,32.3,15.4,Bangkok,30.4,6.1,2024,5,May,True
2024-05-10,35.1,26.6,0.4,20.3,Bangkok,30.8,8.5,2024,5,May,True
2024-05-11,32.0,26.1,8.0,12.9,Bangkok,29.0,5.9,2024,5,May,True
2024-05-12,35.9,26.5,0.8,10.1,Bangkok,31.2,9.4,2024,5,May,True
2024-05-13,34.0,26.7,25.3,16.6,Bangkok,30.4,7.3,2024,5,May,True
2024-05-14,33.9,26.0,0.0,9.4,Bangkok,30.0,7.9,2024,5,May,False
2024-05-15,35.0,27.4,1.1,9.5,Bangkok,31.2,7.6,2024,5,May,True
2024-05-16,34.4,26.7,1.5,12.2,Bangkok,30.6,7.7,2024,5,May,True
2024-05-17,33.1,26.5,4.8,17.0,Bangkok,29.8,6.6,2024,5,May,True
2024-05-18,33.2,28.1,1.5,15.8,Bangkok,30.6,5.1,2024,5,May,True
2024-05-19,32.6,26.4,20.0,17.1,Bangkok,29.5,6.2,2024,5,May,True
2024-05-20,33.2,26.2,4.8,15.5,Bangkok,29.7,7.0,2024,5,May,True
2024-05-21,32.9,26.4,56.8,14.2,Bangkok,29.6,6.5,2024,5,May,True
2024-05-22,31.2,25.9,7.8,13.4,Bangkok,28.6,5.3,2024,5,May,True
2024-05-23,30.4,26.1,9.8,19.5,Bangkok,28.2,4.3,2024,5,May,True
2024-05-24,30.5,26.5,10.1,17.1,Bangkok,28.5,4.0,2024,5,May,True
2024-05-25,32.2,27.1,4.2,19.7,Bangkok,29.6,5.1,2024,5,May,True
2024-05-26,32.3,27.0,2.1,19.5,Bangkok,29.6,5.3,2024,5,May,True
2024-05-27,33.8,28.2,0.3,16.3,Bangkok,31.0,5.6,2024,5,May,True
2024-05-28,34.2,26.6,0.2,17.2,Bangkok,30.4,7.6,2024,5,May,True
2024-05-29,34.0,27.2,11.0,14.8,Bangkok,30.6,6.8,2024,5,May,True
2024-05-30,33.8,26.9,26.2,18.3,Bangkok,30.4,6.9,2024,5,May,True
2024-05-31,32.4,26.2,15.0,13.5,Bangkok,29.3,6.2,2024,5,May,True
2024-06-01,30.2,26.4,10.3,19.6,Bangkok,28.3,3.8,2024,6,June,True
2024-06-02,33.3,26.6,1.1,16.5,Bangkok,30.0,6.7,2024,6,June,True
2024-06-03,32.7,26.4,0.2,16.1,Bangkok,29.6,6.3,2024,6,June,True
2024-06-04,33.6,26.2,4.6,15.9,Bangkok,29.9,7.4,2024,6,June,True
2024-06-05,33.7,27.1,5.8,19.0,Bangkok,30.4,6.6,2024,6,June,True
2024-06-06,32.5,25.8,2.1,16.4,Bangkok,29.2,6.7,2024,6,June,True
2024-06-07,32.2,26.7,11.3,17.8,Bangkok,29.4,5.5,2024,6,June,True
2024-06-08,33.0,26.2,1.4,19.9,Bangkok,29.6,6.8,2024,6,June,True
2024-06-09,33.2,26.2,8.8,17.1,Bangkok,29.7,7.0,2024,6,June,True
2024-06-10,31.3,26.5,3.1,19.8,Bangkok,28.9,4.8,2024,6,June,True
2024-06-11,31.5,26.3,4.8,23.1,Bangkok,28.9,5.2,2024,6,June,True
2024-06-12,32.2,26.6,1.8,13.0,Bangkok,29.4,5.6,2024,6,June,True
2024-06-13,33.4,26.0,1.0,14.4,Bangkok,29.7,7.4,2024,6,June,True
2024-06-14,33.8,26.0,1.5,16.2,Bangkok,29.9,7.8,2024,6,June,True
2024-06-15,34.2,25.7,0.2,15.5,Bangkok,30.0,8.5,2024,6,June,True
2024-06-16,35.2,26.1,3.0,17.1,Bangkok,30.6,9.1,2024,6,June,True
2024-06-17,32.4,26.2,2.9,17.7,Bangkok,29.3,6.2,2024,6,June,True
2024-06-18,33.6,26.1,0.2,17.7,Bangkok,29.8,7.5,2024,6,June,True
2024-06-19,33.6,26.1,4.6,15.7,Bangkok,29.8,7.5,2024,6,June,True
2024-06-20,34.4,26.4,3.3,22.4,Bangkok,30.4,8.0,2024,6,June,True
2024-06-21,33.5,25.9,8.0,21.8,Bangkok,29.7,7.6,2024,6,June,True
2024-06-22,32.8,25.9,16.5,18.6,Bangkok,29.4,6.9,2024,6,June,True
2024-06-23,31.9,26.0,5.5,19.8,Bangkok,29.0,5.9,2024,6,June,True
2024-06-24,31.1,26.7,6.6,19.9,Bangkok,28.9,4.4,2024,6,June,True
2024-06-25,31.5,26.0,25.3,20.0,Bangkok,28.8,5.5,2024,6,June,True
2024-06-26,30.8,26.1,15.3,16.6,Bangkok,28.4,4.7,2024,6,June,True
2024-06-27,31.0,27.0,1.6,14.4,Bangkok,29.0,4.0,2024,6,June,True
2024-06-28,32.7,26.5,5.8,16.6,Bangkok,29.6,6.2,2024,6,June,True
2024-06-29,30.8,26.2,12.5,18.5,Bangkok,28.5,4.6,2024,6,June,True
2024-06-30,31.5,25.6,9.7,14.7,Bangkok,28.6,5.9,2024,6,June,True
2024-07-01,30.8,25.7,1.3,12.8,Bangkok,28.2,5.1,2024,7,July,True
2024-07-02,32.6,25.4,10.0,11.6,Bangkok,29.0,7.2,2024,7,July,True
2024-07-03,32.1,26.9,4.0,17.7,Bangkok,29.5,5.2,2024,7,July,True
2024-07-04,29.6,25.6,7.6,18.7,Bangkok,27.6,4.0,2024,7,July,True
2024-07-05,30.7,25.0,15.7,19.1,Bangkok,27.8,5.7,2024,7,July,True
2024-07-06,31.9,25.7,7.1,16.5,Bangkok,28.8,6.2,2024,7,July,True
2024-07-07,32.9,25.3,1.3,15.9,Bangkok,29.1,7.6,2024,7,July,True
2024-07-08,31.7,26.2,2.0,17.5,Bangkok,29.0,5.5,2024,7,July,True
2024-07-09,31.8,25.3,8.7,16.7,Bangkok,28.6,6.5,2024,7,July,True
2024-07-10,30.1,25.5,34.0,14.8,Bangkok,27.8,4.6,2024,7,July,True
2024-07-11,30.0,25.2,7.6,16.3,Bangkok,27.6,4.8,2024,7,July,True
2024-07-12,30.7,25.3,9.4,22.7,Bangkok,28.0,5.4,2024,7,July,True
2024-07-13,31.7,25.6,8.3,19.3,Bangkok,28.6,6.1,2024,7,July,True
2024-07-14,31.6,25.5,17.3,18.6,Bangkok,28.6,6.1,2024,7,July,True
2024-07-15,29.6,25.1,10.9,14.1,Bangkok,27.4,4.5,2024,7,July,True
2024-07-16,30.2,25.0,23.8,17.5,Bangkok,27.6,5.2,2024,7,July,True
2024-07-17,31.5,25.1,23.1,18.1,Bangkok,28.3,6.4,2024,7,July,True
2024-07-18,30.9,25.5,5.9,18.2,Bangkok,28.2,5.4,2024,7,July,True
2024-07-19,30.5,26.4,4.6,17.1,Bangkok,28.4,4.1,2024,7,July,True
2024-07-20,29.5,26.3,6.3,15.1,Bangkok,27.9,3.2,2024,7,July,True
2024-07-21,31.0,26.3,27.6,15.8,Bangkok,28.6,4.7,2024,7,July,True
2024-07-22,31.3,25.5,5.2,13.7,Bangkok,28.4,5.8,2024,7,July,True
2024-07-23,32.2,26.1,9.5,17.7,Bangkok,29.2,6.1,2024,7,July,True
2024-07-24,29.6,26.5,1.8,19.1,Bangkok,28.0,3.1,2024,7,July,True
2024-07-25,29.2,25.7,5.1,18.0,Bangkok,27.4,3.5,2024,7,July,True
2024-07-26,28.9,26.2,7.4,13.0,Bangkok,27.6,2.7,2024,7,July,True
2024-07-27,31.3,25.7,17.7,16.6,Bangkok,28.5,5.6,2024,7,July,True
2024-07-28,29.0,25.3,18.6,16.9,Bangkok,27.2,3.7,2024,7,July,True
2024-07-29,31.0,24.8,26.4,16.4,Bangkok,27.9,6.2,2024,7,July,True
2024-07-30,30.4,25.7,1.8,14.3,Bangkok,28.0,4.7,2024,7,July,True
2024-07-31,29.9,26.4,1.9,16.8,Bangkok,28.2,3.5,2024,7,July,True
2024-08-01,29.9,26.1,7.4,14.6,Bangkok,28.0,3.8,2024,8,August,True
2024-08-02,30.4,25.9,6.8,10.8,Bangkok,28.2,4.5,2024,8,August,True
2024-08-03,31.4,25.3,6.6,14.5,Bangkok,28.4,6.1,2024,8,August,True
2024-08-04,30.9,25.1,8.7,14.8,Bangkok,28.0,5.8,2024,8,August,True
2024-08-05,30.9,25.5,6.8,18.7,Bangkok,28.2,5.4,2024,8,August,True
2024-08-06,31.9,25.0,8.6,19.2,Bangkok,28.4,6.9,2024,8,August,True
2024-08-07,31.2,24.8,4.6,12.7,Bangkok,28.0,6.4,2024,8,August,True
2024-08-08,31.5,25.3,0.0,10.8,Bangkok,28.4,6.2,2024,8,August,False
2024-08-09,33.6,26.6,0.5,13.6,Bangkok,30.1,7.0,2024,8,August,True
2024-08-10,33.7,26.1,4.6,16.5,Bangkok,29.9,7.6,2024,8,August,True
2024-08-11,34.4,25.9,6.2,20.4,Bangkok,30.2,8.5,2024,8,August,True
2024-08-12,32.1,26.1,16.7,14.7,Bangkok,29.1,6.0,2024,8,August,True
2024-08-13,32.1,25.6,1.1,16.3,Bangkok,28.8,6.5,2024,8,August,True
2024-08-14,33.2,25.8,8.0,13.4,Bangkok,29.5,7.4,2024,8,August,True
2024-08-15,33.1,26.2,1.5,14.1,Bangkok,29.6,6.9,2024,8,August,True
2024-08-16,33.8,26.3,4.6,15.0,Bangkok,30.0,7.5,2024,8,August,True
2024-08-17,31.7,26.4,1.1,14.1,Bangkok,29.0,5.3,2024,8,August,True
2024-08-18,32.9,26.6,0.7,15.5,Bangkok,29.8,6.3,2024,8,August,True
2024-08-19,33.4,25.8,4.0,14.4,Bangkok,29.6,7.6,2024,8,August,True
2024-08-20,32.7,25.9,6.3,12.8,Bangkok,29.3,6.8,2024,8,August,True
2024-08-21,32.9,25.8,3.1,9.2,Bangkok,29.4,7.1,2024,8,August,True
2024-08-22,33.3,26.3,0.8,12.3,Bangkok,29.8,7.0,2024,8,August,True
2024-08-23,34.1,26.5,0.2,14.0,Bangkok,30.3,7.6,2024,8,August,True
2024-08-24,33.4,25.7,5.9,13.8,Bangkok,29.6,7.7,2024,8,August,True
2024-08-25,31.9,25.6,7.9,13.9,Bangkok,28.8,6.3,2024,8,August,True
2024-08-26,33.6,25.6,2.4,15.0,Bangkok,29.6,8.0,2024,8,August,True
2024-08-27,32.7,25.1,0.2,17.3,Bangkok,28.9,7.6,2024,8,August,True
2024-08-28,30.6,24.7,16.3,15.9,Bangkok,27.6,5.9,2024,8,August,True
2024-08-29,30.3,25.2,16.3,20.5,Bangkok,27.8,5.1,2024,8,August,True
2024-08-30,31.9,25.4,4.4,18.6,Bangkok,28.6,6.5,2024,8,August,True
2024-08-31,31.5,25.0,0.2,17.1,Bangkok,28.2,6.5,2024,8,August,True
2024-09-01,32.3,25.4,18.1,17.0,Bangkok,28.8,6.9,2024,9,September,True
2024-09-02,31.0,25.0,23.0,12.2,Bangkok,28.0,6.0,2024,9,September,True
2024-09-03,30.2,24.8,11.2,14.4,Bangkok,27.5,5.4,2024,9,September,True
2024-09-04,30.6,25.3,13.5,14.4,Bangkok,28.0,5.3,2024,9,September,True
2024-09-05,32.1,24.4,8.4,18.4,Bangkok,28.2,7.7,2024,9,September,True
2024-09-06,31.9,25.4,17.8,22.0,Bangkok,28.6,6.5,2024,9,September,True
2024-09-07,32.0,25.4,0.8,18.0,Bangkok,28.7,6.6,2024,9,September,True
2024-09-08,32.3,26.0,1.6,17.9,Bangkok,29.2,6.3,2024,9,September,True
2024-09-09,31.1,26.3,4.1,17.3,Bangkok,28.7,4.8,2024,9,September,True
2024-09-10,32.1,25.4,6.4,15.6,Bangkok,28.8,6.7,2024,9,September,True
2024-09-11,30.7,26.1,6.6,13.5,Bangkok,28.4,4.6,2024,9,September,True
2024-09-12,32.4,25.1,13.7,15.8,Bangkok,28.8,7.3,2024,9,September,True
2024-09-13,31.4,25.8,6.1,18.0,Bangkok,28.6,5.6,2024,9,September,True
2024-09-14,31.8,25.2,18.0,16.0,Bangkok,28.5,6.6,2024,9,September,True
2024-09-15,31.7,25.4,17.4,19.9,Bangkok,28.6,6.3,2024,9,September,True
2024-09-16,32.9,24.7,13.2,22.0,Bangkok,28.8,8.2,2024,9,September,True
2024-09-17,32.9,26.2,3.9,18.5,Bangkok,29.6,6.7,2024,9,September,True
2024-09-18,31.6,25.2,19.5,18.4,Bangkok,28.4,6.4,2024,9,September,True
2024-09-19,31.6,24.7,5.4,7.6,Bangkok,28.2,6.9,2024,9,September,True
2024-09-20,31.9,24.9,15.3,13.4,Bangkok,28.4,7.0,2024,9,September,True
2024-09-21,30.9,24.9,10.7,18.8,Bangkok,27.9,6.0,2024,9,September,True
2024-09-22,30.1,26.0,11.4,17.6,Bangkok,28.0,4.1,2024,9,September,True
2024-09-23,31.0,25.8,3.6,13.8,Bangkok,28.4,5.2,2024,9,September,True
2024-09-24,28.9,26.1,4.7,9.7,Bangkok,27.5,2.8,2024,9,September,True
2024-09-25,30.6,24.8,6.7,8.5,Bangkok,27.7,5.8,2024,9,September,True
2024-09-26,31.5,25.1,9.2,14.1,Bangkok,28.3,6.4,2024,9,September,True
2024-09-27,31.8,24.8,5.6,10.2,Bangkok,28.3,7.0,2024,9,September,True
2024-09-28,31.5,25.5,1.6,13.2,Bangkok,28.5,6.0,2024,9,September,True
2024-09-29,31.8,26.7,2.2,13.3,Bangkok,29.2,5.1,2024,9,September,True
2024-09-30,33.3,25.8,14.2,14.8,Bangkok,29.6,7.5,2024,9,September,True
2024-10-01,31.3,25.3,7.8,12.3,Bangkok,28.3,6.0,2024,10,October,True
2024-10-02,31.1,24.9,3.1,17.3,Bangkok,28.0,6.2,2024,10,October,True
2024-10-03,30.3,24.2,23.6,14.7,Bangkok,27.2,6.1,2024,10,October,True
2024-10-04,31.1,23.8,40.6,12.5,Bangkok,27.4,7.3,2024,10,October,True
2024-10-05,31.8,24.6,0.1,10.9,Bangkok,28.2,7.2,2024,10,October,True
2024-10-06,32.3,24.1,0.0,10.5,Bangkok,28.2,8.2,2024,10,October,False
2024-10-07,31.9,25.3,0.5,11.7,Bangkok,28.6,6.6,2024,10,October,True
2024-10-08,32.1,25.0,1.3,12.4,Bangkok,28.6,7.1,2024,10,October,True
2024-10-09,31.2,24.8,7.7,12.1,Bangkok,28.0,6.4,2024,10,October,True
2024-10-10,31.7,24.9,15.9,17.2,Bangkok,28.3,6.8,2024,10,October,True
2024-10-11,32.2,24.5,0.0,10.3,Bangkok,28.4,7.7,2024,10,October,False
2024-10-12,32.2,25.0,1.1,15.1,Bangkok,28.6,7.2,2024,10,October,True
2024-10-13,32.0,25.2,2.5,17.7,Bangkok,28.6,6.8,2024,10,October,True
2024-10-14,32.1,25.0,3.1,8.8,Bangkok,28.6,7.1,2024,10,October,True
2024-10-15,32.9,25.2,0.0,10.2,Bangkok,29.0,7.7,2024,10,October,False
2024-10-16,32.2,25.6,3.1,10.1,Bangkok,28.9,6.6,2024,10,October,True
2024-10-17,32.4,25.1,0.9,10.0,Bangkok,28.8,7.3,2024,10,October,True
2024-10-18,31.3,24.4,8.7,10.2,Bangkok,27.8,6.9,2024,10,October,True
2024-10-19,30.0,24.1,32.2,13.5,Bangkok,27.0,5.9,2024,10,October,True
2024-10-20,29.6,23.9,16.4,15.7,Bangkok,26.8,5.7,2024,10,October,True
2024-10-21,31.2,24.1,2.4,8.3,Bangkok,27.6,7.1,2024,10,October,True
2024-10-22,31.8,24.4,7.3,11.9,Bangkok,28.1,7.4,2024,10,October,True
2024-10-23,31.1,23.9,5.1,11.1,Bangkok,27.5,7.2,2024,10,October,True
2024-10-24,32.4,24.3,0.0,11.7,Bangkok,28.4,8.1,2024,10,October,False
2024-10-25,31.7,24.2,0.6,9.8,Bangkok,28.0,7.5,2024,10,October,True
2024-10-26,33.3,25.1,0.1,11.6,Bangkok,29.2,8.2,2024,10,October,True
2024-10-27,33.4,26.4,9.3,16.1,Bangkok,29.9,7.0,2024,10,October,True
2024-10-28,30.6,24.3,14.3,15.7,Bangkok,27.4,6.3,2024,10,October,True
2024-10-29,31.9,24.1,5.7,12.7,Bangkok,28.0,7.8,2024,10,October,True
2024-10-30,31.2,24.1,3.9,10.6,Bangkok,27.6,7.1,2024,10,October,True
2024-10-31,31.9,24.1,1.7,11.2,Bangkok,28.0,7.8,2024,10,October,True
2024-11-01,32.3,25.0,12.5,10.5,Bangkok,28.6,7.3,2024,11,November,True
2024-11-02,32.0,24.9,0.8,18.5,Bangkok,28.4,7.1,2024,11,November,True
2024-11-03,31.5,23.9,0.0,11.0,Bangkok,27.7,7.6,2024,11,November,False
2024-11-04,31.4,24.4,0.3,15.3,Bangkok,27.9,7.0,2024,11,November,True
2024-11-05,30.1,23.9,2.6,17.4,Bangkok,27.0,6.2,2024,11,November,True
2024-11-06,29.5,24.1,1.1,16.3,Bangkok,26.8,5.4,2024,11,November,True
2024-11-07,31.1,24.5,0.6,17.7,Bangkok,27.8,6.6,2024,11,November,True
2024-11-08,31.7,23.9,0.6,14.9,Bangkok,27.8,7.8,2024,11,November,True
2024-11-09,31.2,24.1,0.0,11.1,Bangkok,27.6,7.1,2024,11,November,False
2024-11-10,31.9,23.0,0.0,12.5,Bangkok,27.4,8.9,2024,11,November,False
2024-11-11,32.5,22.7,0.0,11.2,Bangkok,27.6,9.8,2024,11,November,False
2024-11-12,32.6,23.6,0.0,10.0,Bangkok,28.1,9.0,2024,11,November,False
2024-11-13,35.9,25.9,0.0,7.9,Bangkok,30.9,10.0,2024,11,November,False
2024-11-14,34.8,26.9,8.5,9.6,Bangkok,30.8,7.9,2024,11,November,True
2024-11-15,32.8,24.7,10.8,5.8,Bangkok,28.8,8.1,2024,11,November,True
2024-11-16,34.8,26.2,0.8,6.2,Bangkok,30.5,8.6,2024,11,November,True
2024-11-17,34.3,24.7,25.6,13.8,Bangkok,29.5,9.6,2024,11,November,True
2024-11-18,32.7,24.5,0.2,10.1,Bangkok,28.6,8.2,2024,11,November,True
2024-11-19,33.3,24.4,0.0,7.1,Bangkok,28.8,8.9,2024,11,November,False
2024-11-20,33.5,24.6,0.0,9.2,Bangkok,29.0,8.9,2024,11,November,False
2024-11-21,34.2,24.8,0.2,9.7,Bangkok,29.5,9.4,2024,11,November,True
2024-11-22,33.6,25.2,0.1,10.3,Bangkok,29.4,8.4,2024,11,November,True
2024-11-23,33.7,25.6,0.1,11.8,Bangkok,29.6,8.1,2024,11,November,True
2024-11-24,33.6,25.1,0.4,11.9,Bangkok,29.4,8.5,2024,11,November,True
2024-11-25,33.5,25.5,0.4,12.6,Bangkok,29.5,8.0,2024,11,November,True
2024-11-26,33.5,25.4,0.0,12.7,Bangkok,29.4,8.1,2024,11,November,False
2024-11-27,33.0,25.6,0.8,12.1,Bangkok,29.3,7.4,2024,11,November,True
2024-11-28,32.7,24.7,0.0,12.5,Bangkok,28.7,8.0,2024,11,November,False
2024-11-29,31.5,22.7,0.0,11.8,Bangkok,27.1,8.8,2024,11,November,False
2024-11-30,31.7,21.9,0.0,9.0,Bangkok,26.8,9.8,2024,11,November,False
2024-12-01,33.2,22.2,0.0,8.9,Bangkok,27.7,11.0,2024,12,December,False
2024-12-02,34.7,22.9,0.0,7.3,Bangkok,28.8,11.8,2024,12,December,False
2024-12-03,35.9,25.0,0.0,8.9,Bangkok,30.4,10.9,2024,12,December,False
2024-12-04,35.6,25.5,0.0,11.4,Bangkok,30.6,10.1,2024,12,December,False
2024-12-05,35.3,26.1,0.0,9.1,Bangkok,30.7,9.2,2024,12,December,False
2024-12-06,35.3,26.2,0.0,7.4,Bangkok,30.8,9.1,2024,12,December,False
2024-12-07,34.8,26.5,1.7,12.5,Bangkok,30.6,8.3,2024,12,December,True
2024-12-08,34.0,27.2,0.9,13.3,Bangkok,30.6,6.8,2024,12,December,True
2024-12-09,33.9,25.2,0.0,12.6,Bangkok,29.6,8.7,2024,12,December,False
2024-12-10,34.8,24.8,0.0,11.4,Bangkok,29.8,10.0,2024,12,December,False
2024-12-11,34.7,25.4,0.0,16.2,Bangkok,30.0,9.3,2024,12,December,False
2024-12-12,34.5,27.1,0.5,11.6,Bangkok,30.8,7.4,2024,12,December,True
2024-12-13,30.6,26.2,5.8,10.8,Bangkok,28.4,4.4,2024,12,December,True
2024-12-14,31.7,24.8,0.0,13.9,Bangkok,28.2,6.9,2024,12,December,False
2024-12-15,29.8,22.8,0.0,12.7,Bangkok,26.3,7.0,2024,12,December,False
2024-12-16,31.9,22.9,0.0,7.7,Bangkok,27.4,9.0,2024,12,December,False
2024-12-17,32.0,22.6,0.0,9.3,Bangkok,27.3,9.4,2024,12,December,False
2024-12-18,32.9,23.1,0.0,14.0,Bangkok,28.0,9.8,2024,12,December,False
2024-12-19,32.3,23.1,0.0,13.1,Bangkok,27.7,9.2,2024,12,December,False
2024-12-20,31.4,21.8,0.0,10.5,Bangkok,26.6,9.6,2024,12,December,False
2024-12-21,32.2,21.6,0.0,9.6,Bangkok,26.9,10.6,2024,12,December,False
2024-12-22,30.9,21.8,0.0,13.5,Bangkok,26.4,9.1,2024,12,December,False
2024-12-23,30.6,20.4,0.0,9.4,Bangkok,25.5,10.2,2024,12,December,False
2024-12-24,34.3,21.9,0.0,10.7,Bangkok,28.1,12.4,2024,12,December,False
2024-12-25,33.2,22.6,0.0,11.0,Bangkok,27.9,10.6,2024,12,December,False
2024-12-26,33.0,23.8,0.0,9.5,Bangkok,28.4,9.2,2024,12,December,False
2024-12-27,34.7,26.0,0.6,13.6,Bangkok,30.4,8.7,2024,12,December,True
2024-12-28,32.6,25.6,0.0,14.2,Bangkok,29.1,7.0,2024,12,December,False
2024-12-29,32.2,22.8,0.0,11.1,Bangkok,27.5,9.4,2024,12,December,False
2024-12-30,32.4,22.5,0.0,7.9,Bangkok,27.4,9.9,2024,12,December,False
2024-12-31,32.4,21.3,0.0,10.9,Bangkok,26.8,11.1,2024,12,December,False
2025-01-01,33.6,22.4,0.0,7.0,Bangkok,28.0,11.2,2025,1,January,False
2025-01-02,33.7,22.0,0.0,10.9,Bangkok,27.8,11.7,2025,1,January,False
2025-01-03,33.6,22.7,0.0,11.5,Bangkok,28.2,10.9,2025,1,January,False
2025-01-04,33.9,22.4,0.0,7.7,Bangkok,28.2,11.5,2025,1,January,False
2025-01-05,32.5,22.4,0.0,11.2,Bangkok,27.4,10.1,2025,1,January,False
2025-01-06,32.5,20.5,0.0,7.7,Bangkok,26.5,12.0,2025,1,January,False
2025-01-07,33.2,21.0,0.0,6.9,Bangkok,27.1,12.2,2025,1,January,False
2025-01-08,34.1,22.9,0.0,8.8,Bangkok,28.5,11.2,2025,1,January,False
2025-01-09,33.9,24.3,0.0,13.0,Bangkok,29.1,9.6,2025,1,January,False
2025-01-10,31.1,23.2,0.0,15.5,Bangkok,27.2,7.9,2025,1,January,False
2025-01-11,30.1,21.8,0.0,14.7,Bangkok,26.0,8.3,2025,1,January,False
2025-01-12,29.0,19.1,0.0,13.4,Bangkok,24.0,9.9,2025,1,January,False
2025-01-13,29.4,18.5,0.0,8.6,Bangkok,24.0,10.9,2025,1,January,False
2025-01-14,31.5,18.5,0.0,10.1,Bangkok,25.0,13.0,2025,1,January,False
2025-01-15,34.6,20.6,0.0,15.2,Bangkok,27.6,14.0,2025,1,January,False
2025-01-16,32.9,23.9,0.0,12.7,Bangkok,28.4,9.0,2025,1,January,False
2025-01-17,32.3,22.8,0.0,13.4,Bangkok,27.6,9.5,2025,1,January,False
2025-01-18,33.8,21.5,0.0,9.8,Bangkok,27.6,12.3,2025,1,January,False
2025-01-19,33.6,20.9,0.0,8.0,Bangkok,27.2,12.7,2025,1,January,False
2025-01-20,34.2,21.5,0.0,5.8,Bangkok,27.8,12.7,2025,1,January,False
2025-01-21,34.2,22.2,0.0,7.4,Bangkok,28.2,12.0,2025,1,January,False
2025-01-22,34.7,22.1,0.0,7.2,Bangkok,28.4,12.6,2025,1,January,False
2025-01-23,35.3,22.9,0.0,10.9,Bangkok,29.1,12.4,2025,1,January,False
2025-01-24,36.0,22.9,0.0,9.2,Bangkok,29.4,13.1,2025,1,January,False
2025-01-25,35.8,22.8,0.0,12.4,Bangkok,29.3,13.0,2025,1,January,False
2025-01-26,36.4,23.8,0.0,8.8,Bangkok,30.1,12.6,2025,1,January,False
2025-01-27,29.4,22.6,0.2,18.2,Bangkok,26.0,6.8,2025,1,January,True
2025-01-28,30.7,22.7,0.0,12.6,Bangkok,26.7,8.0,2025,1,January,False
2025-01-29,30.8,21.6,0.0,11.8,Bangkok,26.2,9.2,2025,1,January,False
2025-01-30,33.2,21.8,0.0,8.8,Bangkok,27.5,11.4,2025,1,January,False
2025-01-31,34.8,22.1,0.0,11.9,Bangkok,28.4,12.7,2025,1,January,False
2025-02-01,35.7,23.1,0.0,14.6,Bangkok,29.4,12.6,2025,2,February,False
2025-02-02,35.7,23.3,0.0,11.3,Bangkok,29.5,12.4,2025,2,February,False
2025-02-03,35.3,23.9,0.0,10.9,Bangkok,29.6,11.4,2025,2,February,False
2025-02-04,34.0,25.7,1.0,12.9,Bangkok,29.8,8.3,2025,2,February,True
2025-02-05,35.0,24.9,0.0,10.3,Bangkok,30.0,10.1,2025,2,February,False
2025-02-06,33.9,24.5,0.0,11.4,Bangkok,29.2,9.4,2025,2,February,False
2025-02-07,32.9,24.7,0.1,9.0,Bangkok,28.8,8.2,2025,2,February,True
2025-02-08,34.5,25.5,0.0,13.6,Bangkok,30.0,9.0,2025,2,February,False
2025-02-09,32.6,23.3,0.0,14.0,Bangkok,28.0,9.3,2025,2,February,False
2025-02-10,33.9,22.4,0.0,8.5,Bangkok,28.2,11.5,2025,2,February,False
2025-02-11,36.0,22.8,0.0,6.6,Bangkok,29.4,13.2,2025,2,February,False
2025-02-12,37.4,23.6,0.0,12.9,Bangkok,30.5,13.8,2025,2,February,False
2025-02-13,36.8,24.9,0.0,14.9,Bangkok,30.8,11.9,2025,2,February,False
2025-02-14,35.1,25.0,0.0,10.7,Bangkok,30.0,10.1,2025,2,February,False
2025-02-15,37.0,25.0,0.0,11.3,Bangkok,31.0,12.0,2025,2,February,False
2025-02-16,37.3,25.3,0.0,15.2,Bangkok,31.3,12.0,2025,2,February,False
2025-02-17,32.1,26.6,3.1,13.2,Bangkok,29.4,5.5,2025,2,February,True
2025-02-18,31.9,25.2,4.9,11.6,Bangkok,28.6,6.7,2025,2,February,True
2025-02-19,32.4,22.8,20.7,9.8,Bangkok,27.6,9.6,2025,2,February,True
2025-02-20,32.4,23.1,4.2,6.5,Bangkok,27.8,9.3,2025,2,February,True
2025-02-21,32.4,24.9,2.0,13.1,Bangkok,28.6,7.5,2025,2,February,True
2025-02-22,34.8,23.2,3.8,12.1,Bangkok,29.0,11.6,2025,2,February,True
2025-02-23,35.9,25.3,1.6,13.4,Bangkok,30.6,10.6,2025,2,February,True
2025-02-24,27.9,24.2,14.7,10.4,Bangkok,26.0,3.7,2025,2,February,True
2025-02-25,28.9,23.1,1.5,13.4,Bangkok,26.0,5.8,2025,2,February,True
2025-02-26,32.7,21.8,0.0,13.5,Bangkok,27.2,10.9,2025,2,February,False
2025-02-27,35.0,24.1,0.1,9.1,Bangkok,29.6,10.9,2025,2,February,True
2025-02-28,36.2,25.7,1.2,10.1,Bangkok,31.0,10.5,2025,2,February,True
2025-03-01,34.5,26.5,0.1,10.6,Bangkok,30.5,8.0,2025,3,March,True
2025-03-02,35.6,27.0,0.0,11.4,Bangkok,31.3,8.6,2025,3,March,False
2025-03-03,34.6,27.3,0.0,12.8,Bangkok,31.0,7.3,2025,3,March,False
2025-03-04,34.7,27.4,0.0,13.1,Bangkok,31.0,7.3,2025,3,March,False
2025-03-05,35.6,27.2,0.0,12.5,Bangkok,31.4,8.4,2025,3,March,False
2025-03-06,35.0,26.7,0.0,12.4,Bangkok,30.8,8.3,2025,3,March,False
2025-03-07,33.7,24.5,6.5,15.6,Bangkok,29.1,9.2,2025,3,March,True
2025-03-08,32.8,24.0,0.7,12.1,Bangkok,28.4,8.8,2025,3,March,True
2025-03-09,34.3,23.8,0.0,9.6,Bangkok,29.0,10.5,2025,3,March,False
2025-03-10,36.7,25.9,0.0,11.2,Bangkok,31.3,10.8,2025,3,March,False
2025-03-11,37.1,27.9,2.3,11.0,Bangkok,32.5,9.2,2025,3,March,True
2025-03-12,35.3,27.3,0.5,11.8,Bangkok,31.3,8.0,2025,3,March,True
2025-03-13,34.7,28.3,7.3,12.3,Bangkok,31.5,6.4,2025,3,March,True
2025-03-14,35.2,27.1,0.6,11.2,Bangkok,31.2,8.1,2025,3,March,True
2025-03-15,35.4,27.5,0.1,9.8,Bangkok,31.4,7.9,2025,3,March,True
2025-03-16,36.7,27.6,0.3,9.3,Bangkok,32.2,9.1,2025,3,March,True
2025-03-17,34.8,27.8,4.3,11.3,Bangkok,31.3,7.0,2025,3,March,True
2025-03-18,34.8,26.1,1.4,10.7,Bangkok,30.4,8.7,2025,3,March,True
2025-03-19,34.7,26.0,0.0,15.0,Bangkok,30.4,8.7,2025,3,March,False
2025-03-20,33.8,23.6,0.0,9.4,Bangkok,28.7,10.2,2025,3,March,False
2025-03-21,33.6,22.7,0.0,9.4,Bangkok,28.2,10.9,2025,3,March,False
2025-03-22,36.2,24.2,0.0,8.6,Bangkok,30.2,12.0,2025,3,March,False
2025-03-23,37.9,25.6,0.0,14.4,Bangkok,31.8,12.3,2025,3,March,False
2025-03-24,37.1,26.4,0.8,10.8,Bangkok,31.8,10.7,2025,3,March,True
2025-03-25,36.7,27.1,0.0,12.6,Bangkok,31.9,9.6,2025,3,March,False
2025-03-26,36.4,28.0,2.9,12.6,Bangkok,32.2,8.4,2025,3,March,True
2025-03-27,36.0,28.2,0.2,12.1,Bangkok,32.1,7.8,2025,3,March,True
2025-03-28,38.6,27.5,0.5,13.5,Bangkok,33.0,11.1,2025,3,March,True
2025-03-29,36.8,27.6,0.3,12.9,Bangkok,32.2,9.2,2025,3,March,True
2025-03-30,34.7,25.7,9.0,11.8,Bangkok,30.2,9.0,2025,3,March,True
2025-03-31,31.5,23.7,23.8,11.2,Bangkok,27.6,7.8,2025,3,March,True
2025-04-01,32.1,25.4,1.4,7.1,Bangkok,28.8,6.7,2025,4,April,True
2025-04-02,33.1,25.1,0.9,11.0,Bangkok,29.1,8.0,2025,4,April,True
2025-04-03,34.8,26.3,1.6,11.3,Bangkok,30.6,8.5,2025,4,April,True
2025-04-04,33.6,26.3,0.6,12.3,Bangkok,30.0,7.3,2025,4,April,True
2025-04-05,34.1,27.5,0.4,14.1,Bangkok,30.8,6.6,2025,4,April,True
2025-04-06,35.4,27.3,0.0,12.6,Bangkok,31.4,8.1,2025,4,April,False
2025-04-07,34.2,26.6,2.0,12.9,Bangkok,30.4,7.6,2025,4,April,True
2025-04-08,34.0,26.3,2.0,12.8,Bangkok,30.2,7.7,2025,4,April,True
2025-04-09,33.5,26.8,0.1,11.7,Bangkok,30.2,6.7,2025,4,April,True
2025-04-10,31.3,24.8,3.6,10.2,Bangkok,28.0,6.5,2025,4,April,True
2025-04-11,33.3,26.5,5.7,12.2,Bangkok,29.9,6.8,2025,4,April,True
2025-04-12,34.6,25.4,0.0,13.0,Bangkok,30.0,9.2,2025,4,April,False
2025-04-13,36.4,27.7,3.6,11.3,Bangkok,32.0,8.7,2025,4,April,True
2025-04-14,32.2,24.5,10.1,10.5,Bangkok,28.4,7.7,2025,4,April,True
2025-04-15,36.0,25.7,6.1,12.8,Bangkok,30.8,10.3,2025,4,April,True
2025-04-16,30.6,26.1,13.9,8.3,Bangkok,28.4,4.5,2025,4,April,True
2025-04-17,34.3,26.2,3.0,11.0,Bangkok,30.2,8.1,2025,4,April,True
2025-04-18,34.7,25.7,5.7,10.8,Bangkok,30.2,9.0,2025,4,April,True
2025-04-19,35.7,26.3,4.0,11.2,Bangkok,31.0,9.4,2025,4,April,True
2025-04-20,35.9,28.1,0.2,14.3,Bangkok,32.0,7.8,2025,4,April,True
2025-04-21,36.6,28.7,0.0,12.4,Bangkok,32.6,7.9,2025,4,April,False
2025-04-22,36.3,28.3,0.0,14.8,Bangkok,32.3,8.0,2025,4,April,False
2025-04-23,37.9,28.2,0.7,12.1,Bangkok,33.0,9.7,2025,4,April,True
2025-04-24,35.9,29.0,0.0,14.7,Bangkok,32.4,6.9,2025,4,April,False
2025-04-25,38.7,28.5,0.1,14.3,Bangkok,33.6,10.2,2025,4,April,True
2025-04-26,35.5,29.5,2.4,16.2,Bangkok,32.5,6.0,2025,4,April,True
2025-04-27,32.7,28.1,9.0,13.9,Bangkok,30.4,4.6,2025,4,April,True
2025-04-28,35.2,26.7,0.8,11.9,Bangkok,31.0,8.5,2025,4,April,True
2025-04-29,34.4,26.0,1.6,9.4,Bangkok,30.2,8.4,2025,4,April,True
2025-04-30,38.0,27.3,8.2,13.5,Bangkok,32.6,10.7,2025,4,April,True
2025-05-01,33.7,24.4,25.1,9.2,Bangkok,29.0,9.3,2025,5,May,True
2025-05-02,34.0,25.6,7.2,8.5,Bangkok,29.8,8.4,2025,5,May,True
2025-05-03,31.6,25.5,1.2,7.9,Bangkok,28.6,6.1,2025,5,May,True
2025-05-04,33.1,26.2,2.0,7.5,Bangkok,29.6,6.9,2025,5,May,True
2025-05-05,33.2,27.2,0.1,11.4,Bangkok,30.2,6.0,2025,5,May,True
2025-05-06,31.9,27.0,6.7,11.2,Bangkok,29.4,4.9,2025,5,May,True
2025-05-07,32.3,26.6,2.9,11.4,Bangkok,29.4,5.7,2025,5,May,True
2025-05-08,35.3,27.2,3.4,12.2,Bangkok,31.2,8.1,2025,5,May,True
2025-05-09,35.0,27.4,4.9,9.9,Bangkok,31.2,7.6,2025,5,May,True
2025-05-10,35.8,25.8,31.0,9.0,Bangkok,30.8,10.0,2025,5,May,True
2025-05-11,31.6,25.0,4.6,9.7,Bangkok,28.3,6.6,2025,5,May,True
2025-05-12,31.9,24.3,13.3,10.1,Bangkok,28.1,7.6,2025,5,May,True
2025-05-13,30.4,24.3,6.0,8.3,Bangkok,27.4,6.1,2025,5,May,True
2025-05-14,30.6,24.3,21.5,14.4,Bangkok,27.4,6.3,2025,5,May,True
2025-05-15,30.8,25.1,11.1,9.0,Bangkok,28.0,5.7,2025,5,May,True
2025-05-16,31.9,24.9,10.2,7.4,Bangkok,28.4,7.0,2025,5,May,True
2025-05-17,31.6,25.8,23.1,10.2,Bangkok,28.7,5.8,2025,5,May,True
2025-05-18,32.7,25.7,0.0,7.9,Bangkok,29.2,7.0,2025,5,May,False
2025-05-19,31.9,26.2,1.9,10.4,Bangkok,29.0,5.7,2025,5,May,True
2025-05-20,32.4,27.1,0.6,7.6,Bangkok,29.8,5.3,2025,5,May,True
2025-05-21,31.0,27.4,7.0,11.2,Bangkok,29.2,3.6,2025,5,May,True
2025-05-22,32.7,26.5,3.2,10.0,Bangkok,29.6,6.2,2025,5,May,True
2025-05-23,34.4,26.6,3.7,12.0,Bangkok,30.5,7.8,2025,5,May,True
2025-05-24,32.8,26.1,4.2,11.7,Bangkok,29.4,6.7,2025,5,May,True
2025-05-25,31.4,24.6,14.0,13.3,Bangkok,28.0,6.8,2025,5,May,True
2025-05-26,30.3,25.3,15.5,14.2,Bangkok,27.8,5.0,2025,5,May,True
2025-05-27,29.8,25.8,2.1,10.8,Bangkok,27.8,4.0,2025,5,May,True
2025-05-28,32.3,26.1,2.6,9.2,Bangkok,29.2,6.2,2025,5,May,True
2025-05-29,31.4,27.2,4.0,10.5,Bangkok,29.3,4.2,2025,5,May,True
2025-05-30,31.0,27.2,15.6,15.4,Bangkok,29.1,3.8,2025,5,May,True
2025-05-31,30.8,25.8,8.3,14.9,Bangkok,28.3,5.0,2025,5,May,True
2025-06-01,31.9,26.4,16.4,12.6,Bangkok,29.2,5.5,2025,6,June,True
2025-06-02,31.7,26.7,8.0,13.8,Bangkok,29.2,5.0,2025,6,June,True
2025-06-03,31.3,25.8,0.5,12.7,Bangkok,28.6,5.5,2025,6,June,True
2025-06-04,33.8,25.8,6.4,11.2,Bangkok,29.8,8.0,2025,6,June,True
2025-06-05,34.3,26.1,3.6,11.3,Bangkok,30.2,8.2,2025,6,June,True
2025-06-06,34.1,26.5,0.1,9.9,Bangkok,30.3,7.6,2025,6,June,True
2025-06-07,34.3,26.4,8.4,14.7,Bangkok,30.4,7.9,2025,6,June,True
2025-06-08,32.7,25.7,0.7,11.5,Bangkok,29.2,7.0,2025,6,June,True
2025-06-09,32.6,26.5,2.4,12.9,Bangkok,29.6,6.1,2025,6,June,True
2025-06-10,32.9,26.0,0.7,9.4,Bangkok,29.4,6.9,2025,6,June,True
2025-06-11,33.1,25.7,0.9,12.3,Bangkok,29.4,7.4,2025,6,June,True
2025-06-12,33.1,25.6,7.0,14.8,Bangkok,29.4,7.5,2025,6,June,True
2025-06-13,30.1,25.6,5.0,12.2,Bangkok,27.8,4.5,2025,6,June,True
2025-06-14,30.8,26.6,12.8,15.2,Bangkok,28.7,4.2,2025,6,June,True
2025-06-15,31.1,25.9,1.9,12.2,Bangkok,28.5,5.2,2025,6,June,True
2025-06-16,32.6,25.4,1.4,11.3,Bangkok,29.0,7.2,2025,6,June,True
2025-06-17,33.2,25.2,4.8,9.6,Bangkok,29.2,8.0,2025,6,June,True
2025-06-18,33.5,25.3,2.8,8.9,Bangkok,29.4,8.2,2025,6,June,True
2025-06-19,32.5,25.8,6.5,11.1,Bangkok,29.2,6.7,2025,6,June,True
2025-06-20,31.7,25.3,9.0,10.6,Bangkok,28.5,6.4,2025,6,June,True
2025-06-21,33.0,25.8,15.4,10.1,Bangkok,29.4,7.2,2025,6,June,True
2025-06-22,32.3,25.5,7.7,14.4,Bangkok,28.9,6.8,2025,6,June,True
2025-06-23,32.5,25.3,8.6,14.3,Bangkok,28.9,7.2,2025,6,June,True
2025-06-24,30.9,25.5,1.7,11.4,Bangkok,28.2,5.4,2025,6,June,True
2025-06-25,32.1,25.7,5.6,10.4,Bangkok,28.9,6.4,2025,6,June,True
2025-06-26,32.5,25.6,5.2,9.9,Bangkok,29.0,6.9,2025,6,June,True
2025-06-27,31.5,24.3,11.6,12.2,Bangkok,27.9,7.2,2025,6,June,True
2025-06-28,29.6,24.5,6.7,10.3,Bangkok,27.0,5.1,2025,6,June,True
2025-06-29,30.4,24.6,16.6,9.4,Bangkok,27.5,5.8,2025,6,June,True
2025-06-30,29.7,25.1,6.1,12.2,Bangkok,27.4,4.6,2025,6,June,True
2025-07-01,31.1,25.1,17.7,9.6,Bangkok,28.1,6.0,2025,7,July,True
2025-07-02,28.3,24.8,7.9,12.2,Bangkok,26.6,3.5,2025,7,July,True
2025-07-03,30.7,25.0,16.9,10.3,Bangkok,27.8,5.7,2025,7,July,True
2025-07-04,31.6,24.7,15.0,10.8,Bangkok,28.2,6.9,2025,7,July,True
2025-07-05,32.4,25.5,4.8,14.0,Bangkok,29.0,6.9,2025,7,July,True
2025-07-06,31.4,24.9,3.2,9.3,Bangkok,28.2,6.5,2025,7,July,True
2025-07-07,30.7,26.0,4.7,11.4,Bangkok,28.4,4.7,2025,7,July,True
2025-07-08,29.9,25.6,11.1,12.1,Bangkok,27.8,4.3,2025,7,July,True
2025-07-09,30.6,25.1,4.4,10.6,Bangkok,27.8,5.5,2025,7,July,True
2025-07-10,31.9,25.1,1.2,14.1,Bangkok,28.5,6.8,2025,7,July,True
2025-07-11,30.9,25.2,3.0,14.3,Bangkok,28.0,5.7,2025,7,July,True
2025-07-12,32.7,26.1,11.1,10.2,Bangkok,29.4,6.6,2025,7,July,True
2025-07-13,32.9,25.8,16.7,7.9,Bangkok,29.4,7.1,2025,7,July,True
2025-07-14,31.9,25.8,1.8,11.1,Bangkok,28.8,6.1,2025,7,July,True
2025-07-15,31.8,26.1,7.5,11.2,Bangkok,29.0,5.7,2025,7,July,True
2025-07-16,30.8,25.5,3.5,13.5,Bangkok,28.2,5.3,2025,7,July,True
2025-07-17,31.2,25.3,8.1,9.9,Bangkok,28.2,5.9,2025,7,July,True
2025-07-18,30.2,25.9,2.5,12.5,Bangkok,28.0,4.3,2025,7,July,True
2025-07-19,31.5,25.6,10.5,12.6,Bangkok,28.6,5.9,2025,7,July,True
2025-07-20,30.8,25.7,8.2,12.9,Bangkok,28.2,5.1,2025,7,July,True
2025-07-21,29.6,25.5,4.4,13.3,Bangkok,27.6,4.1,2025,7,July,True
2025-07-22,29.3,25.3,6.9,14.6,Bangkok,27.3,4.0,2025,7,July,True
2025-07-23,30.1,26.0,3.3,14.8,Bangkok,28.0,4.1,2025,7,July,True
2025-07-24,31.5,26.8,0.1,13.1,Bangkok,29.2,4.7,2025,7,July,True
2025-07-25,32.4,26.1,1.3,15.2,Bangkok,29.2,6.3,2025,7,July,True
2025-07-26,32.2,26.0,2.4,13.9,Bangkok,29.1,6.2,2025,7,July,True
2025-07-27,30.3,25.4,3.5,11.7,Bangkok,27.8,4.9,2025,7,July,True
2025-07-28,29.7,26.6,16.8,12.4,Bangkok,28.2,3.1,2025,7,July,True
2025-07-29,30.8,26.3,9.9,13.7,Bangkok,28.6,4.5,2025,7,July,True
2025-07-30,32.2,25.4,5.7,13.1,Bangkok,28.8,6.8,2025,7,July,True
2025-07-31,32.7,25.2,2.9,11.3,Bangkok,29.0,7.5,2025,7,July,True
2025-08-01,33.2,25.4,0.8,12.1,Bangkok,29.3,7.8,2025,8,August,True
2025-08-02,33.4,25.6,0.0,10.8,Bangkok,29.5,7.8,2025,8,August,False
2025-08-03,34.2,26.0,0.0,13.3,Bangkok,30.1,8.2,2025,8,August,False
2025-08-04,35.2,26.0,0.0,11.9,Bangkok,30.6,9.2,2025,8,August,False
2025-08-05,35.3,26.7,0.2,10.1,Bangkok,31.0,8.6,2025,8,August,True
2025-08-06,35.5,26.2,9.4,12.7,Bangkok,30.8,9.3,2025,8,August,True
2025-08-07,33.2,26.1,0.5,14.2,Bangkok,29.6,7.1,2025,8,August,True
2025-08-08,32.3,26.2,2.8,16.4,Bangkok,29.2,6.1,2025,8,August,True
2025-08-09,34.7,26.1,1.7,15.4,Bangkok,30.4,8.6,2025,8,August,True
2025-08-10,34.0,25.9,0.6,14.7,Bangkok,30.0,8.1,2025,8,August,True
2025-08-11,31.1,26.5,10.3,11.3,Bangkok,28.8,4.6,2025,8,August,True
2025-08-12,31.9,25.2,1.3,12.3,Bangkok,28.6,6.7,2025,8,August,True
2025-08-13,31.7,25.1,5.0,9.9,Bangkok,28.4,6.6,2025,8,August,True
2025-08-14,33.2,24.5,3.1,11.8,Bangkok,28.8,8.7,2025,8,August,True
2025-08-15,31.8,25.0,13.5,15.3,Bangkok,28.4,6.8,2025,8,August,True
2025-08-16,29.3,25.3,6.6,10.0,Bangkok,27.3,4.0,2025,8,August,True
2025-08-17,28.8,24.2,3.5,11.0,Bangkok,26.5,4.6,2025,8,August,True
2025-08-18,32.2,24.1,5.2,10.9,Bangkok,28.2,8.1,2025,8,August,True
2025-08-19,29.9,25.1,7.4,8.7,Bangkok,27.5,4.8,2025,8,August,True
2025-08-20,33.2,24.6,1.0,13.1,Bangkok,28.9,8.6,2025,8,August,True
2025-08-21,33.5,25.1,12.9,13.7,Bangkok,29.3,8.4,2025,8,August,True
2025-08-22,30.0,24.4,13.6,12.8,Bangkok,27.2,5.6,2025,8,August,True
2025-08-23,31.3,24.8,24.3,12.8,Bangkok,28.0,6.5,2025,8,August,True
2025-08-24,31.0,24.4,13.3,9.7,Bangkok,27.7,6.6,2025,8,August,True
2025-08-25,30.8,24.7,11.9,12.3,Bangkok,27.8,6.1,2025,8,August,True
2025-08-26,30.1,24.8,15.7,13.5,Bangkok,27.4,5.3,2025,8,August,True
2025-08-27,30.2,24.9,2.9,9.7,Bangkok,27.6,5.3,2025,8,August,True
2025-08-28,31.6,24.7,1.6,14.5,Bangkok,28.2,6.9,2025,8,August,True
2025-08-29,33.1,25.0,0.0,13.5,Bangkok,29.0,8.1,2025,8,August,False
2025-08-30,33.4,25.5,1.0,13.5,Bangkok,29.4,7.9,2025,8,August,True
2025-08-31,30.7,24.8,13.7,10.1,Bangkok,27.8,5.9,2025,8,August,True
2025-09-01,31.1,24.2,4.8,11.9,Bangkok,27.6,6.9,2025,9,September,True
2025-09-02,30.7,25.8,4.0,7.8,Bangkok,28.2,4.9,2025,9,September,True
2025-09-03,30.9,25.8,5.2,9.7,Bangkok,28.4,5.1,2025,9,September,True
2025-09-04,30.5,25.0,8.2,10.1,Bangkok,27.8,5.5,2025,9,September,True
2025-09-05,32.3,24.8,7.5,9.2,Bangkok,28.6,7.5,2025,9,September,True
2025-09-06,31.6,25.4,12.9,7.1,Bangkok,28.5,6.2,2025,9,September,True
2025-09-07,31.0,24.6,21.7,9.5,Bangkok,27.8,6.4,2025,9,September,True
2025-09-08,29.2,24.6,27.8,12.1,Bangkok,26.9,4.6,2025,9,September,True
2025-09-09,29.7,25.5,16.2,15.8,Bangkok,27.6,4.2,2025,9,September,True
2025-09-10,28.7,24.4,4.0,11.4,Bangkok,26.6,4.3,2025,9,September,True
2025-09-11,31.4,24.9,1.3,7.2,Bangkok,28.2,6.5,2025,9,September,True
2025-09-12,32.1,25.9,10.1,7.9,Bangkok,29.0,6.2,2025,9,September,True
2025-09-13,33.2,25.1,1.6,7.9,Bangkok,29.2,8.1,2025,9,September,True
2025-09-14,30.2,24.2,2.8,9.0,Bangkok,27.2,6.0,2025,9,September,True
2025-09-15,31.1,24.7,1.9,12.3,Bangkok,27.9,6.4,2025,9,September,True
2025-09-16,31.5,24.6,4.1,8.6,Bangkok,28.0,6.9,2025,9,September,True
2025-09-17,31.9,25.5,13.5,9.6,Bangkok,28.7,6.4,2025,9,September,True
2025-09-18,31.8,24.9,7.5,10.3,Bangkok,28.4,6.9,2025,9,September,True
2025-09-19,29.7,25.1,7.8,14.5,Bangkok,27.4,4.6,2025,9,September,True
2025-09-20,30.6,26.3,4.4,13.2,Bangkok,28.4,4.3,2025,9,September,True
2025-09-21,30.9,26.1,17.2,10.9,Bangkok,28.5,4.8,2025,9,September,True
2025-09-22,31.7,25.1,1.9,10.4,Bangkok,28.4,6.6,2025,9,September,True
2025-09-23,30.7,25.8,3.3,11.1,Bangkok,28.2,4.9,2025,9,September,True
2025-09-24,30.0,26.2,4.2,11.4,Bangkok,28.1,3.8,2025,9,September,True
2025-09-25,30.9,25.6,6.0,10.3,Bangkok,28.2,5.3,2025,9,September,True
2025-09-26,29.9,25.5,10.4,10.2,Bangkok,27.7,4.4,2025,9,September,True
2025-09-27,29.9,24.4,25.6,9.9,Bangkok,27.2,5.5,2025,9,September,True
2025-09-28,31.8,24.2,0.7,8.3,Bangkok,28.0,7.6,2025,9,September,True
2025-09-29,31.8,24.8,9.2,13.4,Bangkok,28.3,7.0,2025,9,September,True
2025-09-30,29.2,25.5,17.6,15.2,Bangkok,27.4,3.7,2025,9,September,True
2025-10-01,31.1,24.7,1.6,10.7,Bangkok,27.9,6.4,2025,10,October,True
2025-10-02,32.8,25.2,0.8,4.9,Bangkok,29.0,7.6,2025,10,October,True
2025-10-03,32.1,24.6,2.7,7.5,Bangkok,28.4,7.5,2025,10,October,True
2025-10-04,30.6,24.3,22.5,6.1,Bangkok,27.4,6.3,2025,10,October,True
2025-10-05,30.9,25.0,0.1,11.7,Bangkok,28.0,5.9,2025,10,October,True
2025-10-06,32.8,24.7,2.7,13.5,Bangkok,28.8,8.1,2025,10,October,True
2025-10-07,32.2,25.8,11.6,14.8,Bangkok,29.0,6.4,2025,10,October,True
2025-10-08,31.7,24.3,14.8,9.9,Bangkok,28.0,7.4,2025,10,October,True
2025-10-09,31.3,24.8,1.1,9.8,Bangkok,28.0,6.5,2025,10,October,True
2025-10-10,32.5,25.0,6.0,14.2,Bangkok,28.8,7.5,2025,10,October,True
2025-10-11,31.4,25.4,11.4,7.2,Bangkok,28.4,6.0,2025,10,October,True
2025-10-12,32.2,24.9,8.0,10.2,Bangkok,28.6,7.3,2025,10,October,True
2025-10-13,31.9,24.9,18.3,8.2,Bangkok,28.4,7.0,2025,10,October,True
2025-10-14,29.1,24.4,27.3,6.2,Bangkok,26.8,4.7,2025,10,October,True
2025-10-15,30.9,24.8,6.7,5.3,Bangkok,27.8,6.1,2025,10,October,True
2025-10-16,32.6,25.0,1.2,9.7,Bangkok,28.8,7.6,2025,10,October,True
2025-10-17,32.8,25.4,2.1,11.1,Bangkok,29.1,7.4,2025,10,October,True
2025-10-18,33.2,24.4,6.0,15.6,Bangkok,28.8,8.8,2025,10,October,True
2025-10-19,32.4,24.5,4.2,9.5,Bangkok,28.4,7.9,2025,10,October,True
2025-10-20,32.5,23.6,5.7,11.4,Bangkok,28.0,8.9,2025,10,October,True
2025-10-21,32.7,24.1,6.3,7.0,Bangkok,28.4,8.6,2025,10,October,True
2025-10-22,31.2,25.1,0.3,9.4,Bangkok,28.2,6.1,2025,10,October,True
2025-10-23,30.7,24.4,0.0,13.3,Bangkok,27.6,6.3,2025,10,October,False
2025-10-24,31.4,23.7,0.2,10.1,Bangkok,27.6,7.7,2025,10,October,True
2025-10-25,32.0,24.7,0.9,9.0,Bangkok,28.4,7.3,2025,10,October,True
2025-10-26,32.8,25.8,0.1,14.7,Bangkok,29.3,7.0,2025,10,October,True
2025-10-27,31.5,24.9,0.2,8.1,Bangkok,28.2,6.6,2025,10,October,True
2025-10-28,30.4,25.3,0.9,11.9,Bangkok,27.8,5.1,2025,10,October,True
2025-10-29,31.9,26.4,2.2,12.7,Bangkok,29.2,5.5,2025,10,October,True
2025-10-30,29.9,25.5,8.1,11.2,Bangkok,27.7,4.4,2025,10,October,True
2025-10-31,31.9,24.9,15.6,9.4,Bangkok,28.4,7.0,2025,10,October,True
2025-11-01,29.2,24.3,40.7,8.4,Bangkok,26.8,4.9,2025,11,November,True
2025-11-02,30.4,24.7,35.7,9.9,Bangkok,27.6,5.7,2025,11,November,True
2025-11-03,29.6,24.1,11.1,6.8,Bangkok,26.8,5.5,2025,11,November,True
2025-11-04,29.5,24.0,3.1,9.5,Bangkok,26.8,5.5,2025,11,November,True
2025-11-05,29.3,24.3,0.3,5.3,Bangkok,26.8,5.0,2025,11,November,True
2025-11-06,30.9,24.4,1.3,6.9,Bangkok,27.6,6.5,2025,11,November,True
2025-11-07,30.1,25.5,0.1,9.0,Bangkok,27.8,4.6,2025,11,November,True
2025-11-08,30.0,24.5,7.3,7.3,Bangkok,27.2,5.5,2025,11,November,True
2025-11-09,32.8,25.0,0.6,9.1,Bangkok,28.9,7.8,2025,11,November,True
2025-11-10,31.2,24.1,10.6,8.4,Bangkok,27.6,7.1,2025,11,November,True
2025-11-11,34.1,25.0,0.4,5.7,Bangkok,29.6,9.1,2025,11,November,True
2025-11-12,33.9,26.4,4.4,6.9,Bangkok,30.2,7.5,2025,11,November,True
2025-11-13,30.8,24.6,22.6,9.9,Bangkok,27.7,6.2,2025,11,November,True
2025-11-14,31.4,24.5,2.2,9.7,Bangkok,28.0,6.9,2025,11,November,True
2025-11-15,29.7,22.7,0.0,13.2,Bangkok,26.2,7.0,2025,11,November,False
2025-11-16,30.5,22.5,0.0,10.5,Bangkok,26.5,8.0,2025,11,November,False
2025-11-17,30.2,24.1,6.1,13.6,Bangkok,27.2,6.1,2025,11,November,True
2025-11-18,30.0,23.4,15.7,11.1,Bangkok,26.7,6.6,2025,11,November,True
2025-11-19,28.0,22.8,0.2,13.4,Bangkok,25.4,5.2,2025,11,November,True
2025-11-20,25.6,20.9,0.0,14.0,Bangkok,23.2,4.7,2025,11,November,False
2025-11-21,25.8,21.0,0.0,13.2,Bangkok,23.4,4.8,2025,11,November,False
2025-11-22,29.4,20.9,0.0,10.9,Bangkok,25.2,8.5,2025,11,November,False
2025-11-23,30.6,21.3,0.0,12.8,Bangkok,26.0,9.3,2025,11,November,False
2025-11-24,31.3,23.5,0.0,12.7,Bangkok,27.4,7.8,2025,11,November,False
2025-11-25,29.8,23.0,0.0,13.3,Bangkok,26.4,6.8,2025,11,November,False
2025-11-26,30.2,20.6,0.0,14.2,Bangkok,25.4,9.6,2025,11,November,False
2025-11-27,29.2,20.5,0.0,14.5,Bangkok,24.8,8.7,2025,11,November,False
2025-11-28,28.2,17.9,0.0,12.5,Bangkok,23.0,10.3,2025,11,November,False
2025-11-29,29.9,17.5,0.0,10.9,Bangkok,23.7,12.4,2025,11,November,False
2025-11-30,31.5,18.8,0.0,9.7,Bangkok,25.2,12.7,2025,11,November,False
2025-12-01,33.2,20.6,0.0,9.1,Bangkok,26.9,12.6,2025,12,December,False
2025-12-02,34.7,22.4,0.0,8.3,Bangkok,28.6,12.3,2025,12,December,False
2025-12-03,35.1,24.0,0.1,8.9,Bangkok,29.6,11.1,2025,12,December,True
2025-12-04,32.9,25.4,0.3,11.1,Bangkok,29.2,7.5,2025,12,December,True
2025-12-05,31.3,23.6,5.6,13.6,Bangkok,27.4,7.7,2025,12,December,True
2025-12-06,30.3,23.9,0.0,8.4,Bangkok,27.1,6.4,2025,12,December,False
2025-12-07,31.4,23.5,0.0,5.9,Bangkok,27.4,7.9,2025,12,December,False
2025-12-08,29.8,22.6,0.0,14.3,Bangkok,26.2,7.2,2025,12,December,False
2025-12-09,29.8,22.1,0.0,9.5,Bangkok,26.0,7.7,2025,12,December,False
2025-12-10,31.6,21.1,0.0,15.2,Bangkok,26.4,10.5,2025,12,December,False
2025-12-11,26.8,22.9,0.3,11.0,Bangkok,24.8,3.9,2025,12,December,True
2025-12-12,28.9,22.8,0.1,11.0,Bangkok,25.8,6.1,2025,12,December,True
2025-12-13,31.8,23.6,2.4,11.9,Bangkok,27.7,8.2,2025,12,December,True
2025-12-14,31.5,24.1,0.1,10.1,Bangkok,27.8,7.4,2025,12,December,True
2025-12-15,32.1,23.6,0.0,9.3,Bangkok,27.8,8.5,2025,12,December,False
2025-12-16,33.7,23.4,0.0,7.1,Bangkok,28.6,10.3,2025,12,December,False
2025-12-17,33.1,24.2,0.0,8.7,Bangkok,28.6,8.9,2025,12,December,False
2025-12-18,31.7,24.3,0.2,9.8,Bangkok,28.0,7.4,2025,12,December,True
2025-12-19,32.8,22.8,0.0,9.3,Bangkok,27.8,10.0,2025,12,December,False
2025-12-20,34.1,23.0,0.0,9.2,Bangkok,28.6,11.1,2025,12,December,False
2025-12-21,32.9,24.1,0.0,9.8,Bangkok,28.5,8.8,2025,12,December,False
2025-12-22,33.7,23.5,0.0,8.6,Bangkok,28.6,10.2,2025,12,December,False
2025-12-23,33.3,25.1,0.1,7.3,Bangkok,29.2,8.2,2025,12,December,True
2025-12-24,33.9,24.4,0.0,7.4,Bangkok,29.2,9.5,2025,12,December,False
2025-12-25,34.8,24.8,0.0,9.4,Bangkok,29.8,10.0,2025,12,December,False
2025-12-26,32.0,24.8,0.0,12.6,Bangkok,28.4,7.2,2025,12,December,False
2025-12-27,32.5,23.9,0.0,9.7,Bangkok,28.2,8.6,2025,12,December,False
2025-12-28,33.0,23.3,0.0,10.3,Bangkok,28.2,9.7,2025,12,December,False
2025-12-29,33.4,23.5,0.0,13.4,Bangkok,28.4,9.9,2025,12,December,False
2025-12-30,34.0,22.6,0.0,6.1,Bangkok,28.3,11.4,2025,12,December,False
2025-12-31,33.5,22.9,0.0,9.5,Bangkok,28.2,10.6,2025,12,December,False
2021-01-01,4.1,-2.4,0.4,10.0,London,0.8,6.5,2021,1,January,True
2021-01-02,4.3,-1.0,0.0,13.2,London,1.6,5.3,2021,1,January,False
2021-01-03,5.1,-2.0,0.6,19.7,London,1.5,7.1,2021,1,January,True
2021-01-04,4.5,1.9,2.3,26.6,London,3.2,2.6,2021,1,January,True
2021-01-05,3.9,0.9,1.9,24.3,London,2.4,3.0,2021,1,January,True
2021-01-06,4.9,-0.5,3.4,18.5,London,2.2,5.4,2021,1,January,True
2021-01-07,1.9,-2.3,0.0,11.2,London,-0.2,4.2,2021,1,January,False
2021-01-08,1.9,-2.4,0.0,8.4,London,-0.2,4.3,2021,1,January,False
2021-01-09,2.4,-3.3,0.0,9.7,London,-0.4,5.7,2021,1,January,False
2021-01-10,2.5,-1.3,0.0,10.8,London,0.6,3.8,2021,1,January,False
2021-01-11,8.2,0.8,0.6,29.8,London,4.5,7.4,2021,1,January,True
2021-01-12,8.9,-0.4,3.8,28.1,London,4.2,9.3,2021,1,January,True
2021-01-13,8.9,-1.5,2.6,12.2,London,3.7,10.4,2021,1,January,True
2021-01-14,8.9,2.0,27.6,22.0,London,5.4,6.9,2021,1,January,True
2021-01-15,4.0,-0.3,0.0,13.5,London,1.8,4.3,2021,1,January,False
2021-01-16,7.1,1.6,6.3,24.1,London,4.4,5.5,2021,1,January,True
2021-01-17,7.3,2.1,0.0,18.2,London,4.7,5.2,2021,1,January,False
2021-01-18,8.0,1.5,0.9,26.6,London,4.8,6.5,2021,1,January,True
2021-01-19,10.9,8.4,2.4,34.9,London,9.6,2.5,2021,1,January,True
2021-01-20,10.4,9.3,7.2,38.5,London,9.9,1.1,2021,1,January,True
2021-01-21,9.0,3.7,2.3,41.4,London,6.4,5.3,2021,1,January,True
2021-01-22,6.7,-0.4,0.7,13.1,London,3.2,7.1,2021,1,January,True
2021-01-23,3.6,-2.7,0.0,18.9,London,0.4,6.3,2021,1,January,False
2021-01-24,2.0,-3.9,4.5,17.1,London,-1.0,5.9,2021,1,January,True
2021-01-25,4.6,-2.6,0.7,17.5,London,1.0,7.2,2021,1,January,True
2021-01-26,5.2,-2.1,4.1,20.4,London,1.6,7.3,2021,1,January,True
2021-01-27,9.4,5.8,2.6,15.4,London,7.6,3.6,2021,1,January,True
2021-01-28,12.6,7.6,14.6,28.9,London,10.1,5.0,2021,1,January,True
2021-01-29,10.6,7.8,9.5,28.6,London,9.2,2.8,2021,1,January,True
2021-01-30,7.3,2.8,15.4,30.8,London,5.0,4.5,2021,1,January,True
2021-01-31,4.1,0.6,2.0,25.3,London,2.3,3.5,2021,1,January,True
2021-02-01,4.7,2.4,0.0,14.1,London,3.6,2.3,2021,2,February,False
2021-02-02,12.6,3.9,5.0,29.1,London,8.2,8.7,2021,2,February,True
2021-02-03,9.3,4.8,2.5,25.5,London,7.0,4.5,2021,2,February,True
2021-02-04,8.7,2.8,5.3,16.6,London,5.8,5.9,2021,2,February,True
2021-02-05,9.9,5.1,0.9,15.9,London,7.5,4.8,2021,2,February,True
2021-02-06,8.0,1.2,8.8,24.1,London,4.6,6.8,2021,2,February,True
2021-02-07,3.9,-1.2,4.6,33.5,London,1.4,5.1,2021,2,February,True
2021-02-08,-0.5,-2.1,0.5,28.3,London,-1.3,1.6,2021,2,February,True
2021-02-09,0.2,-3.2,1.0,20.2,London,-1.5,3.4,2021,2,February,True
2021-02-10,0.0,-9.8,0.0,19.5,London,-4.9,9.8,2021,2,February,False
2021-02-11,-0.7,-10.3,0.0,18.1,London,-5.5,9.6,2021,2,February,False
2021-02-12,0.3,-4.2,0.0,26.3,London,-2.0,4.5,2021,2,February,False
2021-02-13,0.2,-5.1,0.0,23.8,London,-2.4,5.3,2021,2,February,False
2021-02-14,5.0,-0.4,0.6,29.1,London,2.3,5.4,2021,2,February,True
2021-02-15,12.7,4.9,1.8,23.4,London,8.8,7.8,2021,2,February,True
2021-02-16,10.7,7.0,2.1,27.7,London,8.8,3.7,2021,2,February,True
2021-02-17,10.7,6.7,3.0,31.6,London,8.7,4.0,2021,2,February,True
2021-02-18,11.3,4.6,1.3,35.1,London,8.0,6.7,2021,2,February,True
2021-02-19,10.6,4.3,1.0,33.3,London,7.4,6.3,2021,2,February,True
2021-02-20,14.0,10.0,0.5,27.8,London,12.0,4.0,2021,2,February,True
2021-02-21,14.3,6.7,0.4,21.2,London,10.5,7.6,2021,2,February,True
2021-02-22,12.1,7.1,1.0,18.8,London,9.6,5.0,2021,2,February,True
2021-02-23,12.6,6.0,0.0,31.5,London,9.3,6.6,2021,2,February,False
2021-02-24,14.1,11.0,0.0,29.3,London,12.6,3.1,2021,2,February,False
2021-02-25,12.0,5.2,0.3,22.9,London,8.6,6.8,2021,2,February,True
2021-02-26,10.8,-0.6,0.0,11.2,London,5.1,11.4,2021,2,February,False
2021-02-27,11.7,1.3,0.0,11.3,London,6.5,10.4,2021,2,February,False
2021-02-28,9.4,1.3,0.0,16.8,London,5.4,8.1,2021,2,February,False
2021-03-01,9.7,3.4,0.0,18.3,London,6.6,6.3,2021,3,March,False
2021-03-02,9.8,1.8,0.0,11.6,London,5.8,8.0,2021,3,March,False
2021-03-03,13.1,1.6,6.7,8.8,London,7.4,11.5,2021,3,March,True
2021-03-04,5.9,4.2,1.7,17.8,London,5.1,1.7,2021,3,March,True
2021-03-05,5.8,1.0,0.0,23.4,London,3.4,4.8,2021,3,March,False
2021-03-06,6.4,0.2,0.0,12.4,London,3.3,6.2,2021,3,March,False
2021-03-07,5.7,-1.0,0.0,8.9,London,2.4,6.7,2021,3,March,False
2021-03-08,9.0,-2.6,0.1,9.8,London,3.2,11.6,2021,3,March,True
2021-03-09,11.8,0.0,0.0,16.4,London,5.9,11.8,2021,3,March,False
2021-03-10,10.7,5.0,6.0,37.2,London,7.8,5.7,2021,3,March,True
2021-03-11,11.0,5.2,1.4,46.7,London,8.1,5.8,2021,3,March,True
2021-03-12,9.9,4.4,1.0,38.1,London,7.2,5.5,2021,3,March,True
2021-03-13,9.1,3.3,5.6,41.4,London,6.2,5.8,2021,3,March,True
2021-03-14,10.1,3.6,1.8,29.0,London,6.8,6.5,2021,3,March,True
2021-03-15,11.0,5.8,0.4,27.0,London,8.4,5.2,2021,3,March,True
2021-03-16,13.5,4.5,0.5,26.7,London,9.0,9.0,2021,3,March,True
2021-03-17,9.6,3.1,0.9,22.3,London,6.4,6.5,2021,3,March,True
2021-03-18,9.4,3.1,1.0,22.7,London,6.2,6.3,2021,3,March,True
2021-03-19,10.3,3.4,0.3,20.9,London,6.8,6.9,2021,3,March,True
2021-03-20,10.1,0.3,0.0,11.2,London,5.2,9.8,2021,3,March,False
2021-03-21,10.8,6.1,0.1,17.7,London,8.4,4.7,2021,3,March,True
2021-03-22,12.0,2.8,0.0,12.4,London,7.4,9.2,2021,3,March,False
2021-03-23,11.2,3.9,0.0,19.9,London,7.6,7.3,2021,3,March,False
2021-03-24,12.6,2.8,0.1,21.2,London,7.7,9.8,2021,3,March,True
2021-03-25,11.9,1.3,0.9,27.2,London,6.6,10.6,2021,3,March,True
2021-03-26,11.0,4.5,4.3,37.4,London,7.8,6.5,2021,3,March,True
2021-03-27,10.3,2.9,0.0,29.6,London,6.6,7.4,2021,3,March,False
2021-03-28,13.1,8.0,0.0,39.4,London,10.6,5.1,2021,3,March,False
2021-03-29,17.5,5.1,0.0,25.5,London,11.3,12.4,2021,3,March,False
2021-03-30,21.4,3.1,0.0,13.0,London,12.2,18.3,2021,3,March,False
2021-03-31,20.8,9.4,0.0,17.3,London,15.1,11.4,2021,3,March,False
2021-04-01,14.8,5.5,0.0,23.2,London,10.2,9.3,2021,4,April,False
2021-04-02,9.7,4.0,0.0,24.0,London,6.8,5.7,2021,4,April,False
2021-04-03,8.8,5.4,0.0,22.9,London,7.1,3.4,2021,4,April,False
2021-04-04,13.6,0.4,0.0,16.3,London,7.0,13.2,2021,4,April,False
2021-04-05,7.4,1.7,0.1,30.2,London,4.6,5.7,2021,4,April,True
2021-04-06,6.9,-0.7,0.2,24.0,London,3.1,7.6,2021,4,April,True
2021-04-07,6.2,-1.9,0.0,21.0,London,2.2,8.1,2021,4,April,False
2021-04-08,11.1,1.3,0.0,24.5,London,6.2,9.8,2021,4,April,False
2021-04-09,12.5,3.9,0.7,16.7,London,8.2,8.6,2021,4,April,True
2021-04-10,8.5,3.5,0.0,23.1,London,6.0,5.0,2021,4,April,False
2021-04-11,8.6,-0.3,1.8,18.0,London,4.1,8.9,2021,4,April,True
2021-04-12,9.1,-1.9,1.1,10.2,London,3.6,11.0,2021,4,April,True
2021-04-13,11.2,-2.2,0.6,10.1,London,4.5,13.4,2021,4,April,True
2021-04-14,11.0,1.0,0.0,19.2,London,6.0,10.0,2021,4,April,False
2021-04-15,9.6,-0.6,0.7,21.3,London,4.5,10.2,2021,4,April,True
2021-04-16,9.8,-1.4,0.0,12.2,London,4.2,11.2,2021,4,April,False
2021-04-17,11.8,-1.6,0.0,15.1,London,5.1,13.4,2021,4,April,False
2021-04-18,13.2,2.0,0.0,11.5,London,7.6,11.2,2021,4,April,False
2021-04-19,15.4,1.2,0.0,15.0,London,8.3,14.2,2021,4,April,False
2021-04-20,15.6,2.3,0.0,11.6,London,9.0,13.3,2021,4,April,False
2021-04-21,13.7,4.7,0.4,23.4,London,9.2,9.0,2021,4,April,True
2021-04-22,12.1,2.7,0.0,18.0,London,7.4,9.4,2021,4,April,False
2021-04-23,15.1,1.4,0.0,19.1,London,8.2,13.7,2021,4,April,False
2021-04-24,14.8,4.1,0.0,23.2,London,9.4,10.7,2021,4,April,False
2021-04-25,12.6,4.2,0.0,26.6,London,8.4,8.4,2021,4,April,False
2021-04-26,11.8,3.6,0.0,20.4,London,7.7,8.2,2021,4,April,False
2021-04-27,14.7,1.3,0.0,14.2,London,8.0,13.4,2021,4,April,False
2021-04-28,12.3,4.6,4.6,23.5,London,8.4,7.7,2021,4,April,True
2021-04-29,11.2,3.1,0.4,19.8,London,7.2,8.1,2021,4,April,True
2021-04-30,11.4,0.9,0.3,14.1,London,6.2,10.5,2021,4,April,True
2021-05-01,12.2,0.9,0.6,16.4,London,6.6,11.3,2021,5,May,True
2021-05-02,12.7,2.0,0.3,16.6,London,7.4,10.7,2021,5,May,True
2021-05-03,12.3,4.6,4.7,46.4,London,8.4,7.7,2021,5,May,True
2021-05-04,13.1,6.2,1.8,40.5,London,9.6,6.9,2021,5,May,True
2021-05-05,12.3,3.3,3.0,24.3,London,7.8,9.0,2021,5,May,True
2021-05-06,11.4,1.1,2.6,18.4,London,6.2,10.3,2021,5,May,True
2021-05-07,12.6,3.5,0.1,18.9,London,8.0,9.1,2021,5,May,True
2021-05-08,16.3,4.1,9.4,40.5,London,10.2,12.2,2021,5,May,True
2021-05-09,19.3,12.5,2.0,27.9,London,15.9,6.8,2021,5,May,True
2021-05-10,15.2,9.1,1.9,33.4,London,12.1,6.1,2021,5,May,True
2021-05-11,15.7,5.9,0.6,26.0,London,10.8,9.8,2021,5,May,True
2021-05-12,15.1,8.2,1.1,20.8,London,11.6,6.9,2021,5,May,True
2021-05-13,12.9,8.4,5.3,18.3,London,10.6,4.5,2021,5,May,True
2021-05-14,12.8,8.0,0.5,17.8,London,10.4,4.8,2021,5,May,True
2021-05-15,13.0,8.0,3.4,16.9,London,10.5,5.0,2021,5,May,True
2021-05-16,13.7,7.2,7.8,21.7,London,10.4,6.5,2021,5,May,True
2021-05-17,16.4,8.0,3.7,18.5,London,12.2,8.4,2021,5,May,True
2021-05-18,15.3,6.8,3.3,28.1,London,11.0,8.5,2021,5,May,True
2021-05-19,15.9,8.4,5.7,23.1,London,12.2,7.5,2021,5,May,True
2021-05-20,13.0,5.5,0.6,39.0,London,9.2,7.5,2021,5,May,True
2021-05-21,13.2,9.7,4.0,47.9,London,11.4,3.5,2021,5,May,True
2021-05-22,13.9,8.1,4.8,25.8,London,11.0,5.8,2021,5,May,True
2021-05-23,12.6,5.0,6.8,34.2,London,8.8,7.6,2021,5,May,True
2021-05-24,12.4,7.9,10.4,31.8,London,10.2,4.5,2021,5,May,True
2021-05-25,14.5,6.8,0.8,27.8,London,10.6,7.7,2021,5,May,True
2021-05-26,15.4,5.8,0.6,18.8,London,10.6,9.6,2021,5,May,True
2021-05-27,18.5,6.2,0.0,13.0,London,12.4,12.3,2021,5,May,False
2021-05-28,18.6,9.4,0.5,9.8,London,14.0,9.2,2021,5,May,True
2021-05-29,19.6,9.4,0.0,17.3,London,14.5,10.2,2021,5,May,False
2021-05-30,19.3,7.7,0.0,19.5,London,13.5,11.6,2021,5,May,False
2021-05-31,22.3,8.2,0.0,18.1,London,15.2,14.1,2021,5,May,False
2021-06-01,24.1,10.6,0.0,23.8,London,17.4,13.5,2021,6,June,False
2021-06-02,25.8,11.5,0.1,19.3,London,18.6,14.3,2021,6,June,True
2021-06-03,23.5,15.2,2.0,18.3,London,19.4,8.3,2021,6,June,True
2021-06-04,17.7,12.0,6.7,14.4,London,14.8,5.7,2021,6,June,True
2021-06-05,21.1,12.4,0.0,12.4,London,16.8,8.7,2021,6,June,False
2021-06-06,20.5,11.4,1.1,10.1,London,16.0,9.1,2021,6,June,True
2021-06-07,21.5,11.5,0.2,14.5,London,16.5,10.0,2021,6,June,True
2021-06-08,23.0,11.2,0.0,14.0,London,17.1,11.8,2021,6,June,False
2021-06-09,24.0,10.2,0.0,16.5,London,17.1,13.8,2021,6,June,False
2021-06-10,22.7,14.2,0.4,18.8,London,18.4,8.5,2021,6,June,True
2021-06-11,24.1,15.0,0.0,22.9,London,19.6,9.1,2021,6,June,False
2021-06-12,22.2,13.8,0.0,13.8,London,18.0,8.4,2021,6,June,False
2021-06-13,26.2,12.1,0.0,14.1,London,19.2,14.1,2021,6,June,False
2021-06-14,27.3,13.7,0.2,14.8,London,20.5,13.6,2021,6,June,True
2021-06-15,24.2,14.6,0.2,17.9,London,19.4,9.6,2021,6,June,True
2021-06-16,27.1,12.7,0.8,16.5,London,19.9,14.4,2021,6,June,True
2021-06-17,22.1,17.2,11.2,13.2,London,19.6,4.9,2021,6,June,True
2021-06-18,17.4,12.5,29.1,26.4,London,15.0,4.9,2021,6,June,True
2021-06-19,16.9,11.0,3.0,18.5,London,14.0,5.9,2021,6,June,True
2021-06-20,18.0,12.5,5.5,18.6,London,15.2,5.5,2021,6,June,True
2021-06-21,13.9,11.2,11.4,25.0,London,12.6,2.7,2021,6,June,True
2021-06-22,15.6,10.3,0.6,27.0,London,13.0,5.3,2021,6,June,True
2021-06-23,19.6,6.3,0.0,11.4,London,13.0,13.3,2021,6,June,False
2021-06-24,19.9,7.7,0.4,15.2,London,13.8,12.2,2021,6,June,True
2021-06-25,19.6,13.4,2.2,15.2,London,16.5,6.2,2021,6,June,True
2021-06-26,21.0,11.2,0.1,13.6,London,16.1,9.8,2021,6,June,True
2021-06-27,19.9,13.2,14.4,24.4,London,16.5,6.7,2021,6,June,True
2021-06-28,19.9,14.7,7.8,17.8,London,17.3,5.2,2021,6,June,True
2021-06-29,18.0,14.1,1.2,19.8,London,16.0,3.9,2021,6,June,True
2021-06-30,16.4,11.8,0.4,14.5,London,14.1,4.6,2021,6,June,True
2021-07-01,19.9,11.5,0.1,12.7,London,15.7,8.4,2021,7,July,True
2021-07-02,22.6,13.5,0.9,14.5,London,18.0,9.1,2021,7,July,True
2021-07-03,20.8,15.4,2.6,22.2,London,18.1,5.4,2021,7,July,True
2021-07-04,20.2,14.7,5.0,27.8,London,17.4,5.5,2021,7,July,True
2021-07-05,19.0,13.7,4.0,22.0,London,16.4,5.3,2021,7,July,True
2021-07-06,18.1,13.1,8.5,36.6,London,15.6,5.0,2021,7,July,True
2021-07-07,19.8,13.0,2.4,27.6,London,16.4,6.8,2021,7,July,True
2021-07-08,20.3,13.2,2.0,14.1,London,16.8,7.1,2021,7,July,True
2021-07-09,22.1,13.2,0.6,14.3,London,17.6,8.9,2021,7,July,True
2021-07-10,17.9,13.4,1.5,10.3,London,15.6,4.5,2021,7,July,True
2021-07-11,20.1,10.6,1.7,15.4,London,15.4,9.5,2021,7,July,True
2021-07-12,20.6,14.0,16.0,13.2,London,17.3,6.6,2021,7,July,True
2021-07-13,21.9,14.9,1.6,18.4,London,18.4,7.0,2021,7,July,True
2021-07-14,23.0,13.9,0.3,21.1,London,18.4,9.1,2021,7,July,True
2021-07-15,22.1,13.7,0.0,19.7,London,17.9,8.4,2021,7,July,False
2021-07-16,24.3,10.3,0.0,17.0,London,17.3,14.0,2021,7,July,False
2021-07-17,25.8,13.2,0.0,13.2,London,19.5,12.6,2021,7,July,False
2021-07-18,29.2,13.8,0.0,9.3,London,21.5,15.4,2021,7,July,False
2021-07-19,28.0,17.3,0.3,10.8,London,22.6,10.7,2021,7,July,True
2021-07-20,28.8,16.4,0.0,17.3,London,22.6,12.4,2021,7,July,False
2021-07-21,27.9,17.1,0.6,11.6,London,22.5,10.8,2021,7,July,True
2021-07-22,26.3,15.8,0.0,14.1,London,21.0,10.5,2021,7,July,False
2021-07-23,22.9,14.3,0.0,25.3,London,18.6,8.6,2021,7,July,False
2021-07-24,21.9,15.5,14.3,24.6,London,18.7,6.4,2021,7,July,True
2021-07-25,21.2,15.9,4.5,14.7,London,18.6,5.3,2021,7,July,True
2021-07-26,23.5,15.8,2.2,15.3,London,19.6,7.7,2021,7,July,True
2021-07-27,20.1,15.1,3.4,20.7,London,17.6,5.0,2021,7,July,True
2021-07-28,19.5,14.4,6.1,31.0,London,17.0,5.1,2021,7,July,True
2021-07-29,21.1,12.8,0.2,27.8,London,17.0,8.3,2021,7,July,True
2021-07-30,19.5,14.6,2.6,39.2,London,17.0,4.9,2021,7,July,True
2021-07-31,19.5,13.5,5.7,17.2,London,16.5,6.0,2021,7,July,True
2021-08-01,19.9,13.5,4.2,15.2,London,16.7,6.4,2021,8,August,True
2021-08-02,18.6,12.0,0.4,12.3,London,15.3,6.6,2021,8,August,True
2021-08-03,20.4,10.6,0.8,11.0,London,15.5,9.8,2021,8,August,True
2021-08-04,20.3,10.6,0.7,9.7,London,15.4,9.7,2021,8,August,True
2021-08-05,19.9,13.2,2.1,26.0,London,16.5,6.7,2021,8,August,True
2021-08-06,20.8,14.3,8.1,28.8,London,17.6,6.5,2021,8,August,True
2021-08-07,19.4,13.7,3.7,26.8,London,16.5,5.7,2021,8,August,True
2021-08-08,19.6,13.4,4.6,30.6,London,16.5,6.2,2021,8,August,True
2021-08-09,20.1,13.1,10.1,24.4,London,16.6,7.0,2021,8,August,True
2021-08-10,21.7,12.5,0.1,15.0,London,17.1,9.2,2021,8,August,True
2021-08-11,22.5,12.3,0.0,19.0,London,17.4,10.2,2021,8,August,False
2021-08-12,21.6,14.5,0.4,23.0,London,18.0,7.1,2021,8,August,True
2021-08-13,21.7,13.1,0.3,24.0,London,17.4,8.6,2021,8,August,True
2021-08-14,23.0,13.8,0.0,19.4,London,18.4,9.2,2021,8,August,False
2021-08-15,22.2,14.6,1.2,24.5,London,18.4,7.6,2021,8,August,True
2021-08-16,17.6,12.4,0.3,23.5,London,15.0,5.2,2021,8,August,True
2021-08-17,18.8,10.7,0.6,21.9,London,14.8,8.1,2021,8,August,True
2021-08-18,21.4,15.5,0.7,22.8,London,18.4,5.9,2021,8,August,True
2021-08-19,20.3,13.9,0.5,17.4,London,17.1,6.4,2021,8,August,True
2021-08-20,20.7,14.8,0.4,13.0,London,17.8,5.9,2021,8,August,True
2021-08-21,20.3,14.0,5.5,12.5,London,17.2,6.3,2021,8,August,True
2021-08-22,20.8,15.3,9.6,19.9,London,18.0,5.5,2021,8,August,True
2021-08-23,20.4,13.5,0.1,16.9,London,17.0,6.9,2021,8,August,True
2021-08-24,21.3,12.2,0.2,22.5,London,16.8,9.1,2021,8,August,True
2021-08-25,21.1,13.2,0.0,18.3,London,17.2,7.9,2021,8,August,False
2021-08-26,18.3,14.6,0.0,22.4,London,16.4,3.7,2021,8,August,False
2021-08-27,18.0,11.9,0.0,16.4,London,15.0,6.1,2021,8,August,False
2021-08-28,20.0,10.9,0.3,23.6,London,15.4,9.1,2021,8,August,True
2021-08-29,18.3,9.7,0.0,20.2,London,14.0,8.6,2021,8,August,False
2021-08-30,18.6,13.2,0.4,24.4,London,15.9,5.4,2021,8,August,True
2021-08-31,19.5,13.9,0.2,23.9,London,16.7,5.6,2021,8,August,True
2021-09-01,18.6,13.3,0.1,19.5,London,16.0,5.3,2021,9,September,True
2021-09-02,18.4,14.2,0.0,21.3,London,16.3,4.2,2021,9,September,False
2021-09-03,20.8,12.7,0.2,16.3,London,16.8,8.1,2021,9,September,True
2021-09-04,19.1,12.7,0.4,17.9,London,15.9,6.4,2021,9,September,True
2021-09-05,24.0,13.2,0.0,12.2,London,18.6,10.8,2021,9,September,False
2021-09-06,26.4,12.8,0.0,10.5,London,19.6,13.6,2021,9,September,False
2021-09-07,27.7,15.6,0.0,13.8,London,21.6,12.1,2021,9,September,False
2021-09-08,27.8,15.7,0.0,18.2,London,21.8,12.1,2021,9,September,False
2021-09-09,21.9,15.8,3.5,21.9,London,18.8,6.1,2021,9,September,True
2021-09-10,20.8,16.0,3.4,18.1,London,18.4,4.8,2021,9,September,True
2021-09-11,21.2,13.9,0.1,19.8,London,17.6,7.3,2021,9,September,True
2021-09-12,20.1,12.4,0.2,13.0,London,16.2,7.7,2021,9,September,True
2021-09-13,19.8,13.2,0.0,18.0,London,16.5,6.6,2021,9,September,False
2021-09-14,18.7,14.6,14.7,14.8,London,16.6,4.1,2021,9,September,True
2021-09-15,19.7,13.2,0.1,14.9,London,16.4,6.5,2021,9,September,True
2021-09-16,21.4,10.3,0.0,12.2,London,15.8,11.1,2021,9,September,False
2021-09-17,21.1,12.1,0.2,18.8,London,16.6,9.0,2021,9,September,True
2021-09-18,22.4,12.1,0.6,13.8,London,17.2,10.3,2021,9,September,True
2021-09-19,18.5,13.9,3.3,11.2,London,16.2,4.6,2021,9,September,True
2021-09-20,19.1,12.0,0.1,19.1,London,15.6,7.1,2021,9,September,True
2021-09-21,20.0,10.3,0.0,8.3,London,15.2,9.7,2021,9,September,False
2021-09-22,20.6,9.2,0.0,17.8,London,14.9,11.4,2021,9,September,False
2021-09-23,20.7,11.6,0.2,23.1,London,16.2,9.1,2021,9,September,True
2021-09-24,22.6,12.5,0.0,16.4,London,17.6,10.1,2021,9,September,False
2021-09-25,19.8,12.7,0.1,9.4,London,16.2,7.1,2021,9,September,True
2021-09-26,21.2,12.9,0.4,20.8,London,17.0,8.3,2021,9,September,True
2021-09-27,17.3,12.2,4.2,39.9,London,14.8,5.1,2021,9,September,True
2021-09-28,16.7,10.5,12.0,26.9,London,13.6,6.2,2021,9,September,True
2021-09-29,14.8,8.3,0.2,28.0,London,11.6,6.5,2021,9,September,True
2021-09-30,16.3,6.7,2.9,36.0,London,11.5,9.6,2021,9,September,True
2021-10-01,16.7,8.8,7.6,30.9,London,12.8,7.9,2021,10,October,True
2021-10-02,16.9,7.3,21.9,37.1,London,12.1,9.6,2021,10,October,True
2021-10-03,15.5,10.4,0.7,31.0,London,13.0,5.1,2021,10,October,True
2021-10-04,15.7,10.6,1.1,25.0,London,13.2,5.1,2021,10,October,True
2021-10-05,14.5,10.9,17.3,33.0,London,12.7,3.6,2021,10,October,True
2021-10-06,16.2,9.8,0.0,27.0,London,13.0,6.4,2021,10,October,False
2021-10-07,18.8,11.1,0.1,14.0,London,15.0,7.7,2021,10,October,True
2021-10-08,18.7,12.8,0.1,11.2,London,15.8,5.9,2021,10,October,True
2021-10-09,17.7,7.7,0.0,10.2,London,12.7,10.0,2021,10,October,False
2021-10-10,17.9,8.2,0.2,15.2,London,13.0,9.7,2021,10,October,True
2021-10-11,15.9,8.1,0.0,18.9,London,12.0,7.8,2021,10,October,False
2021-10-12,15.4,7.3,0.3,18.2,London,11.4,8.1,2021,10,October,True
2021-10-13,15.3,6.8,0.0,10.8,London,11.0,8.5,2021,10,October,False
2021-10-14,16.9,8.9,0.2,21.1,London,12.9,8.0,2021,10,October,True
2021-10-15,13.9,9.6,0.0,16.3,London,11.8,4.3,2021,10,October,False
2021-10-16,15.2,8.1,1.3,13.3,London,11.6,7.1,2021,10,October,True
2021-10-17,15.9,8.5,1.2,16.9,London,12.2,7.4,2021,10,October,True
2021-10-18,16.2,7.8,4.8,21.9,London,12.0,8.4,2021,10,October,True
2021-10-19,20.6,16.3,1.8,36.4,London,18.5,4.3,2021,10,October,True
2021-10-20,17.5,12.0,34.0,33.9,London,14.8,5.5,2021,10,October,True
2021-10-21,11.8,4.9,6.3,29.8,London,8.4,6.9,2021,10,October,True
2021-10-22,12.8,4.9,0.0,24.8,London,8.9,7.9,2021,10,October,False
2021-10-23,13.8,3.6,0.0,19.0,London,8.7,10.2,2021,10,October,False
2021-10-24,14.8,8.0,0.0,22.8,London,11.4,6.8,2021,10,October,False
2021-10-25,15.1,8.5,4.6,20.7,London,11.8,6.6,2021,10,October,True
2021-10-26,16.5,7.5,0.0,27.7,London,12.0,9.0,2021,10,October,False
2021-10-27,16.8,13.0,0.0,31.9,London,14.9,3.8,2021,10,October,False
2021-10-28,16.4,12.1,0.0,26.3,London,14.2,4.3,2021,10,October,False
2021-10-29,14.8,9.5,4.6,35.9,London,12.2,5.3,2021,10,October,True
2021-10-30,14.3,8.6,4.4,21.2,London,11.4,5.7,2021,10,October,True
2021-10-31,14.0,8.4,10.1,46.4,London,11.2,5.6,2021,10,October,True
2021-11-01,13.0,5.5,0.7,27.3,London,9.2,7.5,2021,11,November,True
2021-11-02,11.1,2.2,0.0,8.9,London,6.6,8.9,2021,11,November,False
2021-11-03,10.0,1.2,0.4,14.8,London,5.6,8.8,2021,11,November,True
2021-11-04,9.2,3.8,0.0,27.0,London,6.5,5.4,2021,11,November,False
2021-11-05,9.1,-0.1,0.0,11.3,London,4.5,9.2,2021,11,November,False
2021-11-06,13.0,6.2,0.1,32.1,London,9.6,6.8,2021,11,November,True
2021-11-07,12.2,5.8,0.0,23.5,London,9.0,6.4,2021,11,November,False
2021-11-08,11.8,2.5,0.0,11.9,London,7.2,9.3,2021,11,November,False
2021-11-09,14.8,10.9,0.0,20.6,London,12.8,3.9,2021,11,November,False
2021-11-10,13.2,9.8,0.0,11.0,London,11.5,3.4,2021,11,November,False
2021-11-11,13.9,8.3,0.1,12.5,London,11.1,5.6,2021,11,November,True
2021-11-12,14.9,8.4,1.1,25.8,London,11.6,6.5,2021,11,November,True
2021-11-13,13.0,9.7,0.0,19.4,London,11.4,3.3,2021,11,November,False
2021-11-14,13.1,7.1,0.0,19.0,London,10.1,6.0,2021,11,November,False
2021-11-15,12.1,6.9,0.0,7.8,London,9.5,5.2,2021,11,November,False
2021-11-16,11.0,5.0,0.3,10.9,London,8.0,6.0,2021,11,November,True
2021-11-17,11.4,4.5,0.0,12.7,London,8.0,6.9,2021,11,November,False
2021-11-18,13.7,4.6,0.0,20.8,London,9.1,9.1,2021,11,November,False
2021-11-19,12.0,10.0,0.0,14.9,London,11.0,2.0,2021,11,November,False
2021-11-20,11.0,8.4,0.1,13.7,London,9.7,2.6,2021,11,November,True
2021-11-21,9.1,4.1,0.4,25.6,London,6.6,5.0,2021,11,November,True
2021-11-22,9.7,4.0,0.0,21.3,London,6.8,5.7,2021,11,November,False
2021-11-23,8.3,2.0,0.0,10.5,London,5.2,6.3,2021,11,November,False
2021-11-24,7.1,3.2,0.0,9.7,London,5.2,3.9,2021,11,November,False
2021-11-25,6.7,-0.2,0.0,16.9,London,3.2,6.9,2021,11,November,False
2021-11-26,8.3,-0.1,2.9,28.1,London,4.1,8.4,2021,11,November,True
2021-11-27,5.5,2.1,4.2,38.1,London,3.8,3.4,2021,11,November,True
2021-11-28,3.7,-0.8,0.0,32.4,London,1.5,4.5,2021,11,November,False
2021-11-29,3.8,-2.4,0.0,17.1,London,0.7,6.2,2021,11,November,False
2021-11-30,11.6,4.1,0.4,29.1,London,7.8,7.5,2021,11,November,True
2021-12-01,10.7,3.1,2.1,32.5,London,6.9,7.6,2021,12,December,True
2021-12-02,4.7,-2.2,0.6,23.3,London,1.2,6.9,2021,12,December,True
2021-12-03,8.8,-0.8,2.5,20.5,London,4.0,9.6,2021,12,December,True
2021-12-04,7.6,3.3,4.9,25.1,London,5.4,4.3,2021,12,December,True
2021-12-05,7.0,4.2,3.7,27.5,London,5.6,2.8,2021,12,December,True
2021-12-06,7.0,0.4,2.1,29.7,London,3.7,6.6,2021,12,December,True
2021-12-07,8.0,-0.2,8.8,36.1,London,3.9,8.2,2021,12,December,True
2021-12-08,7.7,4.2,0.3,30.6,London,6.0,3.5,2021,12,December,True
2021-12-09,7.7,2.0,4.3,22.9,London,4.8,5.7,2021,12,December,True
2021-12-10,7.7,2.6,4.7,29.6,London,5.2,5.1,2021,12,December,True
2021-12-11,10.7,0.3,3.5,20.7,London,5.5,10.4,2021,12,December,True
2021-12-12,13.2,9.8,0.9,20.8,London,11.5,3.4,2021,12,December,True
2021-12-13,11.4,9.5,0.0,22.2,London,10.4,1.9,2021,12,December,False
2021-12-14,12.2,8.0,0.0,20.6,London,10.1,4.2,2021,12,December,False
2021-12-15,12.9,8.3,0.5,17.7,London,10.6,4.6,2021,12,December,True
2021-12-16,11.5,6.5,0.1,9.2,London,9.0,5.0,2021,12,December,True
2021-12-17,8.6,6.1,0.0,14.8,London,7.4,2.5,2021,12,December,False
2021-12-18,8.7,7.5,0.0,20.2,London,8.1,1.2,2021,12,December,False
2021-12-19,8.1,5.8,0.0,11.8,London,7.0,2.3,2021,12,December,False
2021-12-20,7.1,3.0,0.1,13.7,London,5.0,4.1,2021,12,December,True
2021-12-21,6.0,-1.5,0.0,11.1,London,2.2,7.5,2021,12,December,False
2021-12-22,4.4,-2.1,0.0,11.9,London,1.2,6.5,2021,12,December,False
2021-12-23,10.6,1.0,0.7,22.1,London,5.8,9.6,2021,12,December,True
2021-12-24,10.1,6.5,14.3,11.8,London,8.3,3.6,2021,12,December,True
2021-12-25,8.2,5.9,2.6,24.6,London,7.0,2.3,2021,12,December,True
2021-12-26,9.7,4.9,6.3,20.1,London,7.3,4.8,2021,12,December,True
2021-12-27,10.8,5.2,6.5,23.4,London,8.0,5.6,2021,12,December,True
2021-12-28,11.0,8.3,0.9,36.4,London,9.6,2.7,2021,12,December,True
2021-12-29,14.8,6.0,2.9,30.7,London,10.4,8.8,2021,12,December,True
2021-12-30,14.4,13.0,0.5,31.3,London,13.7,1.4,2021,12,December,True
2021-12-31,14.6,12.3,0.4,29.8,London,13.4,2.3,2021,12,December,True
2022-01-01,14.9,11.7,0.2,25.3,London,13.3,3.2,2022,1,January,True
2022-01-02,13.1,8.9,2.0,29.5,London,11.0,4.2,2022,1,January,True
2022-01-03,10.2,7.2,0.0,24.4,London,8.7,3.0,2022,1,January,False
2022-01-04,7.9,1.1,2.5,21.0,London,4.5,6.8,2022,1,January,True
2022-01-05,5.7,-1.7,0.0,21.3,London,2.0,7.4,2022,1,January,False
2022-01-06,6.7,-3.9,2.2,30.9,London,1.4,10.6,2022,1,January,True
2022-01-07,6.2,1.1,0.3,28.8,London,3.6,5.1,2022,1,January,True
2022-01-08,9.6,0.6,7.9,27.4,London,5.1,9.0,2022,1,January,True
2022-01-09,7.3,0.2,0.0,21.2,London,3.8,7.1,2022,1,January,False
2022-01-10,8.2,-0.6,0.6,12.6,London,3.8,8.8,2022,1,January,True
2022-01-11,9.4,7.7,2.5,15.6,London,8.6,1.7,2022,1,January,True
2022-01-12,7.5,1.2,0.0,9.2,London,4.4,6.3,2022,1,January,False
2022-01-13,5.5,-0.7,0.0,9.3,London,2.4,6.2,2022,1,January,False
2022-01-14,3.8,-1.6,0.0,10.7,London,1.1,5.4,2022,1,January,False
2022-01-15,5.5,-1.7,0.0,12.9,London,1.9,7.2,2022,1,January,False
2022-01-16,7.8,0.3,0.0,11.3,London,4.0,7.5,2022,1,January,False
2022-01-17,7.2,-0.4,0.0,9.8,London,3.4,7.6,2022,1,January,False
2022-01-18,6.6,-1.5,0.0,10.7,London,2.6,8.1,2022,1,January,False
2022-01-19,8.9,2.4,0.0,18.5,London,5.6,6.5,2022,1,January,False
2022-01-20,5.1,-0.8,0.0,16.0,London,2.2,5.9,2022,1,January,False
2022-01-21,4.9,-3.0,0.0,14.1,London,1.0,7.9,2022,1,January,False
2022-01-22,6.5,-1.7,0.0,12.5,London,2.4,8.2,2022,1,January,False
2022-01-23,5.9,3.0,0.0,5.8,London,4.4,2.9,2022,1,January,False
2022-01-24,4.8,0.3,0.0,8.5,London,2.6,4.5,2022,1,January,False
2022-01-25,3.1,0.5,0.0,8.0,London,1.8,2.6,2022,1,January,False
2022-01-26,7.8,0.4,0.0,17.3,London,4.1,7.4,2022,1,January,False
2022-01-27,11.9,1.9,0.0,21.4,London,6.9,10.0,2022,1,January,False
2022-01-28,8.8,-0.6,0.0,20.8,London,4.1,9.4,2022,1,January,False
2022-01-29,12.9,4.8,0.1,38.2,London,8.8,8.1,2022,1,January,True
2022-01-30,7.2,-0.8,0.0,26.4,London,3.2,8.0,2022,1,January,False
2022-01-31,7.9,3.4,0.7,33.9,London,5.6,4.5,2022,1,January,True
2022-02-01,13.1,3.3,0.7,33.4,London,8.2,9.8,2022,2,February,True
2022-02-02,11.5,5.8,0.0,23.9,London,8.6,5.7,2022,2,February,False
2022-02-03,10.2,6.0,0.0,19.5,London,8.1,4.2,2022,2,February,False
2022-02-04,9.2,3.0,3.7,29.8,London,6.1,6.2,2022,2,February,True
2022-02-05,10.1,1.2,0.0,35.8,London,5.6,8.9,2022,2,February,False
2022-02-06,10.8,6.0,4.0,39.2,London,8.4,4.8,2022,2,February,True
2022-02-07,10.7,1.2,0.0,27.7,London,5.9,9.5,2022,2,February,False
2022-02-08,12.2,8.8,0.0,30.1,London,10.5,3.4,2022,2,February,False
2022-02-09,12.2,7.4,3.2,22.8,London,9.8,4.8,2022,2,February,True
2022-02-10,8.6,2.5,0.6,18.4,London,5.6,6.1,2022,2,February,True
2022-02-11,7.8,-1.0,0.0,14.7,London,3.4,8.8,2022,2,February,False
2022-02-12,8.1,1.5,0.0,30.6,London,4.8,6.6,2022,2,February,False
2022-02-13,9.6,6.7,10.5,36.2,London,8.2,2.9,2022,2,February,True
2022-02-14,9.6,5.0,4.2,29.7,London,7.3,4.6,2022,2,February,True
2022-02-15,9.6,2.1,6.6,34.5,London,5.8,7.5,2022,2,February,True
2022-02-16,15.6,8.9,5.9,42.5,London,12.2,6.7,2022,2,February,True
2022-02-17,11.1,6.7,0.1,38.3,London,8.9,4.4,2022,2,February,True
2022-02-18,11.3,4.1,2.6,68.0,London,7.7,7.2,2022,2,February,True
2022-02-19,9.0,2.7,5.2,41.4,London,5.8,6.3,2022,2,February,True
2022-02-20,12.2,3.8,3.0,47.2,London,8.0,8.4,2022,2,February,True
2022-02-21,10.4,3.9,0.3,42.9,London,7.2,6.5,2022,2,February,True
2022-02-22,13.6,4.5,0.5,38.3,London,9.0,9.1,2022,2,February,True
2022-02-23,10.5,2.2,0.1,31.4,London,6.4,8.3,2022,2,February,True
2022-02-24,8.3,3.1,3.6,33.8,London,5.7,5.2,2022,2,February,True
2022-02-25,10.4,1.1,0.0,26.8,London,5.8,9.3,2022,2,February,False
2022-02-26,10.0,-0.4,0.0,22.0,London,4.8,10.4,2022,2,February,False
2022-02-27,9.5,1.8,0.0,20.4,London,5.6,7.7,2022,2,February,False
2022-02-28,12.5,5.1,3.0,26.1,London,8.8,7.4,2022,2,February,True
2022-03-01,9.9,6.6,9.8,21.5,London,8.2,3.3,2022,3,March,True
2022-03-02,7.9,4.6,9.2,16.2,London,6.2,3.3,2022,3,March,True
2022-03-03,12.6,4.3,0.1,15.7,London,8.4,8.3,2022,3,March,True
2022-03-04,9.0,5.0,2.3,14.1,London,7.0,4.0,2022,3,March,True
2022-03-05,8.0,4.0,1.4,33.4,London,6.0,4.0,2022,3,March,True
2022-03-06,7.1,2.6,0.3,28.5,London,4.8,4.5,2022,3,March,True
2022-03-07,6.8,1.8,0.0,26.0,London,4.3,5.0,2022,3,March,False
2022-03-08,10.7,0.1,0.0,20.6,London,5.4,10.6,2022,3,March,False
2022-03-09,11.8,6.3,0.1,27.6,London,9.0,5.5,2022,3,March,True
2022-03-10,14.2,7.6,0.0,21.3,London,10.9,6.6,2022,3,March,False
2022-03-11,12.3,8.0,3.2,29.4,London,10.2,4.3,2022,3,March,True
2022-03-12,11.6,6.7,1.6,29.4,London,9.2,4.9,2022,3,March,True
2022-03-13,11.6,5.2,1.7,23.9,London,8.4,6.4,2022,3,March,True
2022-03-14,12.3,1.9,1.2,16.3,London,7.1,10.4,2022,3,March,True
2022-03-15,14.5,3.0,0.0,11.3,London,8.8,11.5,2022,3,March,False
2022-03-16,12.8,6.4,10.7,20.8,London,9.6,6.4,2022,3,March,True
2022-03-17,13.1,1.7,0.0,20.1,London,7.4,11.4,2022,3,March,False
2022-03-18,14.7,2.9,0.0,18.8,London,8.8,11.8,2022,3,March,False
2022-03-19,13.0,6.5,0.0,28.4,London,9.8,6.5,2022,3,March,False
2022-03-20,10.4,2.4,0.1,21.6,London,6.4,8.0,2022,3,March,True
2022-03-21,15.6,-0.8,0.0,12.2,London,7.4,16.4,2022,3,March,False
2022-03-22,18.2,6.3,0.1,16.3,London,12.2,11.9,2022,3,March,True
2022-03-23,18.4,3.4,0.0,10.6,London,10.9,15.0,2022,3,March,False
2022-03-24,17.2,4.3,0.0,9.8,London,10.8,12.9,2022,3,March,False
2022-03-25,16.2,1.9,0.0,16.2,London,9.0,14.3,2022,3,March,False
2022-03-26,16.8,2.5,0.0,19.4,London,9.6,14.3,2022,3,March,False
2022-03-27,12.4,5.0,0.0,19.5,London,8.7,7.4,2022,3,March,False
2022-03-28,16.0,1.2,0.1,12.0,London,8.6,14.8,2022,3,March,True
2022-03-29,12.5,6.9,0.3,18.0,London,9.7,5.6,2022,3,March,True
2022-03-30,11.1,3.6,3.3,24.8,London,7.4,7.5,2022,3,March,True
2022-03-31,7.4,0.3,0.7,34.7,London,3.8,7.1,2022,3,March,True
2022-04-01,7.3,0.9,2.4,35.5,London,4.1,6.4,2022,4,April,True
2022-04-02,8.5,-1.0,0.8,15.0,London,3.8,9.5,2022,4,April,True
2022-04-03,9.2,-3.1,0.1,14.4,London,3.0,12.3,2022,4,April,True
2022-04-04,14.7,4.0,3.4,29.9,London,9.4,10.7,2022,4,April,True
2022-04-05,14.0,8.4,0.1,25.7,London,11.2,5.6,2022,4,April,True
2022-04-06,13.6,8.1,2.4,35.4,London,10.8,5.5,2022,4,April,True
2022-04-07,12.5,4.4,4.5,45.2,London,8.4,8.1,2022,4,April,True
2022-04-08,10.7,2.2,1.6,16.9,London,6.4,8.5,2022,4,April,True
2022-04-09,10.7,1.0,0.9,17.7,London,5.8,9.7,2022,4,April,True
2022-04-10,13.4,1.6,0.0,16.6,London,7.5,11.8,2022,4,April,False
2022-04-11,16.1,4.5,0.0,24.7,London,10.3,11.6,2022,4,April,False
2022-04-12,18.5,9.3,5.0,24.5,London,13.9,9.2,2022,4,April,True
2022-04-13,17.5,8.7,0.4,23.3,London,13.1,8.8,2022,4,April,True
2022-04-14,18.0,5.9,0.0,9.4,London,12.0,12.1,2022,4,April,False
2022-04-15,20.8,6.9,0.0,11.3,London,13.8,13.9,2022,4,April,False
2022-04-16,17.8,7.1,0.0,14.9,London,12.4,10.7,2022,4,April,False
2022-04-17,18.1,5.9,0.0,16.4,London,12.0,12.2,2022,4,April,False
2022-04-18,16.1,5.4,0.0,12.3,London,10.8,10.7,2022,4,April,False
2022-04-19,15.9,5.6,0.1,20.9,London,10.8,10.3,2022,4,April,True
2022-04-20,17.3,6.6,0.0,23.2,London,12.0,10.7,2022,4,April,False
2022-04-21,17.5,6.6,0.0,24.5,London,12.0,10.9,2022,4,April,False
2022-04-22,15.4,7.8,0.1,32.3,London,11.6,7.6,2022,4,April,True
2022-04-23,16.4,8.5,0.0,31.3,London,12.4,7.9,2022,4,April,False
2022-04-24,17.6,8.0,0.0,23.9,London,12.8,9.6,2022,4,April,False
2022-04-25,13.7,5.3,0.3,23.1,London,9.5,8.4,2022,4,April,True
2022-04-26,14.8,4.0,0.0,18.4,London,9.4,10.8,2022,4,April,False
2022-04-27,11.9,4.2,0.1,18.4,London,8.0,7.7,2022,4,April,True
2022-04-28,14.0,4.2,0.1,16.9,London,9.1,9.8,2022,4,April,True
2022-04-29,11.5,4.9,0.0,16.8,London,8.2,6.6,2022,4,April,False
2022-04-30,16.3,2.2,0.0,13.5,London,9.2,14.1,2022,4,April,False
2022-05-01,13.6,9.0,1.6,14.3,London,11.3,4.6,2022,5,May,True
2022-05-02,15.7,6.5,0.4,7.6,London,11.1,9.2,2022,5,May,True
2022-05-03,14.3,9.8,0.0,12.8,London,12.0,4.5,2022,5,May,False
2022-05-04,18.2,9.5,4.5,16.9,London,13.8,8.7,2022,5,May,True
2022-05-05,19.0,6.8,0.0,14.1,London,12.9,12.2,2022,5,May,False
2022-05-06,21.0,8.7,0.0,20.2,London,14.8,12.3,2022,5,May,False
2022-05-07,18.0,10.9,2.3,15.7,London,14.4,7.1,2022,5,May,True
2022-05-08,17.0,8.0,0.0,15.4,London,12.5,9.0,2022,5,May,False
2022-05-09,20.9,4.5,0.0,23.7,London,12.7,16.4,2022,5,May,False
2022-05-10,18.6,13.4,1.5,24.7,London,16.0,5.2,2022,5,May,True
2022-05-11,16.6,10.0,4.2,36.7,London,13.3,6.6,2022,5,May,True
2022-05-12,17.4,7.1,0.0,22.5,London,12.2,10.3,2022,5,May,False
2022-05-13,19.5,9.8,0.0,26.4,London,14.6,9.7,2022,5,May,False
2022-05-14,20.9,6.8,0.0,10.9,London,13.8,14.1,2022,5,May,False
2022-05-15,21.7,12.2,23.9,23.1,London,17.0,9.5,2022,5,May,True
2022-05-16,19.3,12.4,2.6,29.9,London,15.8,6.9,2022,5,May,True
2022-05-17,24.1,11.7,0.1,24.0,London,17.9,12.4,2022,5,May,True
2022-05-18,21.3,10.8,7.2,17.8,London,16.0,10.5,2022,5,May,True
2022-05-19,21.5,12.8,23.9,18.0,London,17.2,8.7,2022,5,May,True
2022-05-20,17.0,11.3,4.0,27.4,London,14.2,5.7,2022,5,May,True
2022-05-21,19.4,9.6,0.0,20.0,London,14.5,9.8,2022,5,May,False
2022-05-22,21.7,8.8,0.0,13.8,London,15.2,12.9,2022,5,May,False
2022-05-23,17.8,11.1,2.5,17.7,London,14.4,6.7,2022,5,May,True
2022-05-24,16.0,9.3,4.0,18.4,London,12.6,6.7,2022,5,May,True
2022-05-25,17.8,8.5,0.2,30.8,London,13.2,9.3,2022,5,May,True
2022-05-26,20.2,10.5,0.0,29.6,London,15.4,9.7,2022,5,May,False
2022-05-27,18.8,11.9,0.0,20.1,London,15.4,6.9,2022,5,May,False
2022-05-28,16.6,8.0,0.1,18.7,London,12.3,8.6,2022,5,May,True
2022-05-29,14.9,6.7,0.4,19.6,London,10.8,8.2,2022,5,May,True
2022-05-30,14.3,5.9,1.5,18.9,London,10.1,8.4,2022,5,May,True
2022-05-31,15.6,8.3,3.4,16.6,London,12.0,7.3,2022,5,May,True
2022-06-01,17.3,6.7,0.0,12.0,London,12.0,10.6,2022,6,June,False
2022-06-02,18.8,7.2,0.0,16.2,London,13.0,11.6,2022,6,June,False
2022-06-03,21.9,10.1,0.2,23.4,London,16.0,11.8,2022,6,June,True
2022-06-04,19.8,12.0,2.4,30.0,London,15.9,7.8,2022,6,June,True
2022-06-05,16.5,11.4,5.3,19.5,London,14.0,5.1,2022,6,June,True
2022-06-06,16.9,11.5,0.3,18.0,London,14.2,5.4,2022,6,June,True
2022-06-07,19.8,9.7,3.5,17.3,London,14.8,10.1,2022,6,June,True
2022-06-08,20.6,13.4,29.2,26.4,London,17.0,7.2,2022,6,June,True
2022-06-09,19.5,10.5,0.4,21.2,London,15.0,9.0,2022,6,June,True
2022-06-10,22.3,14.1,0.1,28.8,London,18.2,8.2,2022,6,June,True
2022-06-11,21.5,11.4,0.5,25.0,London,16.4,10.1,2022,6,June,True
2022-06-12,20.1,10.5,0.0,22.1,London,15.3,9.6,2022,6,June,False
2022-06-13,19.3,9.5,0.0,11.6,London,14.4,9.8,2022,6,June,False
2022-06-14,22.7,9.2,0.0,10.8,London,16.0,13.5,2022,6,June,False
2022-06-15,26.1,9.6,0.0,10.8,London,17.8,16.5,2022,6,June,False
2022-06-16,27.1,11.3,0.0,16.3,London,19.2,15.8,2022,6,June,False
2022-06-17,30.2,15.1,0.2,25.7,London,22.6,15.1,2022,6,June,True
2022-06-18,24.2,14.4,9.2,28.0,London,19.3,9.8,2022,6,June,True
2022-06-19,18.2,10.4,2.0,20.6,London,14.3,7.8,2022,6,June,True
2022-06-20,20.3,10.7,0.6,21.9,London,15.5,9.6,2022,6,June,True
2022-06-21,22.8,9.2,0.0,10.8,London,16.0,13.6,2022,6,June,False
2022-06-22,25.2,10.5,0.0,17.2,London,17.8,14.7,2022,6,June,False
2022-06-23,23.5,11.2,0.5,15.1,London,17.4,12.3,2022,6,June,True
2022-06-24,21.8,13.7,2.3,29.0,London,17.8,8.1,2022,6,June,True
2022-06-25,19.1,12.5,0.9,25.9,London,15.8,6.6,2022,6,June,True
2022-06-26,20.4,11.5,0.0,28.0,London,16.0,8.9,2022,6,June,False
2022-06-27,19.1,11.0,2.0,28.8,London,15.0,8.1,2022,6,June,True
2022-06-28,20.6,10.4,0.2,27.1,London,15.5,10.2,2022,6,June,True
2022-06-29,20.6,13.0,0.9,21.7,London,16.8,7.6,2022,6,June,True
2022-06-30,18.7,12.0,2.2,17.4,London,15.4,6.7,2022,6,June,True
2022-07-01,20.2,10.1,0.7,26.0,London,15.2,10.1,2022,7,July,True
2022-07-02,21.1,11.8,0.5,27.9,London,16.5,9.3,2022,7,July,True
2022-07-03,21.3,10.4,0.0,17.7,London,15.8,10.9,2022,7,July,False
2022-07-04,21.5,9.8,0.0,19.1,London,15.6,11.7,2022,7,July,False
2022-07-05,21.8,9.9,0.0,18.9,London,15.8,11.9,2022,7,July,False
2022-07-06,23.9,11.6,0.0,21.2,London,17.8,12.3,2022,7,July,False
2022-07-07,24.1,16.2,0.0,18.9,London,20.2,7.9,2022,7,July,False
2022-07-08,26.9,12.6,0.0,13.3,London,19.8,14.3,2022,7,July,False
2022-07-09,25.6,14.6,0.0,14.9,London,20.1,11.0,2022,7,July,False
2022-07-10,27.4,13.2,0.0,15.3,London,20.3,14.2,2022,7,July,False
2022-07-11,29.7,15.0,0.0,15.8,London,22.4,14.7,2022,7,July,False
2022-07-12,30.2,18.0,0.0,20.2,London,24.1,12.2,2022,7,July,False
2022-07-13,27.0,19.0,0.4,12.5,London,23.0,8.0,2022,7,July,True
2022-07-14,24.3,14.4,0.0,20.2,London,19.4,9.9,2022,7,July,False
2022-07-15,24.9,12.6,0.0,19.0,London,18.8,12.3,2022,7,July,False
2022-07-16,27.1,13.0,0.0,13.0,London,20.0,14.1,2022,7,July,False
2022-07-17,29.4,14.9,0.0,15.1,London,22.2,14.5,2022,7,July,False
2022-07-18,35.0,19.0,0.0,14.6,London,27.0,16.0,2022,7,July,False
2022-07-19,37.9,20.8,0.9,22.5,London,29.4,17.1,2022,7,July,True
2022-07-20,25.6,18.2,1.7,24.5,London,21.9,7.4,2022,7,July,True
2022-07-21,24.1,17.0,0.6,16.6,London,20.6,7.1,2022,7,July,True
2022-07-22,21.8,16.3,2.5,19.8,London,19.0,5.5,2022,7,July,True
2022-07-23,26.1,13.8,0.1,24.0,London,20.0,12.3,2022,7,July,True
2022-07-24,26.7,16.8,4.1,27.1,London,21.8,9.9,2022,7,July,True
2022-07-25,24.0,17.3,0.0,28.1,London,20.6,6.7,2022,7,July,False
2022-07-26,20.9,14.4,0.2,14.0,London,17.6,6.5,2022,7,July,True
2022-07-27,21.1,12.3,0.1,17.3,London,16.7,8.8,2022,7,July,True
2022-07-28,21.4,15.6,1.6,18.8,London,18.5,5.8,2022,7,July,True
2022-07-29,25.8,13.1,0.0,12.2,London,19.4,12.7,2022,7,July,False
2022-07-30,25.6,15.3,0.0,17.7,London,20.5,10.3,2022,7,July,False
2022-07-31,25.6,17.8,0.6,29.1,London,21.7,7.8,2022,7,July,True
2022-08-01,25.3,17.0,0.0,16.7,London,21.2,8.3,2022,8,August,False
2022-08-02,25.4,17.6,0.2,25.6,London,21.5,7.8,2022,8,August,True
2022-08-03,27.0,17.1,0.0,24.7,London,22.0,9.9,2022,8,August,False
2022-08-04,24.3,16.8,0.0,17.7,London,20.6,7.5,2022,8,August,False
2022-08-05,21.8,13.8,0.0,18.4,London,17.8,8.0,2022,8,August,False
2022-08-06,23.1,10.5,0.0,13.2,London,16.8,12.6,2022,8,August,False
2022-08-07,26.1,12.7,0.0,11.0,London,19.4,13.4,2022,8,August,False
2022-08-08,27.9,13.6,0.0,19.2,London,20.8,14.3,2022,8,August,False
2022-08-09,27.4,14.2,0.0,19.2,London,20.8,13.2,2022,8,August,False
2022-08-10,28.7,14.3,0.0,16.6,London,21.5,14.4,2022,8,August,False
2022-08-11,31.4,15.2,0.0,18.4,London,23.3,16.2,2022,8,August,False
2022-08-12,31.8,16.5,0.0,19.4,London,24.2,15.3,2022,8,August,False
2022-08-13,32.9,17.1,0.0,17.1,London,25.0,15.8,2022,8,August,False
2022-08-14,32.0,17.5,0.0,17.5,London,24.8,14.5,2022,8,August,False
2022-08-15,28.6,17.4,0.7,19.2,London,23.0,11.2,2022,8,August,True
2022-08-16,22.7,17.7,3.6,18.2,London,20.2,5.0,2022,8,August,True
2022-08-17,23.9,15.9,1.1,20.1,London,19.9,8.0,2022,8,August,True
2022-08-18,25.2,14.8,0.6,16.4,London,20.0,10.4,2022,8,August,True
2022-08-19,23.3,16.6,0.9,20.2,London,20.0,6.7,2022,8,August,True
2022-08-20,23.4,13.0,0.0,22.5,London,18.2,10.4,2022,8,August,False
2022-08-21,23.6,13.4,0.0,13.0,London,18.5,10.2,2022,8,August,False
2022-08-22,22.0,12.0,2.7,15.9,London,17.0,10.0,2022,8,August,True
2022-08-23,25.4,18.5,0.5,19.2,London,22.0,6.9,2022,8,August,True
2022-08-24,27.2,18.6,0.6,17.9,London,22.9,8.6,2022,8,August,True
2022-08-25,20.8,15.0,17.1,15.1,London,17.9,5.8,2022,8,August,True
2022-08-26,22.8,12.3,0.0,8.3,London,17.6,10.5,2022,8,August,False
2022-08-27,23.2,12.9,0.3,16.6,London,18.0,10.3,2022,8,August,True
2022-08-28,22.3,13.0,0.0,18.7,London,17.6,9.3,2022,8,August,False
2022-08-29,21.4,13.8,0.1,20.2,London,17.6,7.6,2022,8,August,True
2022-08-30,23.1,14.0,0.0,23.3,London,18.6,9.1,2022,8,August,False
2022-08-31,23.3,13.4,0.2,24.9,London,18.4,9.9,2022,8,August,True
2022-09-01,23.9,15.3,0.7,23.6,London,19.6,8.6,2022,9,September,True
2022-09-02,24.2,15.2,1.0,14.7,London,19.7,9.0,2022,9,September,True
2022-09-03,24.1,13.7,1.4,20.0,London,18.9,10.4,2022,9,September,True
2022-09-04,23.6,15.7,0.4,22.7,London,19.6,7.9,2022,9,September,True
2022-09-05,23.7,16.1,4.9,21.4,London,19.9,7.6,2022,9,September,True
2022-09-06,23.1,15.1,8.7,27.9,London,19.1,8.0,2022,9,September,True
2022-09-07,21.0,15.1,4.4,21.8,London,18.0,5.9,2022,9,September,True
2022-09-08,19.4,13.5,4.6,22.4,London,16.4,5.9,2022,9,September,True
2022-09-09,20.0,13.4,1.1,18.0,London,16.7,6.6,2022,9,September,True
2022-09-10,20.9,13.0,0.8,12.4,London,17.0,7.9,2022,9,September,True
2022-09-11,22.6,12.6,0.0,15.5,London,17.6,10.0,2022,9,September,False
2022-09-12,24.7,14.7,0.8,13.0,London,19.7,10.0,2022,9,September,True
2022-09-13,20.2,15.9,2.8,16.3,London,18.0,4.3,2022,9,September,True
2022-09-14,20.8,14.5,5.3,13.3,London,17.6,6.3,2022,9,September,True
2022-09-15,18.5,11.6,0.8,15.4,London,15.0,6.9,2022,9,September,True
2022-09-16,16.2,8.2,0.1,21.9,London,12.2,8.0,2022,9,September,True
2022-09-17,16.3,6.5,0.0,18.3,London,11.4,9.8,2022,9,September,False
2022-09-18,18.0,7.9,0.0,22.3,London,13.0,10.1,2022,9,September,False
2022-09-19,16.9,9.0,0.3,8.6,London,13.0,7.9,2022,9,September,True
2022-09-20,19.1,9.3,0.0,8.2,London,14.2,9.8,2022,9,September,False
2022-09-21,19.1,9.3,0.0,8.2,London,14.2,9.8,2022,9,September,False
2022-09-22,19.9,9.0,0.0,17.1,London,14.4,10.9,2022,9,September,False
2022-09-23,18.2,12.5,2.6,15.3,London,15.4,5.7,2022,9,September,True
2022-09-24,17.5,9.3,0.2,19.3,London,13.4,8.2,2022,9,September,True
2022-09-25,15.8,7.9,0.0,16.3,London,11.9,7.9,2022,9,September,False
2022-09-26,15.5,10.2,1.7,27.1,London,12.8,5.3,2022,9,September,True
2022-09-27,14.2,7.9,2.4,26.1,London,11.0,6.3,2022,9,September,True
2022-09-28,14.7,5.7,0.1,16.7,London,10.2,9.0,2022,9,September,True
2022-09-29,15.7,5.0,0.0,10.7,London,10.4,10.7,2022,9,September,False
2022-09-30,16.5,5.2,5.4,34.9,London,10.8,11.3,2022,9,September,True
2022-10-01,18.6,10.9,0.2,25.6,London,14.8,7.7,2022,10,October,True
2022-10-02,18.0,9.9,0.4,15.8,London,14.0,8.1,2022,10,October,True
2022-10-03,18.2,6.6,0.0,14.0,London,12.4,11.6,2022,10,October,False
2022-10-04,18.2,12.1,0.3,27.8,London,15.2,6.1,2022,10,October,True
2022-10-05,18.7,11.6,0.9,44.4,London,15.2,7.1,2022,10,October,True
2022-10-06,18.0,7.8,0.0,24.6,London,12.9,10.2,2022,10,October,False
2022-10-07,18.2,11.6,0.5,31.5,London,14.9,6.6,2022,10,October,True
2022-10-08,16.1,7.0,0.0,13.1,London,11.6,9.1,2022,10,October,False
2022-10-09,17.5,5.5,0.0,19.6,London,11.5,12.0,2022,10,October,False
2022-10-10,16.2,7.4,1.5,17.7,London,11.8,8.8,2022,10,October,True
2022-10-11,14.7,4.8,0.0,11.0,London,9.8,9.9,2022,10,October,False
2022-10-12,17.2,5.7,1.3,21.7,London,11.4,11.5,2022,10,October,True
2022-10-13,16.4,10.4,9.3,13.8,London,13.4,6.0,2022,10,October,True
2022-10-14,15.1,9.2,1.2,15.2,London,12.1,5.9,2022,10,October,True
2022-10-15,16.6,7.4,0.2,30.0,London,12.0,9.2,2022,10,October,True
2022-10-16,16.5,10.1,8.9,24.4,London,13.3,6.4,2022,10,October,True
2022-10-17,18.1,10.0,3.4,20.7,London,14.0,8.1,2022,10,October,True
2022-10-18,17.4,6.3,0.0,15.8,London,11.8,11.1,2022,10,October,False
2022-10-19,16.2,11.7,2.3,30.5,London,14.0,4.5,2022,10,October,True
2022-10-20,16.6,10.3,10.0,15.4,London,13.4,6.3,2022,10,October,True
2022-10-21,17.6,10.1,5.9,29.0,London,13.8,7.5,2022,10,October,True
2022-10-22,17.5,11.9,0.2,24.0,London,14.7,5.6,2022,10,October,True
2022-10-23,18.4,13.3,12.5,27.5,London,15.8,5.1,2022,10,October,True
2022-10-24,17.4,11.5,1.7,30.4,London,14.4,5.9,2022,10,October,True
2022-10-25,16.9,10.3,0.2,19.5,London,13.6,6.6,2022,10,October,True
2022-10-26,18.7,13.0,0.6,31.4,London,15.8,5.7,2022,10,October,True
2022-10-27,20.2,12.0,4.0,26.9,London,16.1,8.2,2022,10,October,True
2022-10-28,18.4,10.5,0.1,28.8,London,14.4,7.9,2022,10,October,True
2022-10-29,21.3,10.5,3.0,17.3,London,15.9,10.8,2022,10,October,True
2022-10-30,15.7,12.2,1.3,24.3,London,14.0,3.5,2022,10,October,True
2022-10-31,17.0,11.6,6.6,24.9,London,14.3,5.4,2022,10,October,True
2022-11-01,14.6,10.2,4.2,44.0,London,12.4,4.4,2022,11,November,True
2022-11-02,15.2,8.4,2.5,36.1,London,11.8,6.8,2022,11,November,True
2022-11-03,13.3,5.6,28.1,26.4,London,9.4,7.7,2022,11,November,True
2022-11-04,12.3,6.0,3.1,17.8,London,9.2,6.3,2022,11,November,True
2022-11-05,13.8,4.8,2.9,25.5,London,9.3,9.0,2022,11,November,True
2022-11-06,14.1,10.2,20.4,24.6,London,12.1,3.9,2022,11,November,True
2022-11-07,14.6,10.6,1.4,33.1,London,12.6,4.0,2022,11,November,True
2022-11-08,15.2,11.2,4.7,34.9,London,13.2,4.0,2022,11,November,True
2022-11-09,14.0,9.6,0.0,28.6,London,11.8,4.4,2022,11,November,False
2022-11-10,15.4,9.3,0.0,32.7,London,12.4,6.1,2022,11,November,False
2022-11-11,15.8,7.9,0.0,28.4,London,11.9,7.9,2022,11,November,False
2022-11-12,16.3,8.4,0.0,12.1,London,12.4,7.9,2022,11,November,False
2022-11-13,15.4,7.6,0.0,12.8,London,11.5,7.8,2022,11,November,False
2022-11-14,15.1,6.5,0.3,20.2,London,10.8,8.6,2022,11,November,True
2022-11-15,13.9,8.8,8.9,31.1,London,11.4,5.1,2022,11,November,True
2022-11-16,12.1,7.9,19.4,29.5,London,10.0,4.2,2022,11,November,True
2022-11-17,11.3,7.7,6.9,33.5,London,9.5,3.6,2022,11,November,True
2022-11-18,11.4,5.5,2.2,23.6,London,8.4,5.9,2022,11,November,True
2022-11-19,10.5,3.9,0.3,17.6,London,7.2,6.6,2022,11,November,True
2022-11-20,10.6,2.3,6.1,22.7,London,6.4,8.3,2022,11,November,True
2022-11-21,9.2,1.8,7.9,38.3,London,5.5,7.4,2022,11,November,True
2022-11-22,9.8,2.8,0.1,25.6,London,6.3,7.0,2022,11,November,True
2022-11-23,11.5,2.5,5.8,35.1,London,7.0,9.0,2022,11,November,True
2022-11-24,12.5,5.8,2.9,31.9,London,9.2,6.7,2022,11,November,True
2022-11-25,11.6,6.2,0.0,21.4,London,8.9,5.4,2022,11,November,False
2022-11-26,12.3,5.9,0.9,28.4,London,9.1,6.4,2022,11,November,True
2022-11-27,12.8,9.3,10.8,30.3,London,11.0,3.5,2022,11,November,True
2022-11-28,10.5,3.1,1.5,10.4,London,6.8,7.4,2022,11,November,True
2022-11-29,7.3,4.4,0.0,9.7,London,5.8,2.9,2022,11,November,False
2022-11-30,8.8,3.6,0.1,8.4,London,6.2,5.2,2022,11,November,True
2022-12-01,7.0,2.9,0.0,10.5,London,5.0,4.1,2022,12,December,False
2022-12-02,7.6,3.3,0.3,20.1,London,5.4,4.3,2022,12,December,True
2022-12-03,7.4,5.1,0.0,24.1,London,6.2,2.3,2022,12,December,False
2022-12-04,6.0,4.1,1.6,21.1,London,5.0,1.9,2022,12,December,True
2022-12-05,8.3,4.6,0.0,17.8,London,6.4,3.7,2022,12,December,False
2022-12-06,6.4,3.2,0.0,13.8,London,4.8,3.2,2022,12,December,False
2022-12-07,4.6,-2.6,0.0,11.7,London,1.0,7.2,2022,12,December,False
2022-12-08,2.8,-4.0,0.0,11.5,London,-0.6,6.8,2022,12,December,False
2022-12-09,2.7,-4.4,0.0,11.3,London,-0.8,7.1,2022,12,December,False
2022-12-10,2.9,-3.9,0.0,11.5,London,-0.5,6.8,2022,12,December,False
2022-12-11,-0.8,-4.2,0.7,11.4,London,-2.5,3.4,2022,12,December,True
2022-12-12,1.5,-2.4,0.2,12.4,London,-0.4,3.9,2022,12,December,True
2022-12-13,0.7,-3.2,0.0,10.9,London,-1.2,3.9,2022,12,December,False
2022-12-14,0.7,-4.8,0.0,15.7,London,-2.0,5.5,2022,12,December,False
2022-12-15,0.7,-5.2,0.0,10.9,London,-2.2,5.9,2022,12,December,False
2022-12-16,1.6,-5.5,0.0,12.3,London,-2.0,7.1,2022,12,December,False
2022-12-17,5.0,-5.5,0.0,16.2,London,-0.2,10.5,2022,12,December,False
2022-12-18,8.0,-3.7,9.9,30.6,London,2.2,11.7,2022,12,December,True
2022-12-19,12.8,8.6,4.9,37.3,London,10.7,4.2,2022,12,December,True
2022-12-20,12.6,4.0,3.5,33.0,London,8.3,8.6,2022,12,December,True
2022-12-21,10.6,3.6,0.9,20.7,London,7.1,7.0,2022,12,December,True
2022-12-22,11.0,3.7,0.8,18.1,London,7.4,7.3,2022,12,December,True
2022-12-23,12.7,7.7,7.8,25.4,London,10.2,5.0,2022,12,December,True
2022-12-24,10.8,5.7,0.0,21.4,London,8.2,5.1,2022,12,December,False
2022-12-25,11.1,8.3,0.1,20.7,London,9.7,2.8,2022,12,December,True
2022-12-26,9.5,3.0,0.0,25.9,London,6.2,6.5,2022,12,December,False
2022-12-27,9.9,1.9,3.8,34.7,London,5.9,8.0,2022,12,December,True
2022-12-28,11.4,9.6,4.0,37.6,London,10.5,1.8,2022,12,December,True
2022-12-29,9.8,5.0,0.3,33.4,London,7.4,4.8,2022,12,December,True
2022-12-30,13.2,4.6,5.9,35.7,London,8.9,8.6,2022,12,December,True
2022-12-31,13.2,9.7,10.6,35.8,London,11.4,3.5,2022,12,December,True
2023-01-01,12.1,8.7,3.9,34.1,London,10.4,3.4,2023,1,January,True
2023-01-02,8.5,1.0,0.6,15.5,London,4.8,7.5,2023,1,January,True
2023-01-03,12.3,1.3,3.2,37.4,London,6.8,11.0,2023,1,January,True
2023-01-04,13.1,9.9,0.9,35.9,London,11.5,3.2,2023,1,January,True
2023-01-05,12.9,7.8,0.1,28.9,London,10.4,5.1,2023,1,January,True
2023-01-06,12.0,5.7,1.2,32.3,London,8.8,6.3,2023,1,January,True
2023-01-07,11.6,7.3,5.0,36.7,London,9.4,4.3,2023,1,January,True
2023-01-08,8.9,4.8,1.4,28.8,London,6.8,4.1,2023,1,January,True
2023-01-09,8.3,4.1,0.7,26.0,London,6.2,4.2,2023,1,January,True
2023-01-10,12.5,3.2,6.4,36.7,London,7.8,9.3,2023,1,January,True
2023-01-11,12.1,6.6,2.6,34.5,London,9.4,5.5,2023,1,January,True
2023-01-12,12.1,7.1,5.7,40.7,London,9.6,5.0,2023,1,January,True
2023-01-13,10.2,5.0,0.0,33.9,London,7.6,5.2,2023,1,January,False
2023-01-14,12.1,5.7,11.4,40.4,London,8.9,6.4,2023,1,January,True
2023-01-15,7.7,1.1,0.0,29.6,London,4.4,6.6,2023,1,January,False
2023-01-16,5.0,-4.1,13.4,27.9,London,0.5,9.1,2023,1,January,True
2023-01-17,2.5,-4.7,0.0,9.7,London,-1.1,7.2,2023,1,January,False
2023-01-18,4.5,-3.8,0.0,17.2,London,0.4,8.3,2023,1,January,False
2023-01-19,4.1,-3.3,0.0,10.8,London,0.4,7.4,2023,1,January,False
2023-01-20,6.0,-1.2,0.0,17.7,London,2.4,7.2,2023,1,January,False
2023-01-21,5.3,-2.3,0.0,11.2,London,1.5,7.6,2023,1,January,False
2023-01-22,1.5,-3.6,0.0,5.4,London,-1.0,5.1,2023,1,January,False
2023-01-23,3.2,-4.2,0.0,6.6,London,-0.5,7.4,2023,1,January,False
2023-01-24,4.8,-1.7,0.0,9.6,London,1.5,6.5,2023,1,January,False
2023-01-25,5.7,-2.4,1.7,18.9,London,1.6,8.1,2023,1,January,True
2023-01-26,7.8,2.7,0.3,23.7,London,5.2,5.1,2023,1,January,True
2023-01-27,7.1,-1.5,0.0,21.5,London,2.8,8.6,2023,1,January,False
2023-01-28,6.1,-2.2,0.0,11.2,London,1.9,8.3,2023,1,January,False
2023-01-29,8.1,0.3,0.0,25.3,London,4.2,7.8,2023,1,January,False
2023-01-30,9.0,1.1,0.0,23.5,London,5.0,7.9,2023,1,January,False
2023-01-31,11.4,1.2,0.1,25.6,London,6.3,10.2,2023,1,January,True
2023-02-01,9.8,3.2,0.0,31.1,London,6.5,6.6,2023,2,February,False
2023-02-02,11.1,4.4,0.2,27.0,London,7.8,6.7,2023,2,February,True
2023-02-03,12.3,6.4,0.0,22.7,London,9.4,5.9,2023,2,February,False
2023-02-04,9.4,5.0,0.5,13.3,London,7.2,4.4,2023,2,February,True
2023-02-05,8.5,-0.3,0.0,16.9,London,4.1,8.8,2023,2,February,False
2023-02-06,8.4,-0.8,0.0,11.8,London,3.8,9.2,2023,2,February,False
2023-02-07,5.9,-1.3,0.0,10.6,London,2.3,7.2,2023,2,February,False
2023-02-08,7.2,-3.0,0.0,12.0,London,2.1,10.2,2023,2,February,False
2023-02-09,9.3,-1.6,0.0,11.7,London,3.9,10.9,2023,2,February,False
2023-02-10,7.9,-2.9,0.0,16.9,London,2.5,10.8,2023,2,February,False
2023-02-11,10.6,6.1,0.0,12.7,London,8.4,4.5,2023,2,February,False
2023-02-12,9.2,5.6,0.0,12.0,London,7.4,3.6,2023,2,February,False
2023-02-13,11.4,1.9,0.0,12.6,London,6.6,9.5,2023,2,February,False
2023-02-14,12.8,0.9,0.0,13.8,London,6.8,11.9,2023,2,February,False
2023-02-15,12.9,1.1,0.0,19.3,London,7.0,11.8,2023,2,February,False
2023-02-16,12.1,7.4,3.9,24.3,London,9.8,4.7,2023,2,February,True
2023-02-17,13.6,9.4,0.1,36.2,London,11.5,4.2,2023,2,February,True
2023-02-18,12.8,8.6,0.7,27.3,London,10.7,4.2,2023,2,February,True
2023-02-19,12.2,6.2,0.0,18.5,London,9.2,6.0,2023,2,February,False
2023-02-20,12.4,6.2,0.0,27.6,London,9.3,6.2,2023,2,February,False
2023-02-21,10.9,4.5,0.0,13.2,London,7.7,6.4,2023,2,February,False
2023-02-22,8.5,3.5,4.1,12.6,London,6.0,5.0,2023,2,February,True
2023-02-23,8.3,2.3,1.7,23.9,London,5.3,6.0,2023,2,February,True
2023-02-24,9.2,-1.2,0.0,15.2,London,4.0,10.4,2023,2,February,False
2023-02-25,7.3,1.7,0.0,27.0,London,4.5,5.6,2023,2,February,False
2023-02-26,7.7,1.1,0.0,27.6,London,4.4,6.6,2023,2,February,False
2023-02-27,7.6,-0.5,0.0,20.9,London,3.6,8.1,2023,2,February,False
2023-02-28,7.9,0.6,0.7,27.3,London,4.2,7.3,2023,2,February,True
2023-03-01,7.2,3.9,0.6,19.2,London,5.6,3.3,2023,3,March,True
2023-03-02,8.8,0.3,0.0,24.5,London,4.6,8.5,2023,3,March,False
2023-03-03,6.4,0.9,0.4,19.6,London,3.6,5.5,2023,3,March,True
2023-03-04,6.8,3.3,0.0,15.5,London,5.0,3.5,2023,3,March,False
2023-03-05,4.9,-0.1,0.3,13.5,London,2.4,5.0,2023,3,March,True
2023-03-06,8.9,-1.8,1.6,22.5,London,3.6,10.7,2023,3,March,True
2023-03-07,4.5,-1.8,4.1,12.9,London,1.4,6.3,2023,3,March,True
2023-03-08,2.5,-2.1,13.0,23.3,London,0.2,4.6,2023,3,March,True
2023-03-09,11.8,2.0,6.0,21.0,London,6.9,9.8,2023,3,March,True
2023-03-10,8.6,-1.6,4.6,33.2,London,3.5,10.2,2023,3,March,True
2023-03-11,7.9,-3.6,1.1,16.7,London,2.2,11.5,2023,3,March,True
2023-03-12,12.9,5.8,1.2,31.0,London,9.4,7.1,2023,3,March,True
2023-03-13,13.9,9.6,0.9,50.4,London,11.8,4.3,2023,3,March,True
2023-03-14,9.8,3.9,5.7,26.7,London,6.8,5.9,2023,3,March,True
2023-03-15,8.4,-1.1,1.7,22.0,London,3.6,9.5,2023,3,March,True
2023-03-16,14.0,7.5,2.4,28.1,London,10.8,6.5,2023,3,March,True
2023-03-17,13.6,8.4,1.9,19.5,London,11.0,5.2,2023,3,March,True
2023-03-18,13.1,8.1,4.0,14.0,London,10.6,5.0,2023,3,March,True
2023-03-19,10.6,5.3,1.7,19.7,London,8.0,5.3,2023,3,March,True
2023-03-20,12.8,7.1,3.2,25.6,London,10.0,5.7,2023,3,March,True
2023-03-21,14.0,8.6,1.5,31.1,London,11.3,5.4,2023,3,March,True
2023-03-22,14.5,10.0,2.2,35.0,London,12.2,4.5,2023,3,March,True
2023-03-23,13.9,7.9,8.9,36.2,London,10.9,6.0,2023,3,March,True
2023-03-24,12.8,7.3,1.7,35.4,London,10.0,5.5,2023,3,March,True
2023-03-25,13.5,7.5,0.5,38.5,London,10.5,6.0,2023,3,March,True
2023-03-26,8.7,3.2,8.1,22.2,London,5.9,5.5,2023,3,March,True
2023-03-27,9.6,1.8,0.0,9.8,London,5.7,7.8,2023,3,March,False
2023-03-28,9.0,3.4,1.9,25.8,London,6.2,5.6,2023,3,March,True
2023-03-29,14.1,8.0,3.3,29.6,London,11.0,6.1,2023,3,March,True
2023-03-30,15.1,10.2,2.9,31.8,London,12.6,4.9,2023,3,March,True
2023-03-31,13.4,10.0,13.2,33.7,London,11.7,3.4,2023,3,March,True
2023-04-01,11.6,8.2,1.2,21.2,London,9.9,3.4,2023,4,April,True
2023-04-02,11.3,3.0,0.0,23.0,London,7.2,8.3,2023,4,April,False
2023-04-03,11.0,0.3,0.0,18.5,London,5.6,10.7,2023,4,April,False
2023-04-04,12.5,-0.9,0.0,13.3,London,5.8,13.4,2023,4,April,False
2023-04-05,11.7,0.7,1.0,12.5,London,6.2,11.0,2023,4,April,True
2023-04-06,13.4,5.6,4.9,22.8,London,9.5,7.8,2023,4,April,True
2023-04-07,13.7,2.8,0.2,10.3,London,8.2,10.9,2023,4,April,True
2023-04-08,13.6,2.6,0.0,11.0,London,8.1,11.0,2023,4,April,False
2023-04-09,15.4,3.5,0.0,14.0,London,9.4,11.9,2023,4,April,False
2023-04-10,14.3,7.9,9.1,33.0,London,11.1,6.4,2023,4,April,True
2023-04-11,12.6,5.8,7.4,39.4,London,9.2,6.8,2023,4,April,True
2023-04-12,10.6,4.8,3.3,46.0,London,7.7,5.8,2023,4,April,True
2023-04-13,12.2,4.7,1.0,27.0,London,8.4,7.5,2023,4,April,True
2023-04-14,10.0,2.3,8.1,21.3,London,6.2,7.7,2023,4,April,True
2023-04-15,14.2,6.7,2.3,18.0,London,10.4,7.5,2023,4,April,True
2023-04-16,15.1,5.0,0.0,10.5,London,10.0,10.1,2023,4,April,False
2023-04-17,15.8,7.3,0.5,18.4,London,11.6,8.5,2023,4,April,True
2023-04-18,11.9,7.0,0.2,32.2,London,9.4,4.9,2023,4,April,True
2023-04-19,14.9,6.8,0.0,29.7,London,10.8,8.1,2023,4,April,False
2023-04-20,14.6,5.1,2.3,29.4,London,9.8,9.5,2023,4,April,True
2023-04-21,11.2,4.5,3.3,16.3,London,7.8,6.7,2023,4,April,True
2023-04-22,13.3,1.5,1.5,17.7,London,7.4,11.8,2023,4,April,True
2023-04-23,13.0,8.1,3.9,22.0,London,10.6,4.9,2023,4,April,True
2023-04-24,11.9,5.3,13.8,20.4,London,8.6,6.6,2023,4,April,True
2023-04-25,10.2,1.1,0.0,12.9,London,5.6,9.1,2023,4,April,False
2023-04-26,11.6,3.2,0.0,15.1,London,7.4,8.4,2023,4,April,False
2023-04-27,14.0,4.9,6.6,21.8,London,9.4,9.1,2023,4,April,True
2023-04-28,17.4,8.1,0.8,22.5,London,12.8,9.3,2023,4,April,True
2023-04-29,17.6,4.5,0.0,13.4,London,11.0,13.1,2023,4,April,False
2023-04-30,17.0,4.8,0.0,15.9,London,10.9,12.2,2023,4,April,False
2023-05-01,16.9,8.0,1.0,16.0,London,12.4,8.9,2023,5,May,True
2023-05-02,14.0,6.8,0.0,18.8,London,10.4,7.2,2023,5,May,False
2023-05-03,13.8,4.9,0.0,24.1,London,9.4,8.9,2023,5,May,False
2023-05-04,18.8,7.8,0.9,24.8,London,13.3,11.0,2023,5,May,True
2023-05-05,17.6,10.7,0.7,19.9,London,14.2,6.9,2023,5,May,True
2023-05-06,14.8,8.6,5.6,23.3,London,11.7,6.2,2023,5,May,True
2023-05-07,18.6,11.5,0.7,10.7,London,15.0,7.1,2023,5,May,True
2023-05-08,15.7,9.0,2.6,23.4,London,12.4,6.7,2023,5,May,True
2023-05-09,17.1,11.0,10.1,18.6,London,14.0,6.1,2023,5,May,True
2023-05-10,17.4,9.3,6.2,22.0,London,13.4,8.1,2023,5,May,True
2023-05-11,17.0,8.3,3.7,9.4,London,12.6,8.7,2023,5,May,True
2023-05-12,12.7,8.8,1.9,32.0,London,10.8,3.9,2023,5,May,True
2023-05-13,15.5,9.1,0.0,20.7,London,12.3,6.4,2023,5,May,False
2023-05-14,19.0,6.9,0.7,11.5,London,13.0,12.1,2023,5,May,True
2023-05-15,14.8,7.1,0.5,23.7,London,11.0,7.7,2023,5,May,True
2023-05-16,16.8,5.2,0.2,21.9,London,11.0,11.6,2023,5,May,True
2023-05-17,17.2,5.8,0.4,11.1,London,11.5,11.4,2023,5,May,True
2023-05-18,17.6,8.9,0.2,14.1,London,13.2,8.7,2023,5,May,True
2023-05-19,17.0,7.7,1.1,15.9,London,12.4,9.3,2023,5,May,True
2023-05-20,18.7,6.7,0.1,22.9,London,12.7,12.0,2023,5,May,True
2023-05-21,18.0,7.4,0.0,25.0,London,12.7,10.6,2023,5,May,False
2023-05-22,19.2,9.2,0.0,24.2,London,14.2,10.0,2023,5,May,False
2023-05-23,16.9,8.4,0.0,16.7,London,12.6,8.5,2023,5,May,False
2023-05-24,20.8,7.4,0.0,14.9,London,14.1,13.4,2023,5,May,False
2023-05-25,18.0,8.3,0.0,16.6,London,13.2,9.7,2023,5,May,False
2023-05-26,17.7,7.8,0.0,20.9,London,12.8,9.9,2023,5,May,False
2023-05-27,19.1,7.4,0.0,18.2,London,13.2,11.7,2023,5,May,False
2023-05-28,20.9,6.2,0.0,25.3,London,13.6,14.7,2023,5,May,False
2023-05-29,16.9,7.8,0.0,26.6,London,12.4,9.1,2023,5,May,False
2023-05-30,16.6,8.1,0.0,27.1,London,12.4,8.5,2023,5,May,False
2023-05-31,18.7,10.8,0.0,23.9,London,14.8,7.9,2023,5,May,False
2023-06-01,18.1,10.2,0.0,23.0,London,14.2,7.9,2023,6,June,False
2023-06-02,17.8,10.2,0.0,22.7,London,14.0,7.6,2023,6,June,False
2023-06-03,21.4,7.4,0.0,21.9,London,14.4,14.0,2023,6,June,False
2023-06-04,21.1,8.5,0.0,18.5,London,14.8,12.6,2023,6,June,False
2023-06-05,18.0,8.0,0.0,20.4,London,13.0,10.0,2023,6,June,False
2023-06-06,16.6,10.9,0.1,21.9,London,13.8,5.7,2023,6,June,True
2023-06-07,20.4,8.5,0.0,19.7,London,14.4,11.9,2023,6,June,False
2023-06-08,21.1,8.5,0.0,21.9,London,14.8,12.6,2023,6,June,False
2023-06-09,23.9,10.8,0.0,22.9,London,17.4,13.1,2023,6,June,False
2023-06-10,28.4,14.1,0.0,19.5,London,21.2,14.3,2023,6,June,False
2023-06-11,29.9,15.5,0.0,11.5,London,22.7,14.4,2023,6,June,False
2023-06-12,26.9,16.0,5.7,13.3,London,21.4,10.9,2023,6,June,True
2023-06-13,27.0,13.1,0.0,24.4,London,20.0,13.9,2023,6,June,False
2023-06-14,26.7,10.8,0.0,18.8,London,18.8,15.9,2023,6,June,False
2023-06-15,25.9,11.6,0.0,17.3,London,18.8,14.3,2023,6,June,False
2023-06-16,25.5,12.0,0.0,17.4,London,18.8,13.5,2023,6,June,False
2023-06-17,24.1,12.3,2.1,13.8,London,18.2,11.8,2023,6,June,True
2023-06-18,24.6,15.2,16.9,18.9,London,19.9,9.4,2023,6,June,True
2023-06-19,22.9,14.1,0.9,21.6,London,18.5,8.8,2023,6,June,True
2023-06-20,22.6,14.8,5.9,24.3,London,18.7,7.8,2023,6,June,True
2023-06-21,23.5,14.8,1.0,16.5,London,19.2,8.7,2023,6,June,True
2023-06-22,26.4,13.3,0.0,15.8,London,19.8,13.1,2023,6,June,False
2023-06-23,25.7,14.6,0.0,17.9,London,20.2,11.1,2023,6,June,False
2023-06-24,26.3,14.9,0.2,14.4,London,20.6,11.4,2023,6,June,True
2023-06-25,29.1,15.0,0.1,27.8,London,22.0,14.1,2023,6,June,True
2023-06-26,22.4,13.6,0.0,23.5,London,18.0,8.8,2023,6,June,False
2023-06-27,21.9,14.1,0.0,20.5,London,18.0,7.8,2023,6,June,False
2023-06-28,24.3,16.6,0.1,15.5,London,20.5,7.7,2023,6,June,True
2023-06-29,22.1,15.7,5.9,15.7,London,18.9,6.4,2023,6,June,True
2023-06-30,18.6,11.4,0.6,33.2,London,15.0,7.2,2023,6,June,True
2023-07-01,21.7,17.2,0.2,24.4,London,19.4,4.5,2023,7,July,True
2023-07-02,19.7,11.9,0.0,27.7,London,15.8,7.8,2023,7,July,False
2023-07-03,19.4,11.7,0.7,33.5,London,15.6,7.7,2023,7,July,True
2023-07-04,18.8,13.1,13.1,19.9,London,16.0,5.7,2023,7,July,True
2023-07-05,19.3,10.7,6.1,23.8,London,15.0,8.6,2023,7,July,True
2023-07-06,20.8,10.8,0.0,20.3,London,15.8,10.0,2023,7,July,False
2023-07-07,27.8,11.2,0.0,17.9,London,19.5,16.6,2023,7,July,False
2023-07-08,24.4,18.9,12.6,20.9,London,21.6,5.5,2023,7,July,True
2023-07-09,22.5,15.3,4.9,22.1,London,18.9,7.2,2023,7,July,True
2023-07-10,22.9,12.9,0.0,29.6,London,17.9,10.0,2023,7,July,False
2023-07-11,22.7,17.0,3.2,27.5,London,19.8,5.7,2023,7,July,True
2023-07-12,21.1,13.5,1.8,26.1,London,17.3,7.6,2023,7,July,True
2023-07-13,21.3,12.9,0.5,22.1,London,17.1,8.4,2023,7,July,True
2023-07-14,19.7,13.6,7.8,31.5,London,16.6,6.1,2023,7,July,True
2023-07-15,19.6,14.8,1.4,43.9,London,17.2,4.8,2023,7,July,True
2023-07-16,20.4,14.1,0.0,31.8,London,17.2,6.3,2023,7,July,False
2023-07-17,21.2,12.2,0.6,22.5,London,16.7,9.0,2023,7,July,True
2023-07-18,21.9,11.2,0.1,18.4,London,16.5,10.7,2023,7,July,True
2023-07-19,22.6,13.9,0.4,20.0,London,18.2,8.7,2023,7,July,True
2023-07-20,22.3,11.6,0.1,14.2,London,17.0,10.7,2023,7,July,True
2023-07-21,19.9,11.6,0.1,17.7,London,15.8,8.3,2023,7,July,True
2023-07-22,18.5,12.7,9.0,30.3,London,15.6,5.8,2023,7,July,True
2023-07-23,22.5,15.9,2.6,31.4,London,19.2,6.6,2023,7,July,True
2023-07-24,17.6,13.9,2.3,19.6,London,15.8,3.7,2023,7,July,True
2023-07-25,19.8,12.0,0.7,17.6,London,15.9,7.8,2023,7,July,True
2023-07-26,21.2,9.4,7.7,21.4,London,15.3,11.8,2023,7,July,True
2023-07-27,21.5,16.3,7.4,27.4,London,18.9,5.2,2023,7,July,True
2023-07-28,22.6,15.9,0.2,20.9,London,19.2,6.7,2023,7,July,True
2023-07-29,21.8,15.2,0.7,26.1,London,18.5,6.6,2023,7,July,True
2023-07-30,20.9,14.2,3.2,30.4,London,17.5,6.7,2023,7,July,True
2023-07-31,20.9,15.6,2.6,27.9,London,18.2,5.3,2023,7,July,True
2023-08-01,21.9,13.8,0.0,24.9,London,17.8,8.1,2023,8,August,False
2023-08-02,19.4,14.7,18.8,32.3,London,17.0,4.7,2023,8,August,True
2023-08-03,21.0,13.8,0.1,18.9,London,17.4,7.2,2023,8,August,True
2023-08-04,19.4,12.8,0.4,16.9,London,16.1,6.6,2023,8,August,True
2023-08-05,18.5,13.6,18.2,29.9,London,16.0,4.9,2023,8,August,True
2023-08-06,18.6,10.5,0.9,24.5,London,14.6,8.1,2023,8,August,True
2023-08-07,20.3,10.5,0.0,18.4,London,15.4,9.8,2023,8,August,False
2023-08-08,17.5,11.0,2.4,23.2,London,14.2,6.5,2023,8,August,True
2023-08-09,24.1,10.8,0.0,11.1,London,17.5,13.3,2023,8,August,False
2023-08-10,25.6,12.6,0.0,16.6,London,19.1,13.0,2023,8,August,False
2023-08-11,24.0,16.6,0.6,22.5,London,20.3,7.4,2023,8,August,True
2023-08-12,21.0,13.9,0.5,32.6,London,17.4,7.1,2023,8,August,True
2023-08-13,21.9,15.2,0.3,25.8,London,18.5,6.7,2023,8,August,True
2023-08-14,21.7,15.6,3.8,31.5,London,18.6,6.1,2023,8,August,True
2023-08-15,22.2,12.5,0.2,17.3,London,17.4,9.7,2023,8,August,True
2023-08-16,24.6,12.6,0.2,16.2,London,18.6,12.0,2023,8,August,True
2023-08-17,23.0,14.9,0.1,23.4,London,19.0,8.1,2023,8,August,True
2023-08-18,24.8,16.1,4.2,22.3,London,20.5,8.7,2023,8,August,True
2023-08-19,23.3,16.3,0.2,27.8,London,19.8,7.0,2023,8,August,True
2023-08-20,24.0,14.9,0.4,19.1,London,19.4,9.1,2023,8,August,True
2023-08-21,24.8,13.3,0.0,20.7,London,19.0,11.5,2023,8,August,False
2023-08-22,24.4,14.5,0.0,18.6,London,19.4,9.9,2023,8,August,False
2023-08-23,25.5,12.5,0.0,7.6,London,19.0,13.0,2023,8,August,False
2023-08-24,25.2,15.5,1.3,14.0,London,20.4,9.7,2023,8,August,True
2023-08-25,20.2,13.7,0.1,18.5,London,17.0,6.5,2023,8,August,True
2023-08-26,19.4,11.4,1.2,17.2,London,15.4,8.0,2023,8,August,True
2023-08-27,19.6,10.3,0.2,20.3,London,15.0,9.3,2023,8,August,True
2023-08-28,20.5,10.7,0.2,15.5,London,15.6,9.8,2023,8,August,True
2023-08-29,20.4,10.6,0.0,17.4,London,15.5,9.8,2023,8,August,False
2023-08-30,19.7,11.0,0.3,21.0,London,15.4,8.7,2023,8,August,True
2023-08-31,18.1,10.1,1.3,14.6,London,14.1,8.0,2023,8,August,True
2023-09-01,22.0,13.7,1.4,6.4,London,17.8,8.3,2023,9,September,True
2023-09-02,23.2,14.8,0.4,15.6,London,19.0,8.4,2023,9,September,True
2023-09-03,24.7,12.9,0.0,12.4,London,18.8,11.8,2023,9,September,False
2023-09-04,27.4,15.1,0.0,18.9,London,21.2,12.3,2023,9,September,False
2023-09-05,27.7,15.8,0.0,16.9,London,21.8,11.9,2023,9,September,False
2023-09-06,29.8,14.8,0.0,10.5,London,22.3,15.0,2023,9,September,False
2023-09-07,29.9,17.3,0.0,13.7,London,23.6,12.6,2023,9,September,False
2023-09-08,29.5,17.9,0.0,8.6,London,23.7,11.6,2023,9,September,False
2023-09-09,31.4,17.5,0.0,7.6,London,24.4,13.9,2023,9,September,False
2023-09-10,30.7,18.2,1.6,20.9,London,24.4,12.5,2023,9,September,True
2023-09-11,24.9,17.0,0.0,18.6,London,21.0,7.9,2023,9,September,False
2023-09-12,23.0,16.2,2.9,17.1,London,19.6,6.8,2023,9,September,True
2023-09-13,19.8,12.2,0.1,19.5,London,16.0,7.6,2023,9,September,True
2023-09-14,22.3,12.1,0.0,12.8,London,17.2,10.2,2023,9,September,False
2023-09-15,24.9,10.8,0.0,13.5,London,17.8,14.1,2023,9,September,False
2023-09-16,25.9,12.5,0.0,17.1,London,19.2,13.4,2023,9,September,False
2023-09-17,21.0,14.9,4.8,26.3,London,18.0,6.1,2023,9,September,True
2023-09-18,19.0,14.0,7.3,32.3,London,16.5,5.0,2023,9,September,True
2023-09-19,19.3,13.3,0.4,45.6,London,16.3,6.0,2023,9,September,True
2023-09-20,20.5,15.2,27.3,48.5,London,17.8,5.3,2023,9,September,True
2023-09-21,17.7,10.6,5.5,17.1,London,14.2,7.1,2023,9,September,True
2023-09-22,17.5,8.7,1.5,19.1,London,13.1,8.8,2023,9,September,True
2023-09-23,17.2,8.3,0.0,16.1,London,12.8,8.9,2023,9,September,False
2023-09-24,20.1,12.3,0.0,30.6,London,16.2,7.8,2023,9,September,False
2023-09-25,21.5,14.5,0.2,25.2,London,18.0,7.0,2023,9,September,True
2023-09-26,22.3,13.4,1.8,25.7,London,17.8,8.9,2023,9,September,True
2023-09-27,21.6,13.2,0.0,28.7,London,17.4,8.4,2023,9,September,False
2023-09-28,19.4,13.5,0.1,26.5,London,16.4,5.9,2023,9,September,True
2023-09-29,19.1,13.2,2.4,23.1,London,16.2,5.9,2023,9,September,True
2023-09-30,19.0,10.4,0.0,19.0,London,14.7,8.6,2023,9,September,False
2023-10-01,22.6,14.9,0.0,22.4,London,18.8,7.7,2023,10,October,False
2023-10-02,22.5,14.3,4.1,19.0,London,18.4,8.2,2023,10,October,True
2023-10-03,18.3,12.3,0.3,25.9,London,15.3,6.0,2023,10,October,True
2023-10-04,17.7,10.6,0.0,25.1,London,14.2,7.1,2023,10,October,False
2023-10-05,18.5,11.9,0.2,22.1,London,15.2,6.6,2023,10,October,True
2023-10-06,20.9,13.5,0.0,24.6,London,17.2,7.4,2023,10,October,False
2023-10-07,22.9,13.7,0.0,21.9,London,18.3,9.2,2023,10,October,False
2023-10-08,23.3,12.6,0.0,12.2,London,18.0,10.7,2023,10,October,False
2023-10-09,23.1,12.6,0.0,11.0,London,17.8,10.5,2023,10,October,False
2023-10-10,21.3,12.3,0.0,20.6,London,16.8,9.0,2023,10,October,False
2023-10-11,20.5,14.2,0.4,25.3,London,17.4,6.3,2023,10,October,True
2023-10-12,16.1,13.0,15.7,16.9,London,14.6,3.1,2023,10,October,True
2023-10-13,20.5,10.5,14.2,38.3,London,15.5,10.0,2023,10,October,True
2023-10-14,13.3,7.1,0.3,20.7,London,10.2,6.2,2023,10,October,True
2023-10-15,10.5,4.3,0.0,14.2,London,7.4,6.2,2023,10,October,False
2023-10-16,12.0,2.3,0.0,19.1,London,7.2,9.7,2023,10,October,False
2023-10-17,14.5,9.1,0.0,27.8,London,11.8,5.4,2023,10,October,False
2023-10-18,16.7,10.2,7.2,32.2,London,13.4,6.5,2023,10,October,True
2023-10-19,17.7,14.4,6.0,33.2,London,16.0,3.3,2023,10,October,True
2023-10-20,16.1,12.2,11.3,17.9,London,14.2,3.9,2023,10,October,True
2023-10-21,16.2,9.6,3.4,21.8,London,12.9,6.6,2023,10,October,True
2023-10-22,15.1,6.7,0.0,12.7,London,10.9,8.4,2023,10,October,False
2023-10-23,15.0,6.8,0.8,16.3,London,10.9,8.2,2023,10,October,True
2023-10-24,14.1,7.3,3.2,17.4,London,10.7,6.8,2023,10,October,True
2023-10-25,13.8,8.0,0.8,16.2,London,10.9,5.8,2023,10,October,True
2023-10-26,15.6,7.3,2.6,18.2,London,11.4,8.3,2023,10,October,True
2023-10-27,14.2,7.1,1.0,17.8,London,10.6,7.1,2023,10,October,True
2023-10-28,15.3,9.0,10.4,26.1,London,12.2,6.3,2023,10,October,True
2023-10-29,12.3,9.1,6.7,24.7,London,10.7,3.2,2023,10,October,True
2023-10-30,14.4,7.3,0.8,20.0,London,10.8,7.1,2023,10,October,True
2023-10-31,14.1,6.5,2.4,15.2,London,10.3,7.6,2023,10,October,True
2023-11-01,13.6,9.5,7.3,30.6,London,11.6,4.1,2023,11,November,True
2023-11-02,11.6,9.2,21.3,42.8,London,10.4,2.4,2023,11,November,True
2023-11-03,13.2,7.2,6.3,29.4,London,10.2,6.0,2023,11,November,True
2023-11-04,12.6,5.0,5.5,26.5,London,8.8,7.6,2023,11,November,True
2023-11-05,12.6,6.1,0.1,29.6,London,9.4,6.5,2023,11,November,True
2023-11-06,12.7,6.5,0.0,25.6,London,9.6,6.2,2023,11,November,False
2023-11-07,11.8,5.3,0.1,26.0,London,8.6,6.5,2023,11,November,True
2023-11-08,13.0,5.9,3.3,35.8,London,9.4,7.1,2023,11,November,True
2023-11-09,10.5,5.8,0.1,23.5,London,8.2,4.7,2023,11,November,True
2023-11-10,9.3,4.2,1.7,20.3,London,6.8,5.1,2023,11,November,True
2023-11-11,10.2,2.8,0.0,14.5,London,6.5,7.4,2023,11,November,False
2023-11-12,9.2,3.3,2.0,12.4,London,6.2,5.9,2023,11,November,True
2023-11-13,14.8,8.5,12.5,37.6,London,11.6,6.3,2023,11,November,True
2023-11-14,12.3,8.7,6.1,28.5,London,10.5,3.6,2023,11,November,True
2023-11-15,11.6,5.5,0.0,27.4,London,8.6,6.1,2023,11,November,False
2023-11-16,7.5,3.5,3.0,13.8,London,5.5,4.0,2023,11,November,True
2023-11-17,10.3,3.5,1.2,14.6,London,6.9,6.8,2023,11,November,True
2023-11-18,14.7,7.8,5.5,26.1,London,11.2,6.9,2023,11,November,True
2023-11-19,13.9,10.7,0.0,30.4,London,12.3,3.2,2023,11,November,False
2023-11-20,11.8,7.7,3.0,24.2,London,9.8,4.1,2023,11,November,True
2023-11-21,11.1,5.8,0.7,21.9,London,8.4,5.3,2023,11,November,True
2023-11-22,9.8,3.1,0.0,15.7,London,6.4,6.7,2023,11,November,False
2023-11-23,12.2,8.1,0.1,25.4,London,10.1,4.1,2023,11,November,True
2023-11-24,11.7,2.1,0.2,25.3,London,6.9,9.6,2023,11,November,True
2023-11-25,5.3,-0.5,0.0,13.4,London,2.4,5.8,2023,11,November,False
2023-11-26,9.8,-0.9,3.8,18.0,London,4.4,10.7,2023,11,November,True
2023-11-27,9.7,5.0,6.2,22.4,London,7.4,4.7,2023,11,November,True
2023-11-28,6.6,0.8,0.0,21.4,London,3.7,5.8,2023,11,November,False
2023-11-29,4.3,-1.1,0.0,10.0,London,1.6,5.4,2023,11,November,False
2023-11-30,4.5,-2.8,0.0,19.1,London,0.8,7.3,2023,11,November,False
2023-12-01,4.1,-2.2,0.0,17.4,London,0.9,6.3,2023,12,December,False
2023-12-02,-0.5,-3.9,0.0,9.0,London,-2.2,3.4,2023,12,December,False
2023-12-03,7.6,-0.4,5.9,17.8,London,3.6,8.0,2023,12,December,True
2023-12-04,7.9,5.6,8.9,25.4,London,6.8,2.3,2023,12,December,True
2023-12-05,6.3,3.3,2.5,18.8,London,4.8,3.0,2023,12,December,True
2023-12-06,4.4,0.8,0.0,12.3,London,2.6,3.6,2023,12,December,False
2023-12-07,8.2,4.1,5.7,28.0,London,6.1,4.1,2023,12,December,True
2023-12-08,10.8,5.6,0.0,21.4,London,8.2,5.2,2023,12,December,False
2023-12-09,13.9,7.3,7.9,33.6,London,10.6,6.6,2023,12,December,True
2023-12-10,11.7,7.0,2.1,33.2,London,9.4,4.7,2023,12,December,True
2023-12-11,10.8,4.6,0.0,38.0,London,7.7,6.2,2023,12,December,False
2023-12-12,11.4,7.1,7.3,21.3,London,9.2,4.3,2023,12,December,True
2023-12-13,8.0,6.1,0.5,31.3,London,7.0,1.9,2023,12,December,True
2023-12-14,7.4,1.6,0.9,20.3,London,4.5,5.8,2023,12,December,True
2023-12-15,8.1,2.5,0.0,12.9,London,5.3,5.6,2023,12,December,False
2023-12-16,11.2,4.6,0.0,21.2,London,7.9,6.6,2023,12,December,False
2023-12-17,10.8,6.7,0.0,30.6,London,8.8,4.1,2023,12,December,False
2023-12-18,11.9,7.7,0.0,25.0,London,9.8,4.2,2023,12,December,False
2023-12-19,12.3,5.3,12.7,26.1,London,8.8,7.0,2023,12,December,True
2023-12-20,10.5,4.9,0.0,27.3,London,7.7,5.6,2023,12,December,False
2023-12-21,13.4,8.6,0.3,35.3,London,11.0,4.8,2023,12,December,True
2023-12-22,11.1,8.3,0.3,33.6,London,9.7,2.8,2023,12,December,True
2023-12-23,11.0,7.8,0.0,29.0,London,9.4,3.2,2023,12,December,False
2023-12-24,13.3,10.6,1.2,33.8,London,12.0,2.7,2023,12,December,True
2023-12-25,12.9,11.3,3.2,29.5,London,12.1,1.6,2023,12,December,True
2023-12-26,10.4,4.0,0.0,24.6,London,7.2,6.4,2023,12,December,False
2023-12-27,12.0,6.2,6.5,40.2,London,9.1,5.8,2023,12,December,True
2023-12-28,11.7,9.1,0.4,40.5,London,10.4,2.6,2023,12,December,True
2023-12-29,10.6,6.2,1.5,28.5,London,8.4,4.4,2023,12,December,True
2023-12-30,11.5,5.1,3.0,37.0,London,8.3,6.4,2023,12,December,True
2023-12-31,10.5,6.4,8.2,40.7,London,8.4,4.1,2023,12,December,True
2024-01-01,10.1,5.9,8.3,30.6,London,8.0,4.2,2024,1,January,True
2024-01-02,12.9,8.8,9.6,52.3,London,10.9,4.1,2024,1,January,True
2024-01-03,10.4,6.5,2.3,25.9,London,8.4,3.9,2024,1,January,True
2024-01-04,8.3,5.0,27.7,27.4,London,6.6,3.3,2024,1,January,True
2024-01-05,7.1,4.4,4.6,33.7,London,5.8,2.7,2024,1,January,True
2024-01-06,6.4,3.8,0.2,16.6,London,5.1,2.6,2024,1,January,True
2024-01-07,4.7,1.5,0.0,22.2,London,3.1,3.2,2024,1,January,False
2024-01-08,3.3,1.1,0.7,27.6,London,2.2,2.2,2024,1,January,True
2024-01-09,4.0,0.7,0.0,31.4,London,2.4,3.3,2024,1,January,False
2024-01-10,4.8,0.5,0.0,22.5,London,2.6,4.3,2024,1,January,False
2024-01-11,5.5,-0.9,0.0,24.0,London,2.3,6.4,2024,1,January,False
2024-01-12,6.8,3.9,0.0,18.1,London,5.4,2.9,2024,1,January,False
2024-01-13,4.4,1.5,0.0,10.7,London,3.0,2.9,2024,1,January,False
2024-01-14,5.7,1.6,1.6,17.1,London,3.6,4.1,2024,1,January,True
2024-01-15,2.5,-4.0,0.0,18.8,London,-0.8,6.5,2024,1,January,False
2024-01-16,3.8,-4.5,0.0,11.8,London,-0.4,8.3,2024,1,January,False
2024-01-17,2.4,-2.4,0.0,19.9,London,0.0,4.8,2024,1,January,False
2024-01-18,2.5,-5.1,0.0,15.3,London,-1.3,7.6,2024,1,January,False
2024-01-19,4.8,-3.8,0.0,13.7,London,0.5,8.6,2024,1,January,False
2024-01-20,5.2,-1.0,0.0,26.9,London,2.1,6.2,2024,1,January,False
2024-01-21,11.8,4.2,1.3,49.0,London,8.0,7.6,2024,1,January,True
2024-01-22,12.4,6.9,6.0,50.1,London,9.6,5.5,2024,1,January,True
2024-01-23,12.9,4.1,2.9,37.4,London,8.5,8.8,2024,1,January,True
2024-01-24,13.0,6.7,0.1,36.1,London,9.8,6.3,2024,1,January,True
2024-01-25,11.8,3.6,0.1,27.1,London,7.7,8.2,2024,1,January,True
2024-01-26,12.1,2.6,1.6,33.2,London,7.4,9.5,2024,1,January,True
2024-01-27,8.5,-0.4,0.0,18.7,London,4.0,8.9,2024,1,January,False
2024-01-28,10.8,1.4,0.0,13.7,London,6.1,9.4,2024,1,January,False
2024-01-29,12.9,7.7,0.0,23.7,London,10.3,5.2,2024,1,January,False
2024-01-30,12.6,6.0,0.0,27.9,London,9.3,6.6,2024,1,January,False
2024-01-31,11.0,3.2,0.4,29.0,London,7.1,7.8,2024,1,January,True
2024-02-01,10.8,2.3,0.2,21.1,London,6.6,8.5,2024,2,February,True
2024-02-02,12.6,3.0,0.0,31.8,London,7.8,9.6,2024,2,February,False
2024-02-03,12.8,10.3,0.7,27.1,London,11.6,2.5,2024,2,February,True
2024-02-04,13.3,9.9,0.1,35.4,London,11.6,3.4,2024,2,February,True
2024-02-05,11.5,7.3,0.0,37.2,London,9.4,4.2,2024,2,February,False
2024-02-06,13.3,10.5,5.8,38.7,London,11.9,2.8,2024,2,February,True
2024-02-07,11.3,4.5,12.3,30.3,London,7.9,6.8,2024,2,February,True
2024-02-08,12.2,2.9,16.1,25.3,London,7.6,9.3,2024,2,February,True
2024-02-09,12.6,9.3,7.0,32.8,London,11.0,3.3,2024,2,February,True
2024-02-10,11.4,7.7,3.3,13.9,London,9.6,3.7,2024,2,February,True
2024-02-11,10.5,4.5,7.3,19.5,London,7.5,6.0,2024,2,February,True
2024-02-12,9.1,2.0,0.0,16.3,London,5.6,7.1,2024,2,February,False
2024-02-13,11.4,3.7,2.6,27.6,London,7.6,7.7,2024,2,February,True
2024-02-14,13.9,10.7,2.2,26.8,London,12.3,3.2,2024,2,February,True
2024-02-15,16.6,10.5,1.1,20.7,London,13.6,6.1,2024,2,February,True
2024-02-16,12.9,6.9,2.0,23.8,London,9.9,6.0,2024,2,February,True
2024-02-17,13.3,5.6,0.7,27.2,London,9.4,7.7,2024,2,February,True
2024-02-18,14.8,8.1,13.2,27.2,London,11.4,6.7,2024,2,February,True
2024-02-19,13.2,6.3,2.2,21.5,London,9.8,6.9,2024,2,February,True
2024-02-20,11.9,5.5,0.1,30.0,London,8.7,6.4,2024,2,February,True
2024-02-21,11.9,8.8,3.5,36.1,London,10.4,3.1,2024,2,February,True
2024-02-22,11.6,3.4,11.5,33.4,London,7.5,8.2,2024,2,February,True
2024-02-23,8.5,1.9,2.0,23.5,London,5.2,6.6,2024,2,February,True
2024-02-24,8.1,-1.6,1.6,8.7,London,3.2,9.7,2024,2,February,True
2024-02-25,8.9,-0.2,2.9,33.0,London,4.4,9.1,2024,2,February,True
2024-02-26,8.6,3.4,1.4,43.7,London,6.0,5.2,2024,2,February,True
2024-02-27,7.6,1.8,0.5,15.0,London,4.7,5.8,2024,2,February,True
2024-02-28,10.8,5.5,1.3,25.1,London,8.2,5.3,2024,2,February,True
2024-02-29,10.9,5.9,8.3,26.1,London,8.4,5.0,2024,2,February,True
2024-03-01,8.4,3.2,6.6,34.9,London,5.8,5.2,2024,3,March,True
2024-03-02,8.0,1.6,2.2,27.0,London,4.8,6.4,2024,3,March,True
2024-03-03,9.0,-1.0,0.0,12.0,London,4.0,10.0,2024,3,March,False
2024-03-04,11.2,-0.8,1.0,23.3,London,5.2,12.0,2024,3,March,True
2024-03-05,10.6,4.3,1.9,21.8,London,7.4,6.3,2024,3,March,True
2024-03-06,10.5,2.2,0.0,9.7,London,6.4,8.3,2024,3,March,False
2024-03-07,10.5,2.9,0.3,25.6,London,6.7,7.6,2024,3,March,True
2024-03-08,9.6,3.7,0.0,28.0,London,6.6,5.9,2024,3,March,False
2024-03-09,12.8,6.4,0.4,24.5,London,9.6,6.4,2024,3,March,True
2024-03-10,9.1,7.3,8.5,17.9,London,8.2,1.8,2024,3,March,True
2024-03-11,10.4,6.6,2.0,19.8,London,8.5,3.8,2024,3,March,True
2024-03-12,13.5,6.4,13.3,22.0,London,10.0,7.1,2024,3,March,True
2024-03-13,13.1,10.1,0.5,31.4,London,11.6,3.0,2024,3,March,True
2024-03-14,16.3,8.3,1.2,28.1,London,12.3,8.0,2024,3,March,True
2024-03-15,14.3,9.8,1.3,31.8,London,12.0,4.5,2024,3,March,True
2024-03-16,13.3,5.1,1.3,18.5,London,9.2,8.2,2024,3,March,True
2024-03-17,15.3,9.3,6.4,20.5,London,12.3,6.0,2024,3,March,True
2024-03-18,14.6,7.6,0.2,21.9,London,11.1,7.0,2024,3,March,True
2024-03-19,12.4,9.8,0.2,23.2,London,11.1,2.6,2024,3,March,True
2024-03-20,16.2,9.9,0.8,12.8,London,13.0,6.3,2024,3,March,True
2024-03-21,14.5,5.9,0.0,22.1,London,10.2,8.6,2024,3,March,False
2024-03-22,11.7,5.8,0.4,19.7,London,8.8,5.9,2024,3,March,True
2024-03-23,9.7,3.3,1.7,32.0,London,6.5,6.4,2024,3,March,True
2024-03-24,11.4,5.2,0.0,32.3,London,8.3,6.2,2024,3,March,False
2024-03-25,11.6,3.2,0.9,22.3,London,7.4,8.4,2024,3,March,True
2024-03-26,13.7,6.2,10.9,25.3,London,10.0,7.5,2024,3,March,True
2024-03-27,11.0,5.0,3.9,35.0,London,8.0,6.0,2024,3,March,True
2024-03-28,10.4,4.5,10.2,44.7,London,7.4,5.9,2024,3,March,True
2024-03-29,13.0,7.2,5.0,31.6,London,10.1,5.8,2024,3,March,True
2024-03-30,14.1,3.7,0.0,14.2,London,8.9,10.4,2024,3,March,False
2024-03-31,12.0,5.1,0.3,25.3,London,8.6,6.9,2024,3,March,True
2024-04-01,13.5,6.7,6.0,21.8,London,10.1,6.8,2024,4,April,True
2024-04-02,14.2,8.0,4.3,27.1,London,11.1,6.2,2024,4,April,True
2024-04-03,14.0,9.6,0.7,35.3,London,11.8,4.4,2024,4,April,True
2024-04-04,14.9,9.4,3.5,32.8,London,12.2,5.5,2024,4,April,True
2024-04-05,16.6,11.9,5.5,37.7,London,14.2,4.7,2024,4,April,True
2024-04-06,19.4,13.1,0.1,36.1,London,16.2,6.3,2024,4,April,True
2024-04-07,15.4,10.3,0.0,44.7,London,12.8,5.1,2024,4,April,False
2024-04-08,17.0,8.6,1.7,22.0,London,12.8,8.4,2024,4,April,True
2024-04-09,11.7,7.4,0.5,40.3,London,9.6,4.3,2024,4,April,True
2024-04-10,12.9,4.5,1.7,32.2,London,8.7,8.4,2024,4,April,True
2024-04-11,18.4,12.2,0.4,24.2,London,15.3,6.2,2024,4,April,True
2024-04-12,19.4,9.8,0.0,26.2,London,14.6,9.6,2024,4,April,False
2024-04-13,18.7,10.5,0.0,23.8,London,14.6,8.2,2024,4,April,False
2024-04-14,13.8,7.8,0.0,19.7,London,10.8,6.0,2024,4,April,False
2024-04-15,11.5,6.6,4.6,38.4,London,9.0,4.9,2024,4,April,True
2024-04-16,13.0,5.5,4.6,32.1,London,9.2,7.5,2024,4,April,True
2024-04-17,11.2,4.3,0.5,23.2,London,7.8,6.9,2024,4,April,True
2024-04-18,12.7,3.2,0.9,21.0,London,8.0,9.5,2024,4,April,True
2024-04-19,13.6,7.6,1.2,28.8,London,10.6,6.0,2024,4,April,True
2024-04-20,10.2,3.2,0.2,24.2,London,6.7,7.0,2024,4,April,True
2024-04-21,10.6,3.7,0.0,26.9,London,7.2,6.9,2024,4,April,False
2024-04-22,8.2,3.0,1.0,12.2,London,5.6,5.2,2024,4,April,True
2024-04-23,10.9,6.0,1.5,21.7,London,8.4,4.9,2024,4,April,True
2024-04-24,9.2,2.4,0.0,21.1,London,5.8,6.8,2024,4,April,False
2024-04-25,12.0,1.3,4.2,18.0,London,6.6,10.7,2024,4,April,True
2024-04-26,11.9,2.0,0.0,13.1,London,7.0,9.9,2024,4,April,False
2024-04-27,12.2,6.6,7.5,22.8,London,9.4,5.6,2024,4,April,True
2024-04-28,11.4,6.6,14.0,27.1,London,9.0,4.8,2024,4,April,True
2024-04-29,14.7,5.8,0.3,27.7,London,10.2,8.9,2024,4,April,True
2024-04-30,17.4,7.3,0.4,25.2,London,12.4,10.1,2024,4,April,True
2024-05-01,19.2,8.0,0.1,12.8,London,13.6,11.2,2024,5,May,True
2024-05-02,19.6,10.6,2.5,22.4,London,15.1,9.0,2024,5,May,True
2024-05-03,12.7,9.2,9.0,24.7,London,11.0,3.5,2024,5,May,True
2024-05-04,15.4,6.8,2.7,13.1,London,11.1,8.6,2024,5,May,True
2024-05-05,16.5,6.1,0.3,17.8,London,11.3,10.4,2024,5,May,True
2024-05-06,15.2,7.8,9.7,15.8,London,11.5,7.4,2024,5,May,True
2024-05-07,19.1,8.7,0.5,15.0,London,13.9,10.4,2024,5,May,True
2024-05-08,19.5,8.0,0.0,9.9,London,13.8,11.5,2024,5,May,False
2024-05-09,21.9,9.2,0.0,11.4,London,15.6,12.7,2024,5,May,False
2024-05-10,22.1,10.0,0.0,17.4,London,16.0,12.1,2024,5,May,False
2024-05-11,21.0,9.3,0.0,20.9,London,15.2,11.7,2024,5,May,False
2024-05-12,24.8,12.0,0.0,19.5,London,18.4,12.8,2024,5,May,False
2024-05-13,18.1,10.9,0.3,27.1,London,14.5,7.2,2024,5,May,True
2024-05-14,16.9,13.5,6.6,21.0,London,15.2,3.4,2024,5,May,True
2024-05-15,19.5,11.4,0.6,14.7,London,15.4,8.1,2024,5,May,True
2024-05-16,17.3,9.5,2.1,10.0,London,13.4,7.8,2024,5,May,True
2024-05-17,19.8,9.1,0.2,7.9,London,14.4,10.7,2024,5,May,True
2024-05-18,19.3,11.3,1.6,13.8,London,15.3,8.0,2024,5,May,True
2024-05-19,21.4,8.6,0.2,19.3,London,15.0,12.8,2024,5,May,True
2024-05-20,20.1,8.8,0.1,16.2,London,14.4,11.3,2024,5,May,True
2024-05-21,16.0,9.8,8.4,12.9,London,12.9,6.2,2024,5,May,True
2024-05-22,15.1,12.5,14.3,22.4,London,13.8,2.6,2024,5,May,True
2024-05-23,17.5,11.3,0.0,22.7,London,14.4,6.2,2024,5,May,False
2024-05-24,17.5,7.3,0.0,12.9,London,12.4,10.2,2024,5,May,False
2024-05-25,19.9,8.9,0.1,15.4,London,14.4,11.0,2024,5,May,True
2024-05-26,18.5,12.1,5.4,27.9,London,15.3,6.4,2024,5,May,True
2024-05-27,16.6,9.5,0.8,19.9,London,13.0,7.1,2024,5,May,True
2024-05-28,18.4,9.7,4.0,32.0,London,14.0,8.7,2024,5,May,True
2024-05-29,19.2,11.9,0.5,24.0,London,15.6,7.3,2024,5,May,True
2024-05-30,17.5,11.1,3.4,22.9,London,14.3,6.4,2024,5,May,True
2024-05-31,15.4,11.5,1.1,37.8,London,13.4,3.9,2024,5,May,True
2024-06-01,16.5,8.9,0.0,27.8,London,12.7,7.6,2024,6,June,False
2024-06-02,21.6,7.9,0.0,14.9,London,14.8,13.7,2024,6,June,False
2024-06-03,19.6,10.5,0.3,12.6,London,15.0,9.1,2024,6,June,True
2024-06-04,19.6,12.3,3.7,23.4,London,16.0,7.3,2024,6,June,True
2024-06-05,15.5,6.3,0.0,20.9,London,10.9,9.2,2024,6,June,False
2024-06-06,16.7,8.6,0.1,15.3,London,12.6,8.1,2024,6,June,True
2024-06-07,18.1,7.4,0.1,20.9,London,12.8,10.7,2024,6,June,True
2024-06-08,17.7,9.6,0.6,19.8,London,13.6,8.1,2024,6,June,True
2024-06-09,16.9,6.3,0.0,22.3,London,11.6,10.6,2024,6,June,False
2024-06-10,14.6,8.6,8.0,29.5,London,11.6,6.0,2024,6,June,True
2024-06-11,15.2,6.6,2.0,14.1,London,10.9,8.6,2024,6,June,True
2024-06-12,15.9,7.5,1.0,12.1,London,11.7,8.4,2024,6,June,True
2024-06-13,15.9,7.1,1.6,26.2,London,11.5,8.8,2024,6,June,True
2024-06-14,18.1,12.2,2.4,28.7,London,15.2,5.9,2024,6,June,True
2024-06-15,17.3,9.6,2.6,34.8,London,13.4,7.7,2024,6,June,True
2024-06-16,19.8,10.6,0.1,23.3,London,15.2,9.2,2024,6,June,True
2024-06-17,20.7,9.9,0.0,17.1,London,15.3,10.8,2024,6,June,False
2024-06-18,21.0,11.5,0.3,15.5,London,16.2,9.5,2024,6,June,True
2024-06-19,19.7,11.4,0.0,22.9,London,15.6,8.3,2024,6,June,False
2024-06-20,21.2,8.1,0.0,13.1,London,14.6,13.1,2024,6,June,False
2024-06-21,23.0,10.3,0.1,25.5,London,16.6,12.7,2024,6,June,True
2024-06-22,21.8,13.6,1.6,17.3,London,17.7,8.2,2024,6,June,True
2024-06-23,23.0,10.7,0.0,10.8,London,16.8,12.3,2024,6,June,False
2024-06-24,26.3,14.0,0.0,14.3,London,20.2,12.3,2024,6,June,False
2024-06-25,28.0,12.9,0.0,18.1,London,20.4,15.1,2024,6,June,False
2024-06-26,27.9,14.3,0.0,18.4,London,21.1,13.6,2024,6,June,False
2024-06-27,23.2,15.0,0.0,26.0,London,19.1,8.2,2024,6,June,False
2024-06-28,21.6,12.1,0.0,25.9,London,16.8,9.5,2024,6,June,False
2024-06-29,22.8,10.2,0.0,7.6,London,16.5,12.6,2024,6,June,False
2024-06-30,19.9,15.5,0.3,17.7,London,17.7,4.4,2024,6,June,True
2024-07-01,19.4,12.7,0.1,20.5,London,16.0,6.7,2024,7,July,True
2024-07-02,17.6,12.8,0.1,20.0,London,15.2,4.8,2024,7,July,True
2024-07-03,18.5,12.7,1.6,21.6,London,15.6,5.8,2024,7,July,True
2024-07-04,19.7,12.3,0.4,30.8,London,16.0,7.4,2024,7,July,True
2024-07-05,21.0,13.4,22.0,28.7,London,17.2,7.6,2024,7,July,True
2024-07-06,16.7,11.7,10.3,29.7,London,14.2,5.0,2024,7,July,True
2024-07-07,17.6,10.1,12.3,24.7,London,13.8,7.5,2024,7,July,True
2024-07-08,18.5,8.9,4.6,16.2,London,13.7,9.6,2024,7,July,True
2024-07-09,19.9,14.7,18.3,20.4,London,17.3,5.2,2024,7,July,True
2024-07-10,20.5,14.6,0.2,28.0,London,17.6,5.9,2024,7,July,True
2024-07-11,21.4,11.7,0.3,18.9,London,16.5,9.7,2024,7,July,True
2024-07-12,17.7,13.1,0.0,19.2,London,15.4,4.6,2024,7,July,False
2024-07-13,18.4,11.0,0.6,14.3,London,14.7,7.4,2024,7,July,True
2024-07-14,20.9,10.1,0.1,16.0,London,15.5,10.8,2024,7,July,True
2024-07-15,21.5,10.9,7.0,18.9,London,16.2,10.6,2024,7,July,True
2024-07-16,20.8,13.9,1.4,19.5,London,17.4,6.9,2024,7,July,True
2024-07-17,22.4,11.7,0.0,14.3,London,17.0,10.7,2024,7,July,False
2024-07-18,26.3,12.1,0.0,17.6,London,19.2,14.2,2024,7,July,False
2024-07-19,29.5,14.5,0.0,14.8,London,22.0,15.0,2024,7,July,False
2024-07-20,24.0,15.7,0.1,19.8,London,19.8,8.3,2024,7,July,True
2024-07-21,21.9,16.5,0.0,15.5,London,19.2,5.4,2024,7,July,False
2024-07-22,23.3,12.8,0.4,30.6,London,18.0,10.5,2024,7,July,True
2024-07-23,23.1,16.7,2.1,20.2,London,19.9,6.4,2024,7,July,True
2024-07-24,23.4,13.9,0.5,21.4,London,18.6,9.5,2024,7,July,True
2024-07-25,20.3,15.8,2.3,26.5,London,18.0,4.5,2024,7,July,True
2024-07-26,21.9,13.0,0.0,18.2,London,17.4,8.9,2024,7,July,False
2024-07-27,22.1,12.7,0.0,14.7,London,17.4,9.4,2024,7,July,False
2024-07-28,24.7,11.4,0.0,14.9,London,18.0,13.3,2024,7,July,False
2024-07-29,27.0,12.9,0.0,16.0,London,20.0,14.1,2024,7,July,False
2024-07-30,29.2,15.1,0.0,16.2,London,22.2,14.1,2024,7,July,False
2024-07-31,26.5,17.7,0.3,21.3,London,22.1,8.8,2024,7,July,True
2024-08-01,27.1,17.2,7.7,13.1,London,22.2,9.9,2024,8,August,True
2024-08-02,26.1,16.8,1.5,19.5,London,21.5,9.3,2024,8,August,True
2024-08-03,24.0,17.0,0.8,21.2,London,20.5,7.0,2024,8,August,True
2024-08-04,22.4,12.4,0.0,17.2,London,17.4,10.0,2024,8,August,False
2024-08-05,24.6,13.7,0.0,20.7,London,19.2,10.9,2024,8,August,False
2024-08-06,21.9,15.5,2.2,22.4,London,18.7,6.4,2024,8,August,True
2024-08-07,21.6,11.6,0.0,24.0,London,16.6,10.0,2024,8,August,False
2024-08-08,21.0,12.4,0.1,33.8,London,16.7,8.6,2024,8,August,True
2024-08-09,24.1,16.3,0.0,26.5,London,20.2,7.8,2024,8,August,False
2024-08-10,23.6,14.0,0.0,24.8,London,18.8,9.6,2024,8,August,False
2024-08-11,27.2,15.3,0.0,21.4,London,21.2,11.9,2024,8,August,False
2024-08-12,31.3,18.3,0.0,20.0,London,24.8,13.0,2024,8,August,False
2024-08-13,25.5,13.7,0.0,19.4,London,19.6,11.8,2024,8,August,False
2024-08-14,24.1,16.5,0.6,11.3,London,20.3,7.6,2024,8,August,True
2024-08-15,23.1,13.4,0.1,33.9,London,18.2,9.7,2024,8,August,True
2024-08-16,23.4,15.9,1.2,20.5,London,19.6,7.5,2024,8,August,True
2024-08-17,22.2,11.3,0.0,12.1,London,16.8,10.9,2024,8,August,False
2024-08-18,25.0,12.3,0.0,17.3,London,18.6,12.7,2024,8,August,False
2024-08-19,21.3,11.2,1.7,30.5,London,16.2,10.1,2024,8,August,True
2024-08-20,22.4,14.8,0.3,25.1,London,18.6,7.6,2024,8,August,True
2024-08-21,20.0,11.4,0.1,24.8,London,15.7,8.6,2024,8,August,True
2024-08-22,19.8,15.3,0.7,40.2,London,17.6,4.5,2024,8,August,True
2024-08-23,21.9,15.8,0.9,37.4,London,18.8,6.1,2024,8,August,True
2024-08-24,17.6,13.0,11.4,19.8,London,15.3,4.6,2024,8,August,True
2024-08-25,19.6,10.0,0.0,30.9,London,14.8,9.6,2024,8,August,False
2024-08-26,22.1,13.9,0.0,22.3,London,18.0,8.2,2024,8,August,False
2024-08-27,23.8,14.4,0.0,22.2,London,19.1,9.4,2024,8,August,False
2024-08-28,27.1,12.6,0.0,17.8,London,19.8,14.5,2024,8,August,False
2024-08-29,21.8,12.4,0.0,18.4,London,17.1,9.4,2024,8,August,False
2024-08-30,22.1,10.8,0.0,18.3,London,16.5,11.3,2024,8,August,False
2024-08-31,20.8,13.1,0.0,29.4,London,17.0,7.7,2024,8,August,False
2024-09-01,26.8,16.0,0.0,22.0,London,21.4,10.8,2024,9,September,False
2024-09-02,23.0,17.5,1.4,22.6,London,20.2,5.5,2024,9,September,True
2024-09-03,21.8,14.7,2.9,16.1,London,18.2,7.1,2024,9,September,True
2024-09-04,19.0,13.5,0.5,13.2,London,16.2,5.5,2024,9,September,True
2024-09-05,21.3,13.7,9.3,34.2,London,17.5,7.6,2024,9,September,True
2024-09-06,23.0,15.4,9.4,19.2,London,19.2,7.6,2024,9,September,True
2024-09-07,21.0,12.7,6.2,11.0,London,16.8,8.3,2024,9,September,True
2024-09-08,19.5,13.7,8.8,13.7,London,16.6,5.8,2024,9,September,True
2024-09-09,17.6,12.6,0.0,26.3,London,15.1,5.0,2024,9,September,False
2024-09-10,18.4,10.6,2.2,32.2,London,14.5,7.8,2024,9,September,True
2024-09-11,15.5,8.0,3.9,30.1,London,11.8,7.5,2024,9,September,True
2024-09-12,14.3,6.4,2.6,17.1,London,10.4,7.9,2024,9,September,True
2024-09-13,15.8,5.6,0.0,10.8,London,10.7,10.2,2024,9,September,False
2024-09-14,18.7,4.7,0.0,15.8,London,11.7,14.0,2024,9,September,False
2024-09-15,19.2,8.0,1.5,17.8,London,13.6,11.2,2024,9,September,True
2024-09-16,19.8,11.3,0.0,15.7,London,15.6,8.5,2024,9,September,False
2024-09-17,20.5,9.7,0.0,22.4,London,15.1,10.8,2024,9,September,False
2024-09-18,23.0,12.9,0.0,26.2,London,18.0,10.1,2024,9,September,False
2024-09-19,24.0,14.7,0.1,26.1,London,19.4,9.3,2024,9,September,True
2024-09-20,22.3,13.5,4.3,24.1,London,17.9,8.8,2024,9,September,True
2024-09-21,23.0,14.9,0.4,15.5,London,19.0,8.1,2024,9,September,True
2024-09-22,20.5,15.1,18.8,17.0,London,17.8,5.4,2024,9,September,True
2024-09-23,18.0,14.7,48.7,23.7,London,16.4,3.3,2024,9,September,True
2024-09-24,16.4,11.8,5.5,18.0,London,14.1,4.6,2024,9,September,True
2024-09-25,17.0,10.6,10.0,21.9,London,13.8,6.4,2024,9,September,True
2024-09-26,16.2,11.9,13.1,29.9,London,14.0,4.3,2024,9,September,True
2024-09-27,12.8,7.5,2.9,29.3,London,10.2,5.3,2024,9,September,True
2024-09-28,13.6,4.4,0.0,15.8,London,9.0,9.2,2024,9,September,False
2024-09-29,14.6,6.1,5.1,27.6,London,10.4,8.5,2024,9,September,True
2024-09-30,16.1,11.8,11.7,32.4,London,14.0,4.3,2024,9,September,True
2024-10-01,14.3,10.6,12.7,27.5,London,12.4,3.7,2024,10,October,True
2024-10-02,17.1,11.1,1.0,26.8,London,14.1,6.0,2024,10,October,True
2024-10-03,15.4,8.0,0.0,18.3,London,11.7,7.4,2024,10,October,False
2024-10-04,16.0,5.7,0.0,11.1,London,10.8,10.3,2024,10,October,False
2024-10-05,16.7,6.1,0.0,18.6,London,11.4,10.6,2024,10,October,False
2024-10-06,15.5,11.6,4.0,23.7,London,13.6,3.9,2024,10,October,True
2024-10-07,17.4,11.5,10.2,20.7,London,14.4,5.9,2024,10,October,True
2024-10-08,17.1,12.1,4.3,27.0,London,14.6,5.0,2024,10,October,True
2024-10-09,16.4,12.5,2.1,22.1,London,14.4,3.9,2024,10,October,True
2024-10-10,12.5,4.2,3.4,21.5,London,8.4,8.3,2024,10,October,True
2024-10-11,12.0,1.9,0.0,12.1,London,7.0,10.1,2024,10,October,False
2024-10-12,14.8,8.0,3.4,21.9,London,11.4,6.8,2024,10,October,True
2024-10-13,10.7,4.8,0.0,21.6,London,7.8,5.9,2024,10,October,False
2024-10-14,13.1,7.4,14.1,24.6,London,10.2,5.7,2024,10,October,True
2024-10-15,16.8,9.8,0.2,19.7,London,13.3,7.0,2024,10,October,True
2024-10-16,21.4,14.4,6.2,24.6,London,17.9,7.0,2024,10,October,True
2024-10-17,17.4,9.4,2.7,17.2,London,13.4,8.0,2024,10,October,True
2024-10-18,16.2,8.2,0.6,18.5,London,12.2,8.0,2024,10,October,True
2024-10-19,16.4,9.9,7.3,21.1,London,13.2,6.5,2024,10,October,True
2024-10-20,17.4,10.6,3.6,36.7,London,14.0,6.8,2024,10,October,True
2024-10-21,14.2,9.9,1.7,23.7,London,12.0,4.3,2024,10,October,True
2024-10-22,15.8,8.2,0.2,23.3,London,12.0,7.6,2024,10,October,True
2024-10-23,16.2,7.9,0.2,15.5,London,12.0,8.3,2024,10,October,True
2024-10-24,16.7,9.6,0.0,17.5,London,13.2,7.1,2024,10,October,False
2024-10-25,17.6,10.6,4.2,15.9,London,14.1,7.0,2024,10,October,True
2024-10-26,16.0,8.4,0.0,11.3,London,12.2,7.6,2024,10,October,False
2024-10-27,14.2,6.0,0.0,15.3,London,10.1,8.2,2024,10,October,False
2024-10-28,15.8,10.8,0.5,24.8,London,13.3,5.0,2024,10,October,True
2024-10-29,15.6,11.7,0.6,11.5,London,13.6,3.9,2024,10,October,True
2024-10-30,14.4,7.4,0.0,9.2,London,10.9,7.0,2024,10,October,False
2024-10-31,14.2,6.5,0.0,8.0,London,10.4,7.7,2024,10,October,False
2024-11-01,12.7,7.2,0.0,12.6,London,10.0,5.5,2024,11,November,False
2024-11-02,14.4,10.3,0.1,13.4,London,12.4,4.1,2024,11,November,True
2024-11-03,13.6,10.9,0.0,14.2,London,12.2,2.7,2024,11,November,False
2024-11-04,12.7,9.4,0.0,11.0,London,11.0,3.3,2024,11,November,False
2024-11-05,13.2,9.3,0.0,8.5,London,11.2,3.9,2024,11,November,False
2024-11-06,12.3,9.6,0.0,6.8,London,11.0,2.7,2024,11,November,False
2024-11-07,12.6,9.8,0.0,13.5,London,11.2,2.8,2024,11,November,False
2024-11-08,10.3,7.6,0.2,14.1,London,9.0,2.7,2024,11,November,True
2024-11-09,9.2,6.7,0.0,5.5,London,8.0,2.5,2024,11,November,False
2024-11-10,11.3,4.2,0.0,11.2,London,7.8,7.1,2024,11,November,False
2024-11-11,11.3,5.8,0.0,14.7,London,8.6,5.5,2024,11,November,False
2024-11-12,12.2,5.7,0.0,28.9,London,9.0,6.5,2024,11,November,False
2024-11-13,11.2,6.6,0.0,11.9,London,8.9,4.6,2024,11,November,False
2024-11-14,11.5,6.8,0.5,11.3,London,9.2,4.7,2024,11,November,True
2024-11-15,9.8,6.6,0.0,7.8,London,8.2,3.2,2024,11,November,False
2024-11-16,10.6,3.9,0.6,11.4,London,7.2,6.7,2024,11,November,True
2024-11-17,9.8,6.9,0.5,14.3,London,8.4,2.9,2024,11,November,True
2024-11-18,7.8,5.3,9.2,13.1,London,6.6,2.5,2024,11,November,True
2024-11-19,11.1,1.3,11.1,20.4,London,6.2,9.8,2024,11,November,True
2024-11-20,4.8,-0.2,0.0,16.5,London,2.3,5.0,2024,11,November,False
2024-11-21,3.0,-0.5,0.0,12.7,London,1.2,3.5,2024,11,November,False
2024-11-22,6.3,0.4,1.5,18.7,London,3.4,5.9,2024,11,November,True
2024-11-23,14.1,1.2,9.7,32.2,London,7.6,12.9,2024,11,November,True
2024-11-24,17.3,13.3,9.0,32.8,London,15.3,4.0,2024,11,November,True
2024-11-25,12.1,7.1,1.7,17.8,London,9.6,5.0,2024,11,November,True
2024-11-26,9.3,5.3,0.1,12.0,London,7.3,4.0,2024,11,November,True
2024-11-27,8.3,2.9,18.5,18.9,London,5.6,5.4,2024,11,November,True
2024-11-28,4.7,0.5,0.0,8.4,London,2.6,4.2,2024,11,November,False
2024-11-29,9.5,3.3,0.0,11.6,London,6.4,6.2,2024,11,November,False
2024-11-30,13.7,7.7,0.0,12.0,London,10.7,6.0,2024,11,November,False
2024-12-01,13.2,10.7,2.2,16.9,London,12.0,2.5,2024,12,December,True
2024-12-02,11.7,7.7,0.4,17.5,London,9.7,4.0,2024,12,December,True
2024-12-03,7.6,4.1,0.0,9.4,London,5.8,3.5,2024,12,December,False
2024-12-04,9.4,2.6,0.7,18.3,London,6.0,6.8,2024,12,December,True
2024-12-05,14.1,9.3,8.5,29.3,London,11.7,4.8,2024,12,December,True
2024-12-06,10.4,6.4,0.3,26.7,London,8.4,4.0,2024,12,December,True
2024-12-07,12.5,6.1,6.2,30.7,London,9.3,6.4,2024,12,December,True
2024-12-08,7.7,6.6,8.1,28.5,London,7.2,1.1,2024,12,December,True
2024-12-09,7.8,7.0,0.1,22.0,London,7.4,0.8,2024,12,December,True
2024-12-10,7.0,6.1,0.1,18.8,London,6.6,0.9,2024,12,December,True
2024-12-11,6.7,5.9,0.1,15.0,London,6.3,0.8,2024,12,December,True
2024-12-12,7.2,5.3,0.2,9.3,London,6.2,1.9,2024,12,December,True
2024-12-13,6.6,3.8,0.1,6.8,London,5.2,2.8,2024,12,December,True
2024-12-14,7.7,3.8,0.3,12.1,London,5.8,3.9,2024,12,December,True
2024-12-15,11.6,4.9,0.0,17.6,London,8.2,6.7,2024,12,December,False
2024-12-16,11.1,8.2,0.2,17.8,London,9.6,2.9,2024,12,December,True
2024-12-17,10.6,5.2,0.0,17.1,London,7.9,5.4,2024,12,December,False
2024-12-18,13.9,10.3,3.8,28.8,London,12.1,3.6,2024,12,December,True
2024-12-19,12.5,4.5,3.0,27.8,London,8.5,8.0,2024,12,December,True
2024-12-20,8.3,2.5,0.7,15.6,London,5.4,5.8,2024,12,December,True
2024-12-21,12.3,4.7,2.3,23.3,London,8.5,7.6,2024,12,December,True
2024-12-22,7.8,4.3,1.8,24.6,London,6.0,3.5,2024,12,December,True
2024-12-23,6.0,4.1,1.7,21.0,London,5.0,1.9,2024,12,December,True
2024-12-24,12.2,6.1,0.0,12.1,London,9.1,6.1,2024,12,December,False
2024-12-25,10.2,8.8,0.0,9.9,London,9.5,1.4,2024,12,December,False
2024-12-26,8.8,6.8,0.0,4.4,London,7.8,2.0,2024,12,December,False
2024-12-27,7.8,6.1,0.0,3.5,London,7.0,1.7,2024,12,December,False
2024-12-28,6.4,4.8,0.0,8.3,London,5.6,1.6,2024,12,December,False
2024-12-29,7.2,4.8,0.0,11.4,London,6.0,2.4,2024,12,December,False
2024-12-30,8.9,6.4,0.0,16.4,London,7.6,2.5,2024,12,December,False
2024-12-31,11.1,7.5,0.0,24.7,London,9.3,3.6,2024,12,December,False
2025-01-01,11.8,5.3,10.5,30.6,London,8.6,6.5,2025,1,January,True
2025-01-02,4.4,-0.4,0.0,9.2,London,2.0,4.8,2025,1,January,False
2025-01-03,3.4,-1.3,0.0,10.6,London,1.0,4.7,2025,1,January,False
2025-01-04,3.2,-1.7,1.8,15.5,London,0.8,4.9,2025,1,January,True
2025-01-05,12.6,0.7,23.5,24.9,London,6.6,11.9,2025,1,January,True
2025-01-06,12.0,2.5,7.4,31.6,London,7.2,9.5,2025,1,January,True
2025-01-07,4.9,0.7,0.1,13.3,London,2.8,4.2,2025,1,January,True
2025-01-08,1.8,-0.8,3.0,11.2,London,0.5,2.6,2025,1,January,True
2025-01-09,3.0,-0.9,0.6,11.7,London,1.0,3.9,2025,1,January,True
2025-01-10,1.4,-2.0,0.0,7.6,London,-0.3,3.4,2025,1,January,False
2025-01-11,1.6,-3.8,0.0,4.8,London,-1.1,5.4,2025,1,January,False
2025-01-12,3.2,-4.5,0.0,8.6,London,-0.6,7.7,2025,1,January,False
2025-01-13,5.9,1.5,0.0,11.0,London,3.7,4.4,2025,1,January,False
2025-01-14,8.8,2.5,0.0,11.8,London,5.6,6.3,2025,1,January,False
2025-01-15,10.0,7.6,0.0,7.0,London,8.8,2.4,2025,1,January,False
2025-01-16,9.6,6.0,0.0,10.8,London,7.8,3.6,2025,1,January,False
2025-01-17,6.5,3.6,0.0,8.1,London,5.0,2.9,2025,1,January,False
2025-01-18,3.4,2.2,0.0,7.5,London,2.8,1.2,2025,1,January,False
2025-01-19,3.4,1.8,0.2,8.5,London,2.6,1.6,2025,1,January,True
2025-01-20,6.0,2.2,0.1,8.6,London,4.1,3.8,2025,1,January,True
2025-01-21,4.9,-1.0,0.0,7.3,London,2.0,5.9,2025,1,January,False
2025-01-22,4.3,2.3,1.0,9.2,London,3.3,2.0,2025,1,January,True
2025-01-23,8.2,1.5,4.7,23.2,London,4.8,6.7,2025,1,January,True
2025-01-24,10.8,6.5,3.8,33.5,London,8.6,4.3,2025,1,January,True
2025-01-25,8.0,2.7,2.1,12.8,London,5.4,5.3,2025,1,January,True
2025-01-26,8.9,1.6,8.3,30.2,London,5.2,7.3,2025,1,January,True
2025-01-27,9.4,6.8,9.0,28.3,London,8.1,2.6,2025,1,January,True
2025-01-28,9.5,7.3,4.0,24.8,London,8.4,2.2,2025,1,January,True
2025-01-29,7.8,4.0,0.2,16.3,London,5.9,3.8,2025,1,January,True
2025-01-30,7.5,1.9,0.0,13.2,London,4.7,5.6,2025,1,January,False
2025-01-31,8.0,2.1,3.5,17.7,London,5.0,5.9,2025,1,January,True
2025-02-01,6.9,2.8,0.0,10.6,London,4.8,4.1,2025,2,February,False
2025-02-02,7.5,-0.4,0.0,9.6,London,3.6,7.9,2025,2,February,False
2025-02-03,7.8,-1.2,0.0,11.3,London,3.3,9.0,2025,2,February,False
2025-02-04,10.1,6.1,0.2,20.7,London,8.1,4.0,2025,2,February,True
2025-02-05,9.1,2.5,0.0,11.8,London,5.8,6.6,2025,2,February,False
2025-02-06,7.3,0.7,0.0,16.4,London,4.0,6.6,2025,2,February,False
2025-02-07,4.0,2.6,4.6,22.7,London,3.3,1.4,2025,2,February,True
2025-02-08,6.2,3.4,2.2,14.1,London,4.8,2.8,2025,2,February,True
2025-02-09,5.8,1.3,1.0,14.7,London,3.6,4.5,2025,2,February,True
2025-02-10,4.6,2.5,3.5,17.3,London,3.6,2.1,2025,2,February,True
2025-02-11,5.0,2.6,0.0,11.2,London,3.8,2.4,2025,2,February,False
2025-02-12,6.0,3.2,0.2,9.6,London,4.6,2.8,2025,2,February,True
2025-02-13,4.7,2.4,0.2,11.0,London,3.6,2.3,2025,2,February,True
2025-02-14,4.9,0.9,0.0,14.4,London,2.9,4.0,2025,2,February,False
2025-02-15,5.6,1.8,0.9,10.1,London,3.7,3.8,2025,2,February,True
2025-02-16,4.3,2.0,0.0,17.1,London,3.2,2.3,2025,2,February,False
2025-02-17,5.1,-0.5,0.0,12.4,London,2.3,5.6,2025,2,February,False
2025-02-18,6.3,-0.1,0.0,12.2,London,3.1,6.4,2025,2,February,False
2025-02-19,7.8,1.4,0.0,10.8,London,4.6,6.4,2025,2,February,False
2025-02-20,12.8,7.9,3.1,23.5,London,10.4,4.9,2025,2,February,True
2025-02-21,15.0,11.1,5.3,21.5,London,13.0,3.9,2025,2,February,True
2025-02-22,12.9,7.9,6.1,12.1,London,10.4,5.0,2025,2,February,True
2025-02-23,10.8,6.6,1.4,25.2,London,8.7,4.2,2025,2,February,True
2025-02-24,12.5,7.7,13.8,25.7,London,10.1,4.8,2025,2,February,True
2025-02-25,10.4,5.4,0.8,12.0,London,7.9,5.0,2025,2,February,True
2025-02-26,7.8,3.2,5.8,23.9,London,5.5,4.6,2025,2,February,True
2025-02-27,9.2,3.2,0.0,15.9,London,6.2,6.0,2025,2,February,False
2025-02-28,8.8,0.9,0.0,7.4,London,4.9,7.9,2025,2,February,False
2025-03-01,8.8,0.1,0.0,7.5,London,4.4,8.7,2025,3,March,False
2025-03-02,8.7,-1.3,0.0,6.3,London,3.7,10.0,2025,3,March,False
2025-03-03,10.3,-0.8,0.0,5.0,London,4.8,11.1,2025,3,March,False
2025-03-04,10.9,0.8,0.0,9.8,London,5.9,10.1,2025,3,March,False
2025-03-05,12.9,1.0,0.0,8.4,London,7.0,11.9,2025,3,March,False
2025-03-06,15.8,4.6,0.0,12.3,London,10.2,11.2,2025,3,March,False
2025-03-07,16.0,9.7,0.0,12.8,London,12.8,6.3,2025,3,March,False
2025-03-08,15.8,7.0,0.0,11.2,London,11.4,8.8,2025,3,March,False
2025-03-09,16.2,7.1,0.0,11.0,London,11.6,9.1,2025,3,March,False
2025-03-10,13.8,6.9,0.4,14.7,London,10.4,6.9,2025,3,March,True
2025-03-11,8.2,4.2,0.4,17.2,London,6.2,4.0,2025,3,March,True
2025-03-12,7.4,2.1,4.0,10.3,London,4.8,5.3,2025,3,March,True
2025-03-13,7.1,1.5,0.7,16.0,London,4.3,5.6,2025,3,March,True
2025-03-14,7.9,0.0,0.4,13.3,London,4.0,7.9,2025,3,March,True
2025-03-15,7.7,0.9,0.2,18.1,London,4.3,6.8,2025,3,March,True
2025-03-16,8.0,-0.4,0.0,17.4,London,3.8,8.4,2025,3,March,False
2025-03-17,8.1,4.0,0.3,15.7,London,6.0,4.1,2025,3,March,True
2025-03-18,10.1,2.4,0.0,14.8,London,6.2,7.7,2025,3,March,False
2025-03-19,16.5,1.9,0.0,8.7,London,9.2,14.6,2025,3,March,False
2025-03-20,19.2,5.7,0.0,10.4,London,12.4,13.5,2025,3,March,False
2025-03-21,17.1,9.5,0.8,14.4,London,13.3,7.6,2025,3,March,True
2025-03-22,15.5,11.0,1.4,12.4,London,13.2,4.5,2025,3,March,True
2025-03-23,14.7,8.2,2.8,16.0,London,11.4,6.5,2025,3,March,True
2025-03-24,12.7,7.1,0.0,12.7,London,9.9,5.6,2025,3,March,False
2025-03-25,14.5,4.9,0.2,11.7,London,9.7,9.6,2025,3,March,True
2025-03-26,15.6,9.3,0.3,9.3,London,12.4,6.3,2025,3,March,True
2025-03-27,14.9,5.8,0.0,11.9,London,10.4,9.1,2025,3,March,False
2025-03-28,14.2,7.4,0.8,16.3,London,10.8,6.8,2025,3,March,True
2025-03-29,13.6,3.7,0.0,17.6,London,8.6,9.9,2025,3,March,False
2025-03-30,15.9,9.6,0.0,20.0,London,12.8,6.3,2025,3,March,False
2025-03-31,16.3,5.9,0.0,10.8,London,11.1,10.4,2025,3,March,False
2025-04-01,13.7,5.4,0.0,19.8,London,9.6,8.3,2025,4,April,False
2025-04-02,15.9,7.3,0.0,22.1,London,11.6,8.6,2025,4,April,False
2025-04-03,18.6,8.8,0.0,16.9,London,13.7,9.8,2025,4,April,False
2025-04-04,21.4,10.1,0.0,16.3,London,15.8,11.3,2025,4,April,False
2025-04-05,17.8,6.5,0.0,18.0,London,12.2,11.3,2025,4,April,False
2025-04-06,15.2,6.3,0.0,15.7,London,10.8,8.9,2025,4,April,False
2025-04-07,15.0,4.2,0.0,11.8,London,9.6,10.8,2025,4,April,False
2025-04-08,16.0,4.1,0.0,11.5,London,10.0,11.9,2025,4,April,False
2025-04-09,13.5,3.9,0.0,13.8,London,8.7,9.6,2025,4,April,False
2025-04-10,16.0,5.4,0.0,10.4,London,10.7,10.6,2025,4,April,False
2025-04-11,22.6,6.4,0.0,10.4,London,14.5,16.2,2025,4,April,False
2025-04-12,22.2,8.0,0.0,12.5,London,15.1,14.2,2025,4,April,False
2025-04-13,16.5,11.0,0.3,16.6,London,13.8,5.5,2025,4,April,True
2025-04-14,15.1,6.4,0.1,17.6,London,10.8,8.7,2025,4,April,True
2025-04-15,17.5,9.9,9.8,17.9,London,13.7,7.6,2025,4,April,True
2025-04-16,14.9,8.5,0.2,25.1,London,11.7,6.4,2025,4,April,True
2025-04-17,17.4,5.8,0.0,12.2,London,11.6,11.6,2025,4,April,False
2025-04-18,16.9,9.1,0.1,21.3,London,13.0,7.8,2025,4,April,True
2025-04-19,16.0,8.1,0.2,19.9,London,12.0,7.9,2025,4,April,True
2025-04-20,15.3,5.4,0.0,13.4,London,10.4,9.9,2025,4,April,False
2025-04-21,16.1,9.7,3.7,11.7,London,12.9,6.4,2025,4,April,True
2025-04-22,17.4,6.9,0.0,15.4,London,12.1,10.5,2025,4,April,False
2025-04-23,11.9,8.4,9.5,20.1,London,10.2,3.5,2025,4,April,True
2025-04-24,14.7,7.4,0.0,10.0,London,11.0,7.3,2025,4,April,False
2025-04-25,15.3,6.0,0.0,11.4,London,10.6,9.3,2025,4,April,False
2025-04-26,17.1,8.1,0.0,10.3,London,12.6,9.0,2025,4,April,False
2025-04-27,20.7,8.0,0.0,8.9,London,14.4,12.7,2025,4,April,False
2025-04-28,24.0,10.2,0.0,13.9,London,17.1,13.8,2025,4,April,False
2025-04-29,23.0,10.6,0.0,12.3,London,16.8,12.4,2025,4,April,False
2025-04-30,25.9,9.7,0.0,12.4,London,17.8,16.2,2025,4,April,False
2025-05-01,28.5,11.8,0.0,11.8,London,20.2,16.7,2025,5,May,False
2025-05-02,25.4,14.8,1.5,11.8,London,20.1,10.6,2025,5,May,True
2025-05-03,21.3,10.9,0.0,19.9,London,16.1,10.4,2025,5,May,False
2025-05-04,13.3,7.6,0.0,19.1,London,10.4,5.7,2025,5,May,False
2025-05-05,13.4,5.1,0.9,25.1,London,9.2,8.3,2025,5,May,True
2025-05-06,13.9,6.3,0.1,15.2,London,10.1,7.6,2025,5,May,True
2025-05-07,16.6,6.0,0.0,17.2,London,11.3,10.6,2025,5,May,False
2025-05-08,15.8,8.6,0.0,16.3,London,12.2,7.2,2025,5,May,False
2025-05-09,18.1,6.2,0.0,16.5,London,12.2,11.9,2025,5,May,False
2025-05-10,22.6,9.1,0.0,17.1,London,15.8,13.5,2025,5,May,False
2025-05-11,24.0,11.0,0.0,14.1,London,17.5,13.0,2025,5,May,False
2025-05-12,23.0,13.8,4.7,15.8,London,18.4,9.2,2025,5,May,True
2025-05-13,23.4,12.9,0.0,15.2,London,18.2,10.5,2025,5,May,False
2025-05-14,22.6,9.2,0.0,16.6,London,15.9,13.4,2025,5,May,False
2025-05-15,15.2,8.7,0.0,19.0,London,12.0,6.5,2025,5,May,False
2025-05-16,18.6,7.7,0.0,14.6,London,13.2,10.9,2025,5,May,False
2025-05-17,18.7,9.0,0.0,13.8,London,13.8,9.7,2025,5,May,False
2025-05-18,17.8,9.3,0.0,12.9,London,13.6,8.5,2025,5,May,False
2025-05-19,19.6,10.5,0.2,14.9,London,15.0,9.1,2025,5,May,True
2025-05-20,22.6,9.1,0.0,11.5,London,15.8,13.5,2025,5,May,False
2025-05-21,18.0,12.0,3.0,14.9,London,15.0,6.0,2025,5,May,True
2025-05-22,14.6,8.2,0.0,11.8,London,11.4,6.4,2025,5,May,False
2025-05-23,18.4,6.8,0.1,16.3,London,12.6,11.6,2025,5,May,True
2025-05-24,21.3,12.4,6.0,20.7,London,16.8,8.9,2025,5,May,True
2025-05-25,19.6,13.5,1.0,23.2,London,16.6,6.1,2025,5,May,True
2025-05-26,18.0,11.2,0.0,23.1,London,14.6,6.8,2025,5,May,False
2025-05-27,16.9,13.4,6.6,26.1,London,15.2,3.5,2025,5,May,True
2025-05-28,20.2,13.9,1.1,19.6,London,17.0,6.3,2025,5,May,True
2025-05-29,24.1,13.7,2.1,23.7,London,18.9,10.4,2025,5,May,True
2025-05-30,24.9,14.9,0.2,15.2,London,19.9,10.0,2025,5,May,True
2025-05-31,27.5,16.5,0.0,17.6,London,22.0,11.0,2025,5,May,False
2025-06-01,21.5,14.1,0.0,21.5,London,17.8,7.4,2025,6,June,False
2025-06-02,21.8,12.4,0.4,18.0,London,17.1,9.4,2025,6,June,True
2025-06-03,17.4,11.8,3.7,25.6,London,14.6,5.6,2025,6,June,True
2025-06-04,18.1,10.5,0.1,19.0,London,14.3,7.6,2025,6,June,True
2025-06-05,16.7,12.5,9.2,23.4,London,14.6,4.2,2025,6,June,True
2025-06-06,18.9,10.9,0.9,20.2,London,14.9,8.0,2025,6,June,True
2025-06-07,17.6,11.2,13.5,17.4,London,14.4,6.4,2025,6,June,True
2025-06-08,17.1,9.2,0.0,18.2,London,13.2,7.9,2025,6,June,False
2025-06-09,19.8,10.9,0.0,16.8,London,15.4,8.9,2025,6,June,False
2025-06-10,22.0,13.1,0.2,18.0,London,17.6,8.9,2025,6,June,True
2025-06-11,23.2,12.8,0.2,15.8,London,18.0,10.4,2025,6,June,True
2025-06-12,25.0,14.2,0.8,15.0,London,19.6,10.8,2025,6,June,True
2025-06-13,28.6,16.6,0.6,13.4,London,22.6,12.0,2025,6,June,True
2025-06-14,23.5,16.3,4.6,20.2,London,19.9,7.2,2025,6,June,True
2025-06-15,23.5,13.2,0.2,16.2,London,18.4,10.3,2025,6,June,True
2025-06-16,27.3,14.7,0.0,12.7,London,21.0,12.6,2025,6,June,False
2025-06-17,26.8,15.4,0.0,14.4,London,21.1,11.4,2025,6,June,False
2025-06-18,28.8,15.9,0.0,9.9,London,22.4,12.9,2025,6,June,False
2025-06-19,32.0,18.9,0.0,17.7,London,25.4,13.1,2025,6,June,False
2025-06-20,28.8,17.5,0.0,12.6,London,23.2,11.3,2025,6,June,False
2025-06-21,31.5,18.4,0.0,14.4,London,25.0,13.1,2025,6,June,False
2025-06-22,26.8,17.6,0.0,24.2,London,22.2,9.2,2025,6,June,False
2025-06-23,22.7,16.2,0.4,20.8,London,19.4,6.5,2025,6,June,True
2025-06-24,24.4,14.1,0.3,23.2,London,19.2,10.3,2025,6,June,True
2025-06-25,27.4,16.4,0.0,12.5,London,21.9,11.0,2025,6,June,False
2025-06-26,24.1,17.5,3.7,22.9,London,20.8,6.6,2025,6,June,True
2025-06-27,26.9,13.8,1.8,19.7,London,20.4,13.1,2025,6,June,True
2025-06-28,30.1,18.5,0.1,17.1,London,24.3,11.6,2025,6,June,True
2025-06-29,29.8,18.1,0.0,14.8,London,24.0,11.7,2025,6,June,False
2025-06-30,31.9,18.7,0.0,12.2,London,25.3,13.2,2025,6,June,False
2025-07-01,33.6,23.6,0.0,10.8,London,28.6,10.0,2025,7,July,False
2025-07-02,24.2,17.0,4.1,16.4,London,20.6,7.2,2025,7,July,True
2025-07-03,23.6,12.7,0.0,11.4,London,18.2,10.9,2025,7,July,False
2025-07-04,26.2,14.4,0.0,17.3,London,20.3,11.8,2025,7,July,False
2025-07-05,21.7,16.4,2.1,23.0,London,19.0,5.3,2025,7,July,True
2025-07-06,22.5,17.3,3.8,15.3,London,19.9,5.2,2025,7,July,True
2025-07-07,19.6,13.5,10.0,18.3,London,16.6,6.1,2025,7,July,True
2025-07-08,21.9,12.4,0.2,13.8,London,17.2,9.5,2025,7,July,True
2025-07-09,25.2,13.7,0.9,8.7,London,19.4,11.5,2025,7,July,True
2025-07-10,30.0,17.7,0.0,12.2,London,23.8,12.3,2025,7,July,False
2025-07-11,31.7,19.0,0.0,9.7,London,25.4,12.7,2025,7,July,False
2025-07-12,28.8,19.9,0.0,12.4,London,24.4,8.9,2025,7,July,False
2025-07-13,27.7,15.8,0.1,9.8,London,21.8,11.9,2025,7,July,True
2025-07-14,24.9,18.3,0.9,23.2,London,21.6,6.6,2025,7,July,True
2025-07-15,21.6,14.5,0.7,24.2,London,18.0,7.1,2025,7,July,True
2025-07-16,23.8,15.2,0.0,17.0,London,19.5,8.6,2025,7,July,False
2025-07-17,25.8,18.8,0.8,10.7,London,22.3,7.0,2025,7,July,True
2025-07-18,29.4,18.2,0.0,12.3,London,23.8,11.2,2025,7,July,False
2025-07-19,22.5,17.9,16.1,10.2,London,20.2,4.6,2025,7,July,True
2025-07-20,20.4,16.1,2.8,17.2,London,18.2,4.3,2025,7,July,True
2025-07-21,22.6,14.4,0.6,13.4,London,18.5,8.2,2025,7,July,True
2025-07-22,22.3,15.3,1.0,12.3,London,18.8,7.0,2025,7,July,True
2025-07-23,22.0,15.0,1.7,10.0,London,18.5,7.0,2025,7,July,True
2025-07-24,20.8,15.4,0.9,16.4,London,18.1,5.4,2025,7,July,True
2025-07-25,25.4,15.4,0.0,10.9,London,20.4,10.0,2025,7,July,False
2025-07-26,23.2,15.9,0.2,11.2,London,19.6,7.3,2025,7,July,True
2025-07-27,21.5,15.2,0.3,14.3,London,18.4,6.3,2025,7,July,True
2025-07-28,24.2,15.0,0.0,13.7,London,19.6,9.2,2025,7,July,False
2025-07-29,21.9,15.2,0.8,9.6,London,18.5,6.7,2025,7,July,True
2025-07-30,24.7,16.2,0.8,14.0,London,20.4,8.5,2025,7,July,True
2025-07-31,22.6,16.6,26.7,12.4,London,19.6,6.0,2025,7,July,True
2025-08-01,19.7,13.1,1.2,16.2,London,16.4,6.6,2025,8,August,True
2025-08-02,19.9,13.1,0.0,9.6,London,16.5,6.8,2025,8,August,False
2025-08-03,23.0,12.8,2.5,17.2,London,17.9,10.2,2025,8,August,True
2025-08-04,21.5,16.3,1.0,24.0,London,18.9,5.2,2025,8,August,True
2025-08-05,20.7,13.1,0.0,19.7,London,16.9,7.6,2025,8,August,False
2025-08-06,22.2,11.7,0.0,12.3,London,17.0,10.5,2025,8,August,False
2025-08-07,23.0,14.6,0.0,19.8,London,18.8,8.4,2025,8,August,False
2025-08-08,25.1,15.5,0.0,13.7,London,20.3,9.6,2025,8,August,False
2025-08-09,24.8,14.5,0.0,17.1,London,19.6,10.3,2025,8,August,False
2025-08-10,26.2,14.8,0.0,9.7,London,20.5,11.4,2025,8,August,False
2025-08-11,29.7,16.4,0.5,12.2,London,23.0,13.3,2025,8,August,True
2025-08-12,31.0,18.8,0.6,13.3,London,24.9,12.2,2025,8,August,True
2025-08-13,27.8,18.3,0.0,14.6,London,23.0,9.5,2025,8,August,False
2025-08-14,26.9,16.6,0.0,13.1,London,21.8,10.3,2025,8,August,False
2025-08-15,29.5,17.8,0.0,15.1,London,23.6,11.7,2025,8,August,False
2025-08-16,22.5,16.4,0.1,13.4,London,19.4,6.1,2025,8,August,True
2025-08-17,24.4,13.0,0.0,12.6,London,18.7,11.4,2025,8,August,False
2025-08-18,21.5,16.9,0.2,13.6,London,19.2,4.6,2025,8,August,True
2025-08-19,25.1,15.1,0.1,16.5,London,20.1,10.0,2025,8,August,True
2025-08-20,20.6,14.9,0.0,17.1,London,17.8,5.7,2025,8,August,False
2025-08-21,20.0,13.5,0.1,14.6,London,16.8,6.5,2025,8,August,True
2025-08-22,22.8,11.6,0.0,9.9,London,17.2,11.2,2025,8,August,False
2025-08-23,21.9,16.1,0.0,9.9,London,19.0,5.8,2025,8,August,False
2025-08-24,23.6,14.6,0.0,9.7,London,19.1,9.0,2025,8,August,False
2025-08-25,26.0,15.1,0.0,12.6,London,20.6,10.9,2025,8,August,False
2025-08-26,25.3,18.3,0.2,18.9,London,21.8,7.0,2025,8,August,True
2025-08-27,21.8,15.5,1.3,20.8,London,18.6,6.3,2025,8,August,True
2025-08-28,20.5,13.0,2.4,19.6,London,16.8,7.5,2025,8,August,True
2025-08-29,19.7,14.3,19.5,14.8,London,17.0,5.4,2025,8,August,True
2025-08-30,20.0,13.1,2.0,23.3,London,16.6,6.9,2025,8,August,True
2025-08-31,20.2,14.0,0.9,21.3,London,17.1,6.2,2025,8,August,True
2025-09-01,19.3,14.5,3.3,22.7,London,16.9,4.8,2025,9,September,True
2025-09-02,19.0,12.8,1.8,15.4,London,15.9,6.2,2025,9,September,True
2025-09-03,20.0,15.6,25.7,27.5,London,17.8,4.4,2025,9,September,True
2025-09-04,18.8,14.1,4.7,20.7,London,16.4,4.7,2025,9,September,True
2025-09-05,20.7,11.4,0.0,9.8,London,16.0,9.3,2025,9,September,False
2025-09-06,22.0,13.3,0.0,17.6,London,17.6,8.7,2025,9,September,False
2025-09-07,24.5,15.7,0.0,18.0,London,20.1,8.8,2025,9,September,False
2025-09-08,19.6,13.6,0.1,13.4,London,16.6,6.0,2025,9,September,True
2025-09-09,19.8,11.0,0.3,11.3,London,15.4,8.8,2025,9,September,True
2025-09-10,18.0,14.3,7.7,19.4,London,16.2,3.7,2025,9,September,True
2025-09-11,18.0,12.1,3.7,22.8,London,15.0,5.9,2025,9,September,True
2025-09-12,17.6,10.9,4.4,18.4,London,14.2,6.7,2025,9,September,True
2025-09-13,17.2,11.8,3.0,17.7,London,14.5,5.4,2025,9,September,True
2025-09-14,17.8,9.2,3.5,26.3,London,13.5,8.6,2025,9,September,True
2025-09-15,17.8,14.1,0.4,31.6,London,16.0,3.7,2025,9,September,True
2025-09-16,18.3,12.0,0.0,21.8,London,15.2,6.3,2025,9,September,False
2025-09-17,18.8,12.5,1.1,24.4,London,15.6,6.3,2025,9,September,True
2025-09-18,21.5,16.1,0.0,21.9,London,18.8,5.4,2025,9,September,False
2025-09-19,25.4,15.0,0.0,13.3,London,20.2,10.4,2025,9,September,False
2025-09-20,21.1,13.8,0.0,24.5,London,17.5,7.3,2025,9,September,False
2025-09-21,15.5,9.5,0.0,22.5,London,12.5,6.0,2025,9,September,False
2025-09-22,15.7,7.5,0.0,16.2,London,11.6,8.2,2025,9,September,False
2025-09-23,16.4,7.2,0.0,15.7,London,11.8,9.2,2025,9,September,False
2025-09-24,17.5,9.6,0.0,16.1,London,13.6,7.9,2025,9,September,False
2025-09-25,18.3,9.5,0.0,17.6,London,13.9,8.8,2025,9,September,False
2025-09-26,16.1,9.4,1.1,15.7,London,12.8,6.7,2025,9,September,True
2025-09-27,17.4,10.6,0.0,15.1,London,14.0,6.8,2025,9,September,False
2025-09-28,16.8,11.8,0.5,9.4,London,14.3,5.0,2025,9,September,True
2025-09-29,17.7,8.0,0.0,8.6,London,12.8,9.7,2025,9,September,False
2025-09-30,18.3,8.9,0.0,6.4,London,13.6,9.4,2025,9,September,False
2025-10-01,17.9,9.9,0.1,8.8,London,13.9,8.0,2025,10,October,True
2025-10-02,18.5,10.2,0.0,15.7,London,14.4,8.3,2025,10,October,False
2025-10-03,17.9,14.3,11.6,28.6,London,16.1,3.6,2025,10,October,True
2025-10-04,17.1,11.3,4.4,31.5,London,14.2,5.8,2025,10,October,True
2025-10-05,15.7,10.6,0.0,22.5,London,13.2,5.1,2025,10,October,False
2025-10-06,18.6,9.6,0.0,11.4,London,14.1,9.0,2025,10,October,False
2025-10-07,17.0,11.6,0.0,12.3,London,14.3,5.4,2025,10,October,False
2025-10-08,16.8,11.3,0.4,8.2,London,14.0,5.5,2025,10,October,True
2025-10-09,15.0,8.8,0.0,11.1,London,11.9,6.2,2025,10,October,False
2025-10-10,15.8,12.0,0.1,7.2,London,13.9,3.8,2025,10,October,True
2025-10-11,14.8,10.6,0.0,5.5,London,12.7,4.2,2025,10,October,False
2025-10-12,15.0,7.5,0.0,9.1,London,11.2,7.5,2025,10,October,False
2025-10-13,15.6,12.3,0.2,12.1,London,14.0,3.3,2025,10,October,True
2025-10-14,13.7,10.8,0.1,11.1,London,12.2,2.9,2025,10,October,True
2025-10-15,13.0,10.5,0.0,10.5,London,11.8,2.5,2025,10,October,False
2025-10-16,15.4,9.5,0.0,7.8,London,12.4,5.9,2025,10,October,False
2025-10-17,14.8,11.1,0.0,8.6,London,13.0,3.7,2025,10,October,False
2025-10-18,14.6,11.1,0.0,13.5,London,12.8,3.5,2025,10,October,False
2025-10-19,15.3,12.0,6.1,17.6,London,13.6,3.3,2025,10,October,True
2025-10-20,14.6,11.8,3.4,17.3,London,13.2,2.8,2025,10,October,True
2025-10-21,15.3,10.9,0.2,17.7,London,13.1,4.4,2025,10,October,True
2025-10-22,14.6,8.9,7.8,15.3,London,11.8,5.7,2025,10,October,True
2025-10-23,11.7,7.3,16.3,25.6,London,9.5,4.4,2025,10,October,True
2025-10-24,12.0,5.8,0.0,20.2,London,8.9,6.2,2025,10,October,False
2025-10-25,11.8,6.5,1.1,17.4,London,9.2,5.3,2025,10,October,True
2025-10-26,10.9,4.9,0.7,19.3,London,7.9,6.0,2025,10,October,True
2025-10-27,12.8,9.9,0.0,26.7,London,11.4,2.9,2025,10,October,False
2025-10-28,14.4,11.3,0.3,21.0,London,12.8,3.1,2025,10,October,True
2025-10-29,12.5,7.7,4.7,14.9,London,10.1,4.8,2025,10,October,True
2025-10-30,12.9,5.6,0.0,17.7,London,9.2,7.3,2025,10,October,False
2025-10-31,15.7,12.8,4.2,22.7,London,14.2,2.9,2025,10,October,True
2025-11-01,15.8,9.5,4.7,25.9,London,12.6,6.3,2025,11,November,True
2025-11-02,12.2,7.5,3.8,14.8,London,9.8,4.7,2025,11,November,True
2025-11-03,15.9,7.4,1.3,20.7,London,11.6,8.5,2025,11,November,True
2025-11-04,15.4,13.6,0.0,19.9,London,14.5,1.8,2025,11,November,False
2025-11-05,17.2,14.5,0.1,19.7,London,15.8,2.7,2025,11,November,True
2025-11-06,16.6,14.1,1.1,14.3,London,15.4,2.5,2025,11,November,True
2025-11-07,15.0,12.1,0.3,12.7,London,13.6,2.9,2025,11,November,True
2025-11-08,14.1,9.1,2.9,12.0,London,11.6,5.0,2025,11,November,True
2025-11-09,14.0,5.2,0.0,15.9,London,9.6,8.8,2025,11,November,False
2025-11-10,13.2,8.7,5.8,18.5,London,11.0,4.5,2025,11,November,True
2025-11-11,14.8,8.3,1.0,21.6,London,11.6,6.5,2025,11,November,True
2025-11-12,16.4,13.2,0.8,23.6,London,14.8,3.2,2025,11,November,True
2025-11-13,16.7,13.0,4.6,15.7,London,14.8,3.7,2025,11,November,True
2025-11-14,14.3,12.1,15.2,14.0,London,13.2,2.2,2025,11,November,True
2025-11-15,13.2,10.4,0.3,10.1,London,11.8,2.8,2025,11,November,True
2025-11-16,10.6,6.7,0.6,12.9,London,8.6,3.9,2025,11,November,True
2025-11-17,7.6,3.2,0.0,16.2,London,5.4,4.4,2025,11,November,False
2025-11-18,6.9,-0.1,0.1,12.9,London,3.4,7.0,2025,11,November,True
2025-11-19,5.0,0.9,6.3,24.9,London,3.0,4.1,2025,11,November,True
2025-11-20,3.6,-1.4,0.0,15.0,London,1.1,5.0,2025,11,November,False
2025-11-21,5.7,0.6,0.0,13.8,London,3.2,5.1,2025,11,November,False
2025-11-22,7.8,0.9,10.4,19.6,London,4.4,6.9,2025,11,November,True
2025-11-23,10.0,5.6,9.7,22.5,London,7.8,4.4,2025,11,November,True
2025-11-24,6.9,4.2,1.6,17.3,London,5.6,2.7,2025,11,November,True
2025-11-25,6.6,3.7,0.0,16.8,London,5.2,2.9,2025,11,November,False
2025-11-26,8.4,-0.1,0.4,15.1,London,4.2,8.5,2025,11,November,True
2025-11-27,13.3,8.8,1.4,19.2,London,11.0,4.5,2025,11,November,True
2025-11-28,13.3,8.6,0.2,18.6,London,11.0,4.7,2025,11,November,True
2025-11-29,11.5,5.1,3.9,24.2,London,8.3,6.4,2025,11,November,True
2025-11-30,7.6,3.0,0.0,12.5,London,5.3,4.6,2025,11,November,False
2025-12-01,11.8,6.6,5.5,30.3,London,9.2,5.2,2025,12,December,True
2025-12-02,10.7,6.9,3.8,21.7,London,8.8,3.8,2025,12,December,True
2025-12-03,9.2,3.4,0.8,12.6,London,6.3,5.8,2025,12,December,True
2025-12-04,8.2,2.8,6.1,16.6,London,5.5,5.4,2025,12,December,True
2025-12-05,9.0,-0.4,10.6,30.2,London,4.3,9.4,2025,12,December,True
2025-12-06,11.8,8.9,1.0,20.6,London,10.4,2.9,2025,12,December,True
2025-12-07,14.1,8.2,4.3,25.6,London,11.1,5.9,2025,12,December,True
2025-12-08,13.8,10.4,0.4,16.5,London,12.1,3.4,2025,12,December,True
2025-12-09,14.4,12.0,6.9,24.9,London,13.2,2.4,2025,12,December,True
2025-12-10,12.8,8.5,0.0,19.4,London,10.6,4.3,2025,12,December,False
2025-12-11,11.6,7.7,0.0,14.2,London,9.6,3.9,2025,12,December,False
2025-12-12,12.1,7.1,0.2,13.8,London,9.6,5.0,2025,12,December,True
2025-12-13,9.1,3.4,0.0,12.5,London,6.2,5.7,2025,12,December,False
2025-12-14,10.4,6.2,0.0,18.3,London,8.3,4.2,2025,12,December,False
2025-12-15,11.3,9.9,0.0,18.1,London,10.6,1.4,2025,12,December,False
2025-12-16,11.4,7.0,4.5,12.7,London,9.2,4.4,2025,12,December,True
2025-12-17,9.9,1.7,0.0,21.3,London,5.8,8.2,2025,12,December,False
2025-12-18,12.7,10.1,17.5,30.6,London,11.4,2.6,2025,12,December,True
2025-12-19,11.3,6.7,0.4,18.8,London,9.0,4.6,2025,12,December,True
2025-12-20,9.1,4.0,0.0,11.4,London,6.6,5.1,2025,12,December,False
2025-12-21,10.3,7.1,4.3,16.2,London,8.7,3.2,2025,12,December,True
2025-12-22,10.6,7.7,1.7,13.9,London,9.2,2.9,2025,12,December,True
2025-12-23,7.6,6.0,0.1,16.1,London,6.8,1.6,2025,12,December,True
2025-12-24,5.9,3.6,0.0,24.6,London,4.8,2.3,2025,12,December,False
2025-12-25,5.1,3.0,0.0,23.3,London,4.0,2.1,2025,12,December,False
2025-12-26,5.8,3.2,0.0,17.9,London,4.5,2.6,2025,12,December,False
2025-12-27,7.5,2.5,0.0,22.2,London,5.0,5.0,2025,12,December,False
2025-12-28,7.1,4.5,0.0,14.8,London,5.8,2.6,2025,12,December,False
2025-12-29,6.1,3.1,0.0,11.9,London,4.6,3.0,2025,12,December,False
2025-12-30,6.1,1.9,0.0,12.2,London,4.0,4.2,2025,12,December,False
2025-12-31,2.7,-1.3,0.0,11.4,London,0.7,4.0,2025,12,December,False
2021-01-01,3.8,-2.4,8.1,17.1,New York,0.7,6.2,2021,1,January,True
2021-01-02,10.1,1.6,4.1,31.2,New York,5.8,8.5,2021,1,January,True
2021-01-03,3.8,-1.1,6.5,24.5,New York,1.3,4.9,2021,1,January,True
2021-01-04,6.8,0.8,1.5,18.1,New York,3.8,6.0,2021,1,January,True
2021-01-05,5.1,1.1,0.0,12.2,New York,3.1,4.0,2021,1,January,False
2021-01-06,4.9,-1.0,0.0,23.1,New York,2.0,5.9,2021,1,January,False
2021-01-07,6.2,-1.6,0.0,18.0,New York,2.3,7.8,2021,1,January,False
2021-01-08,5.5,-3.5,0.0,21.6,New York,1.0,9.0,2021,1,January,False
2021-01-09,2.1,-4.0,0.0,28.8,New York,-1.0,6.1,2021,1,January,False
2021-01-10,5.4,-2.8,0.0,17.2,New York,1.3,8.2,2021,1,January,False
2021-01-11,2.3,-4.4,0.0,10.2,New York,-1.1,6.7,2021,1,January,False
2021-01-12,6.0,-2.7,0.0,11.6,New York,1.6,8.7,2021,1,January,False
2021-01-13,6.4,-3.7,0.0,16.4,New York,1.4,10.1,2021,1,January,False
2021-01-14,9.1,-0.6,0.0,10.5,New York,4.2,9.7,2021,1,January,False
2021-01-15,8.0,-0.8,2.6,28.1,New York,3.6,8.8,2021,1,January,True
2021-01-16,8.3,2.0,21.8,37.6,New York,5.2,6.3,2021,1,January,True
2021-01-17,7.6,0.1,0.0,32.0,New York,3.8,7.5,2021,1,January,False
2021-01-18,6.8,0.3,0.0,23.8,New York,3.6,6.5,2021,1,January,False
2021-01-19,5.0,-1.5,0.0,27.7,New York,1.8,6.5,2021,1,January,False
2021-01-20,4.7,-3.4,1.0,30.5,New York,0.7,8.1,2021,1,January,True
2021-01-21,5.6,-4.8,0.0,21.4,New York,0.4,10.4,2021,1,January,False
2021-01-22,6.9,-0.7,0.0,27.4,New York,3.1,7.6,2021,1,January,False
2021-01-23,-0.1,-4.4,0.0,35.4,New York,-2.2,4.3,2021,1,January,False
2021-01-24,0.4,-5.5,0.0,27.2,New York,-2.6,5.9,2021,1,January,False
2021-01-25,3.7,-4.7,0.0,12.5,New York,-0.5,8.4,2021,1,January,False
2021-01-26,1.6,-1.4,4.5,18.3,New York,0.1,3.0,2021,1,January,True
2021-01-27,4.4,-2.1,0.6,23.9,New York,1.2,6.5,2021,1,January,True
2021-01-28,0.3,-6.4,0.0,34.2,New York,-3.1,6.7,2021,1,January,False
2021-01-29,-3.9,-9.1,0.0,38.5,New York,-6.5,5.2,2021,1,January,False
2021-01-30,1.1,-8.8,0.0,21.9,New York,-3.9,9.9,2021,1,January,False
2021-01-31,-2.7,-7.7,2.6,21.4,New York,-5.2,5.0,2021,1,January,True
2021-02-01,0.8,-4.2,38.6,45.7,New York,-1.7,5.0,2021,2,February,True
2021-02-02,1.6,-1.8,4.1,40.9,New York,-0.1,3.4,2021,2,February,True
2021-02-03,1.5,-2.1,0.1,21.0,New York,-0.3,3.6,2021,2,February,True
2021-02-04,3.5,-3.4,0.0,19.8,New York,0.1,6.9,2021,2,February,False
2021-02-05,5.1,-3.0,2.2,20.1,New York,1.0,8.1,2021,2,February,True
2021-02-06,4.3,-4.9,0.0,28.3,New York,-0.3,9.2,2021,2,February,False
2021-02-07,0.2,-4.6,7.7,23.7,New York,-2.2,4.8,2021,2,February,True
2021-02-08,-3.4,-10.8,0.0,21.9,New York,-7.1,7.4,2021,2,February,False
2021-02-09,1.0,-9.8,2.0,17.5,New York,-4.4,10.8,2021,2,February,True
2021-02-10,0.3,-9.1,0.1,12.3,New York,-4.4,9.4,2021,2,February,True
2021-02-11,0.5,-5.0,4.5,15.9,New York,-2.2,5.5,2021,2,February,True
2021-02-12,-2.6,-11.5,0.0,14.5,New York,-7.0,8.9,2021,2,February,False
2021-02-13,-2.6,-7.5,1.3,18.8,New York,-5.0,4.9,2021,2,February,True
2021-02-14,2.6,-2.6,0.5,15.5,New York,0.0,5.2,2021,2,February,True
2021-02-15,0.6,-2.5,1.3,18.3,New York,-1.0,3.1,2021,2,February,True
2021-02-16,8.6,-0.6,31.3,26.1,New York,4.0,9.2,2021,2,February,True
2021-02-17,-1.1,-6.7,0.0,22.7,New York,-3.9,5.6,2021,2,February,False
2021-02-18,-2.4,-5.1,13.2,20.8,New York,-3.8,2.7,2021,2,February,True
2021-02-19,-0.4,-3.3,5.4,18.0,New York,-1.8,2.9,2021,2,February,True
2021-02-20,0.1,-5.3,0.0,18.8,New York,-2.6,5.4,2021,2,February,False
2021-02-21,0.7,-8.3,0.0,15.3,New York,-3.8,9.0,2021,2,February,False
2021-02-22,2.6,-7.6,13.9,24.2,New York,-2.5,10.2,2021,2,February,True
2021-02-23,6.0,-1.5,0.6,21.7,New York,2.2,7.5,2021,2,February,True
2021-02-24,11.3,-0.8,0.0,23.2,New York,5.2,12.1,2021,2,February,False
2021-02-25,8.2,-1.1,0.0,26.3,New York,3.6,9.3,2021,2,February,False
2021-02-26,6.4,-3.1,0.0,16.0,New York,1.6,9.5,2021,2,February,False
2021-02-27,12.0,1.9,11.5,19.6,New York,7.0,10.1,2021,2,February,True
2021-02-28,8.0,0.5,5.2,19.3,New York,4.2,7.5,2021,2,February,True
2021-03-01,9.1,1.9,7.7,38.8,New York,5.5,7.2,2021,3,March,True
2021-03-02,0.4,-7.0,0.0,34.7,New York,-3.3,7.4,2021,3,March,False
2021-03-03,10.9,-2.8,0.0,21.7,New York,4.1,13.7,2021,3,March,False
2021-03-04,6.0,-2.5,0.0,33.6,New York,1.8,8.5,2021,3,March,False
2021-03-05,2.4,-6.4,0.0,30.3,New York,-2.0,8.8,2021,3,March,False
2021-03-06,1.7,-4.8,0.0,24.7,New York,-1.5,6.5,2021,3,March,False
2021-03-07,4.7,-5.0,0.0,16.6,New York,-0.1,9.7,2021,3,March,False
2021-03-08,6.2,-6.4,0.0,14.6,New York,-0.1,12.6,2021,3,March,False
2021-03-09,16.3,0.4,0.0,22.7,New York,8.4,15.9,2021,3,March,False
2021-03-10,10.7,-1.0,0.0,20.2,New York,4.8,11.7,2021,3,March,False
2021-03-11,20.2,2.8,0.0,18.0,New York,11.5,17.4,2021,3,March,False
2021-03-12,19.0,9.9,0.1,26.1,New York,14.4,9.1,2021,3,March,True
2021-03-13,9.7,-1.3,0.0,30.9,New York,4.2,11.0,2021,3,March,False
2021-03-14,10.4,-0.5,0.0,40.5,New York,5.0,10.9,2021,3,March,False
2021-03-15,3.1,-5.9,0.0,33.6,New York,-1.4,9.0,2021,3,March,False
2021-03-16,2.7,-3.7,0.1,15.3,New York,-0.5,6.4,2021,3,March,True
2021-03-17,8.0,0.5,0.0,13.4,New York,4.2,7.5,2021,3,March,False
2021-03-18,7.7,4.2,17.7,28.0,New York,6.0,3.5,2021,3,March,True
2021-03-19,5.9,-2.3,3.6,35.6,New York,1.8,8.2,2021,3,March,True
2021-03-20,12.8,-3.5,0.0,14.8,New York,4.6,16.3,2021,3,March,False
2021-03-21,15.3,-0.4,0.0,13.3,New York,7.4,15.7,2021,3,March,False
2021-03-22,13.4,-0.8,0.0,14.7,New York,6.3,14.2,2021,3,March,False
2021-03-23,16.3,1.7,0.0,13.2,New York,9.0,14.6,2021,3,March,False
2021-03-24,13.4,4.3,29.7,18.1,New York,8.8,9.1,2021,3,March,True
2021-03-25,19.7,9.0,1.8,17.4,New York,14.4,10.7,2021,3,March,True
2021-03-26,25.9,10.0,1.9,41.1,New York,18.0,15.9,2021,3,March,True
2021-03-27,17.8,6.9,0.0,23.2,New York,12.4,10.9,2021,3,March,False
2021-03-28,19.2,8.0,16.7,31.6,New York,13.6,11.2,2021,3,March,True
2021-03-29,11.8,4.3,0.0,36.5,New York,8.0,7.5,2021,3,March,False
2021-03-30,12.8,0.8,0.0,29.4,New York,6.8,12.0,2021,3,March,False
2021-03-31,17.0,7.6,13.4,28.3,New York,12.3,9.4,2021,3,March,True
2021-04-01,11.4,3.2,6.8,29.9,New York,7.3,8.2,2021,4,April,True
2021-04-02,3.8,-3.2,0.0,27.0,New York,0.3,7.0,2021,4,April,False
2021-04-03,11.1,-2.0,0.0,17.1,New York,4.6,13.1,2021,4,April,False
2021-04-04,16.1,3.8,0.0,19.1,New York,10.0,12.3,2021,4,April,False
2021-04-05,18.3,6.0,0.0,27.7,New York,12.2,12.3,2021,4,April,False
2021-04-06,18.6,5.3,0.0,22.4,New York,12.0,13.3,2021,4,April,False
2021-04-07,20.2,6.9,1.2,16.4,New York,13.6,13.3,2021,4,April,True
2021-04-08,18.1,5.4,0.0,18.6,New York,11.8,12.7,2021,4,April,False
2021-04-09,12.5,5.9,0.0,15.6,New York,9.2,6.6,2021,4,April,False
2021-04-10,16.6,8.2,1.3,14.8,New York,12.4,8.4,2021,4,April,True
2021-04-11,14.8,8.9,27.7,23.6,New York,11.9,5.9,2021,4,April,True
2021-04-12,9.2,6.9,12.7,22.8,New York,8.0,2.3,2021,4,April,True
2021-04-13,18.6,6.1,4.7,13.8,New York,12.4,12.5,2021,4,April,True
2021-04-14,20.2,6.0,0.0,20.6,New York,13.1,14.2,2021,4,April,False
2021-04-15,13.2,7.9,15.0,18.8,New York,10.6,5.3,2021,4,April,True
2021-04-16,12.4,3.9,1.9,25.5,New York,8.2,8.5,2021,4,April,True
2021-04-17,12.2,5.2,0.3,18.9,New York,8.7,7.0,2021,4,April,True
2021-04-18,15.6,5.6,0.0,14.2,New York,10.6,10.0,2021,4,April,False
2021-04-19,17.1,6.0,0.0,16.2,New York,11.6,11.1,2021,4,April,False
2021-04-20,21.8,6.6,0.0,26.8,New York,14.2,15.2,2021,4,April,False
2021-04-21,18.5,4.2,2.2,31.1,New York,11.4,14.3,2021,4,April,True
2021-04-22,8.3,1.6,0.0,34.7,New York,5.0,6.7,2021,4,April,False
2021-04-23,15.8,2.2,0.0,30.1,New York,9.0,13.6,2021,4,April,False
2021-04-24,20.2,5.4,0.0,29.0,New York,12.8,14.8,2021,4,April,False
2021-04-25,16.9,8.7,13.0,19.7,New York,12.8,8.2,2021,4,April,True
2021-04-26,14.1,3.8,0.0,28.4,New York,9.0,10.3,2021,4,April,False
2021-04-27,14.8,4.1,0.6,16.4,New York,9.4,10.7,2021,4,April,True
2021-04-28,27.3,8.3,0.0,17.6,New York,17.8,19.0,2021,4,April,False
2021-04-29,23.1,12.7,2.9,27.2,New York,17.9,10.4,2021,4,April,True
2021-04-30,19.8,8.0,0.4,40.0,New York,13.9,11.8,2021,4,April,True
2021-05-01,17.6,5.3,0.0,33.0,New York,11.5,12.3,2021,5,May,False
2021-05-02,26.5,11.5,0.0,24.1,New York,19.0,15.0,2021,5,May,False
2021-05-03,16.4,11.8,6.2,14.7,New York,14.1,4.6,2021,5,May,True
2021-05-04,22.5,11.5,10.9,22.8,New York,17.0,11.0,2021,5,May,True
2021-05-05,15.6,11.0,9.2,22.7,New York,13.3,4.6,2021,5,May,True
2021-05-06,17.6,8.9,0.0,23.6,New York,13.2,8.7,2021,5,May,False
2021-05-07,16.7,8.0,0.0,16.8,New York,12.4,8.7,2021,5,May,False
2021-05-08,11.7,8.0,2.7,20.1,New York,9.8,3.7,2021,5,May,True
2021-05-09,17.1,6.0,8.3,20.4,New York,11.6,11.1,2021,5,May,True
2021-05-10,15.3,8.3,2.9,20.3,New York,11.8,7.0,2021,5,May,True
2021-05-11,17.1,8.3,0.3,27.0,New York,12.7,8.8,2021,5,May,True
2021-05-12,18.1,6.1,0.0,20.3,New York,12.1,12.0,2021,5,May,False
2021-05-13,19.5,7.6,0.0,16.6,New York,13.6,11.9,2021,5,May,False
2021-05-14,22.2,7.7,0.0,15.8,New York,15.0,14.5,2021,5,May,False
2021-05-15,22.9,8.5,0.0,13.3,New York,15.7,14.4,2021,5,May,False
2021-05-16,22.0,10.3,0.0,22.3,New York,16.2,11.7,2021,5,May,False
2021-05-17,23.2,9.8,0.0,19.0,New York,16.5,13.4,2021,5,May,False
2021-05-18,26.7,11.3,0.0,14.8,New York,19.0,15.4,2021,5,May,False
2021-05-19,28.9,13.3,0.0,19.1,New York,21.1,15.6,2021,5,May,False
2021-05-20,21.8,12.7,0.0,20.2,New York,17.2,9.1,2021,5,May,False
2021-05-21,23.3,12.0,0.0,19.7,New York,17.6,11.3,2021,5,May,False
2021-05-22,31.0,17.0,0.0,21.4,New York,24.0,14.0,2021,5,May,False
2021-05-23,31.8,19.8,0.0,28.1,New York,25.8,12.0,2021,5,May,False
2021-05-24,19.2,14.0,0.0,22.7,New York,16.6,5.2,2021,5,May,False
2021-05-25,21.8,13.4,0.0,26.0,New York,17.6,8.4,2021,5,May,False
2021-05-26,29.5,17.7,1.8,25.3,New York,23.6,11.8,2021,5,May,True
2021-05-27,28.0,18.8,2.6,21.4,New York,23.4,9.2,2021,5,May,True
2021-05-28,19.1,10.7,25.5,26.8,New York,14.9,8.4,2021,5,May,True
2021-05-29,11.3,8.7,28.1,32.4,New York,10.0,2.6,2021,5,May,True
2021-05-30,11.8,8.6,14.1,30.3,New York,10.2,3.2,2021,5,May,True
2021-05-31,20.7,9.6,0.8,21.4,New York,15.2,11.1,2021,5,May,True
2021-06-01,24.0,9.8,0.0,18.4,New York,16.9,14.2,2021,6,June,False
2021-06-02,21.9,12.8,0.0,17.0,New York,17.4,9.1,2021,6,June,False
2021-06-03,22.7,13.4,13.8,13.0,New York,18.0,9.3,2021,6,June,True
2021-06-04,25.6,17.9,5.1,17.1,New York,21.8,7.7,2021,6,June,True
2021-06-05,31.8,17.4,0.0,21.3,New York,24.6,14.4,2021,6,June,False
2021-06-06,31.7,20.4,0.0,16.3,New York,26.0,11.3,2021,6,June,False
2021-06-07,30.5,21.0,0.3,17.0,New York,25.8,9.5,2021,6,June,True
2021-06-08,30.4,22.1,5.8,16.3,New York,26.2,8.3,2021,6,June,True
2021-06-09,30.7,21.6,1.4,11.6,New York,26.2,9.1,2021,6,June,True
2021-06-10,26.7,17.1,0.2,23.7,New York,21.9,9.6,2021,6,June,True
2021-06-11,21.0,15.6,0.5,14.9,New York,18.3,5.4,2021,6,June,True
2021-06-12,21.6,16.3,0.4,15.2,New York,19.0,5.3,2021,6,June,True
2021-06-13,23.8,15.0,0.1,19.1,New York,19.4,8.8,2021,6,June,True
2021-06-14,21.5,17.8,17.8,22.4,New York,19.6,3.7,2021,6,June,True
2021-06-15,25.7,17.6,0.6,17.9,New York,21.6,8.1,2021,6,June,True
2021-06-16,23.5,15.5,0.0,20.5,New York,19.5,8.0,2021,6,June,False
2021-06-17,24.2,12.6,0.0,13.6,New York,18.4,11.6,2021,6,June,False
2021-06-18,27.7,13.6,0.0,20.5,New York,20.6,14.1,2021,6,June,False
2021-06-19,32.5,19.7,2.0,22.9,New York,26.1,12.8,2021,6,June,True
2021-06-20,29.4,17.5,0.3,21.6,New York,23.4,11.9,2021,6,June,True
2021-06-21,28.0,21.8,0.5,27.3,New York,24.9,6.2,2021,6,June,True
2021-06-22,24.7,15.4,8.8,24.3,New York,20.0,9.3,2021,6,June,True
2021-06-23,23.4,12.6,0.0,17.3,New York,18.0,10.8,2021,6,June,False
2021-06-24,23.0,13.8,0.0,20.8,New York,18.4,9.2,2021,6,June,False
2021-06-25,24.4,16.1,0.0,22.8,New York,20.2,8.3,2021,6,June,False
2021-06-26,26.5,18.8,1.8,25.3,New York,22.6,7.7,2021,6,June,True
2021-06-27,29.5,22.3,0.5,19.6,New York,25.9,7.2,2021,6,June,True
2021-06-28,32.8,23.1,0.0,23.1,New York,28.0,9.7,2021,6,June,False
2021-06-29,33.7,24.2,0.0,23.1,New York,29.0,9.5,2021,6,June,False
2021-06-30,35.6,25.1,0.0,19.0,New York,30.4,10.5,2021,6,June,False
2021-07-01,28.8,22.1,22.9,13.6,New York,25.5,6.7,2021,7,July,True
2021-07-02,24.6,20.2,28.0,10.2,New York,22.4,4.4,2021,7,July,True
2021-07-03,19.7,16.8,16.7,27.1,New York,18.2,2.9,2021,7,July,True
2021-07-04,25.3,15.9,1.7,12.0,New York,20.6,9.4,2021,7,July,True
2021-07-05,26.5,18.2,0.2,22.5,New York,22.4,8.3,2021,7,July,True
2021-07-06,33.5,22.2,0.6,29.8,New York,27.8,11.3,2021,7,July,True
2021-07-07,32.0,22.2,1.0,19.5,New York,27.1,9.8,2021,7,July,True
2021-07-08,28.2,21.6,12.2,23.9,New York,24.9,6.6,2021,7,July,True
2021-07-09,30.2,22.0,37.2,33.6,New York,26.1,8.2,2021,7,July,True
2021-07-10,26.1,21.1,1.0,15.5,New York,23.6,5.0,2021,7,July,True
2021-07-11,24.9,20.2,2.5,17.3,New York,22.5,4.7,2021,7,July,True
2021-07-12,28.7,22.5,16.2,13.1,New York,25.6,6.2,2021,7,July,True
2021-07-13,26.0,21.3,1.8,13.8,New York,23.6,4.7,2021,7,July,True
2021-07-14,30.8,21.8,1.3,14.9,New York,26.3,9.0,2021,7,July,True
2021-07-15,29.6,21.4,0.1,15.0,New York,25.5,8.2,2021,7,July,True
2021-07-16,32.6,23.5,0.4,13.1,New York,28.0,9.1,2021,7,July,True
2021-07-17,30.9,23.6,8.7,22.3,New York,27.2,7.3,2021,7,July,True
2021-07-18,28.7,23.4,15.0,20.4,New York,26.0,5.3,2021,7,July,True
2021-07-19,27.9,21.1,0.2,13.2,New York,24.5,6.8,2021,7,July,True
2021-07-20,31.3,21.3,0.0,17.4,New York,26.3,10.0,2021,7,July,False
2021-07-21,28.3,21.3,5.3,14.9,New York,24.8,7.0,2021,7,July,True
2021-07-22,27.0,18.0,0.0,15.6,New York,22.5,9.0,2021,7,July,False
2021-07-23,26.5,17.7,0.0,12.4,New York,22.1,8.8,2021,7,July,False
2021-07-24,27.0,18.4,0.0,17.2,New York,22.7,8.6,2021,7,July,False
2021-07-25,28.9,20.2,7.9,20.7,New York,24.5,8.7,2021,7,July,True
2021-07-26,32.0,21.9,0.0,13.5,New York,27.0,10.1,2021,7,July,False
2021-07-27,30.8,19.6,0.1,24.2,New York,25.2,11.2,2021,7,July,True
2021-07-28,27.2,20.6,1.1,17.7,New York,23.9,6.6,2021,7,July,True
2021-07-29,25.7,20.0,32.2,27.2,New York,22.8,5.7,2021,7,July,True
2021-07-30,28.1,19.6,0.0,25.2,New York,23.8,8.5,2021,7,July,False
2021-07-31,26.1,14.7,0.0,22.3,New York,20.4,11.4,2021,7,July,False
2021-08-01,24.4,16.6,0.7,21.7,New York,20.5,7.8,2021,8,August,True
2021-08-02,26.8,17.5,0.0,19.7,New York,22.2,9.3,2021,8,August,False
2021-08-03,24.4,15.9,0.0,11.3,New York,20.2,8.5,2021,8,August,False
2021-08-04,24.7,17.8,0.8,14.0,New York,21.2,6.9,2021,8,August,True
2021-08-05,27.2,17.7,0.1,14.2,New York,22.4,9.5,2021,8,August,True
2021-08-06,28.9,17.3,0.0,21.7,New York,23.1,11.6,2021,8,August,False
2021-08-07,29.9,19.8,0.0,26.5,New York,24.8,10.1,2021,8,August,False
2021-08-08,22.9,19.1,13.2,20.4,New York,21.0,3.8,2021,8,August,True
2021-08-09,26.6,20.4,0.7,18.7,New York,23.5,6.2,2021,8,August,True
2021-08-10,27.4,20.5,5.9,18.2,New York,24.0,6.9,2021,8,August,True
2021-08-11,32.0,23.2,3.4,22.1,New York,27.6,8.8,2021,8,August,True
2021-08-12,35.3,23.1,0.0,21.2,New York,29.2,12.2,2021,8,August,False
2021-08-13,33.2,24.9,0.0,20.0,New York,29.0,8.3,2021,8,August,False
2021-08-14,31.7,24.4,5.2,18.5,New York,28.0,7.3,2021,8,August,True
2021-08-15,27.9,20.5,0.0,18.2,New York,24.2,7.4,2021,8,August,False
2021-08-16,26.8,20.2,0.0,18.0,New York,23.5,6.6,2021,8,August,False
2021-08-17,26.4,22.2,2.3,21.8,New York,24.3,4.2,2021,8,August,True
2021-08-18,27.2,21.3,1.9,26.2,New York,24.2,5.9,2021,8,August,True
2021-08-19,30.6,23.6,8.3,25.7,New York,27.1,7.0,2021,8,August,True
2021-08-20,26.9,22.3,1.8,12.0,New York,24.6,4.6,2021,8,August,True
2021-08-21,27.3,22.2,1.2,15.6,New York,24.8,5.1,2021,8,August,True
2021-08-22,23.8,22.5,67.3,19.5,New York,23.2,1.3,2021,8,August,True
2021-08-23,28.8,22.1,35.1,28.8,New York,25.5,6.7,2021,8,August,True
2021-08-24,31.1,22.0,0.0,14.2,New York,26.6,9.1,2021,8,August,False
2021-08-25,31.5,20.3,0.0,10.0,New York,25.9,11.2,2021,8,August,False
2021-08-26,32.1,22.8,0.1,16.2,New York,27.4,9.3,2021,8,August,True
2021-08-27,32.6,23.7,1.6,10.0,New York,28.2,8.9,2021,8,August,True
2021-08-28,26.1,20.3,3.3,24.8,New York,23.2,5.8,2021,8,August,True
2021-08-29,24.7,19.4,2.0,13.8,New York,22.0,5.3,2021,8,August,True
2021-08-30,28.9,21.8,5.2,16.1,New York,25.4,7.1,2021,8,August,True
2021-08-31,29.0,21.4,0.0,16.8,New York,25.2,7.6,2021,8,August,False
2021-09-01,23.4,18.5,111.5,45.2,New York,21.0,4.9,2021,9,September,True
2021-09-02,24.6,15.4,22.4,41.9,New York,20.0,9.2,2021,9,September,True
2021-09-03,22.1,14.4,0.0,15.3,New York,18.2,7.7,2021,9,September,False
2021-09-04,25.2,15.0,0.0,15.9,New York,20.1,10.2,2021,9,September,False
2021-09-05,24.7,17.1,1.2,15.5,New York,20.9,7.6,2021,9,September,True
2021-09-06,27.2,19.3,0.0,20.2,New York,23.2,7.9,2021,9,September,False
2021-09-07,26.2,15.6,0.0,13.3,New York,20.9,10.6,2021,9,September,False
2021-09-08,26.7,20.0,0.6,26.3,New York,23.4,6.7,2021,9,September,True
2021-09-09,23.0,20.0,19.4,18.5,New York,21.5,3.0,2021,9,September,True
2021-09-10,23.2,16.3,0.0,25.3,New York,19.8,6.9,2021,9,September,False
2021-09-11,25.0,13.5,0.0,16.5,New York,19.2,11.5,2021,9,September,False
2021-09-12,29.2,18.6,0.0,25.2,New York,23.9,10.6,2021,9,September,False
2021-09-13,29.3,21.9,1.6,21.3,New York,25.6,7.4,2021,9,September,True
2021-09-14,25.9,19.5,0.1,18.8,New York,22.7,6.4,2021,9,September,True
2021-09-15,30.1,20.9,0.8,23.1,New York,25.5,9.2,2021,9,September,True
2021-09-16,24.2,19.5,4.0,20.9,New York,21.8,4.7,2021,9,September,True
2021-09-17,23.9,20.4,1.6,20.5,New York,22.2,3.5,2021,9,September,True
2021-09-18,27.5,19.5,0.4,15.3,New York,23.5,8.0,2021,9,September,True
2021-09-19,23.8,17.1,0.0,18.8,New York,20.5,6.7,2021,9,September,False
2021-09-20,22.9,15.3,0.3,17.1,New York,19.1,7.6,2021,9,September,True
2021-09-21,23.3,17.0,0.1,16.0,New York,20.2,6.3,2021,9,September,True
2021-09-22,25.3,19.9,4.9,30.1,New York,22.6,5.4,2021,9,September,True
2021-09-23,26.3,17.9,18.4,40.9,New York,22.1,8.4,2021,9,September,True
2021-09-24,22.6,15.7,26.2,15.5,New York,19.2,6.9,2021,9,September,True
2021-09-25,22.9,14.1,0.0,7.7,New York,18.5,8.8,2021,9,September,False
2021-09-26,21.6,15.8,0.0,24.3,New York,18.7,5.8,2021,9,September,False
2021-09-27,26.2,14.9,0.0,25.5,New York,20.6,11.3,2021,9,September,False
2021-09-28,22.7,16.7,15.3,19.4,New York,19.7,6.0,2021,9,September,True
2021-09-29,20.4,11.7,0.1,22.2,New York,16.0,8.7,2021,9,September,True
2021-09-30,19.2,13.4,0.0,20.7,New York,16.3,5.8,2021,9,September,False
2021-10-01,19.7,9.9,0.0,12.6,New York,14.8,9.8,2021,10,October,False
2021-10-02,24.1,11.0,0.0,17.7,New York,17.6,13.1,2021,10,October,False
2021-10-03,26.2,13.1,0.0,13.6,New York,19.6,13.1,2021,10,October,False
2021-10-04,21.4,16.9,22.8,19.2,New York,19.2,4.5,2021,10,October,True
2021-10-05,20.2,15.4,0.0,15.9,New York,17.8,4.8,2021,10,October,False
2021-10-06,20.6,16.3,0.0,6.9,New York,18.5,4.3,2021,10,October,False
2021-10-07,22.6,16.3,0.4,11.0,New York,19.5,6.3,2021,10,October,True
2021-10-08,24.1,14.2,0.0,12.6,New York,19.2,9.9,2021,10,October,False
2021-10-09,20.5,15.5,0.4,22.3,New York,18.0,5.0,2021,10,October,True
2021-10-10,19.1,16.7,2.8,28.1,New York,17.9,2.4,2021,10,October,True
2021-10-11,21.7,16.6,0.0,27.8,New York,19.2,5.1,2021,10,October,False
2021-10-12,21.7,15.6,0.0,12.8,New York,18.6,6.1,2021,10,October,False
2021-10-13,21.9,15.2,0.1,12.9,New York,18.5,6.7,2021,10,October,True
2021-10-14,25.2,15.5,0.0,16.8,New York,20.4,9.7,2021,10,October,False
2021-10-15,25.2,15.1,0.0,18.5,New York,20.2,10.1,2021,10,October,False
2021-10-16,24.8,15.3,17.8,27.9,New York,20.0,9.5,2021,10,October,True
2021-10-17,17.6,11.4,0.2,24.5,New York,14.5,6.2,2021,10,October,True
2021-10-18,16.2,9.3,0.0,33.5,New York,12.8,6.9,2021,10,October,False
2021-10-19,19.3,8.5,0.0,24.9,New York,13.9,10.8,2021,10,October,False
2021-10-20,24.5,13.9,0.0,21.1,New York,19.2,10.6,2021,10,October,False
2021-10-21,23.3,12.0,0.0,17.8,New York,17.6,11.3,2021,10,October,False
2021-10-22,20.5,14.5,0.0,17.9,New York,17.5,6.0,2021,10,October,False
2021-10-23,16.4,10.8,0.4,14.9,New York,13.6,5.6,2021,10,October,True
2021-10-24,15.7,7.5,0.7,13.0,New York,11.6,8.2,2021,10,October,True
2021-10-25,23.4,14.1,10.9,20.1,New York,18.8,9.3,2021,10,October,True
2021-10-26,17.3,13.9,78.8,31.3,New York,15.6,3.4,2021,10,October,True
2021-10-27,16.4,12.3,6.8,36.5,New York,14.4,4.1,2021,10,October,True
2021-10-28,15.3,8.3,0.0,20.2,New York,11.8,7.0,2021,10,October,False
2021-10-29,14.4,9.0,9.3,38.0,New York,11.7,5.4,2021,10,October,True
2021-10-30,18.0,12.6,6.7,40.9,New York,15.3,5.4,2021,10,October,True
2021-10-31,18.5,12.6,5.9,22.1,New York,15.6,5.9,2021,10,October,True
2021-11-01,14.8,8.1,0.0,21.9,New York,11.4,6.7,2021,11,November,False
2021-11-02,11.6,7.3,0.7,14.6,New York,9.4,4.3,2021,11,November,True
2021-11-03,11.1,3.7,0.1,17.1,New York,7.4,7.4,2021,11,November,True
2021-11-04,10.0,2.9,0.0,10.3,New York,6.4,7.1,2021,11,November,False
2021-11-05,10.9,3.5,0.0,15.5,New York,7.2,7.4,2021,11,November,False
2021-11-06,10.7,3.2,0.0,9.5,New York,7.0,7.5,2021,11,November,False
2021-11-07,12.1,2.9,0.0,11.2,New York,7.5,9.2,2021,11,November,False
2021-11-08,16.8,6.8,0.0,19.2,New York,11.8,10.0,2021,11,November,False
2021-11-09,19.7,6.1,0.0,10.1,New York,12.9,13.6,2021,11,November,False
2021-11-10,17.5,7.9,0.4,22.5,New York,12.7,9.6,2021,11,November,True
2021-11-11,15.3,4.2,0.4,25.1,New York,9.8,11.1,2021,11,November,True
2021-11-12,18.7,8.9,16.1,40.7,New York,13.8,9.8,2021,11,November,True
2021-11-13,16.3,5.1,3.8,37.8,New York,10.7,11.2,2021,11,November,True
2021-11-14,8.6,3.1,0.7,20.7,New York,5.8,5.5,2021,11,November,True
2021-11-15,8.9,2.2,1.1,31.0,New York,5.6,6.7,2021,11,November,True
2021-11-16,9.8,2.1,0.0,21.3,New York,6.0,7.7,2021,11,November,False
2021-11-17,12.5,0.6,0.0,21.6,New York,6.6,11.9,2021,11,November,False
2021-11-18,19.2,9.7,2.6,24.0,New York,14.4,9.5,2021,11,November,True
2021-11-19,10.0,3.9,3.0,29.8,New York,7.0,6.1,2021,11,November,True
2021-11-20,6.9,0.4,0.0,15.5,New York,3.6,6.5,2021,11,November,False
2021-11-21,12.1,5.0,0.7,20.5,New York,8.6,7.1,2021,11,November,True
2021-11-22,11.5,2.7,1.4,23.5,New York,7.1,8.8,2021,11,November,True
2021-11-23,5.7,-0.2,0.5,28.6,New York,2.8,5.9,2021,11,November,True
2021-11-24,7.3,-1.4,0.0,18.2,New York,3.0,8.7,2021,11,November,False
2021-11-25,11.5,1.3,0.0,11.8,New York,6.4,10.2,2021,11,November,False
2021-11-26,7.7,1.9,8.4,29.7,New York,4.8,5.8,2021,11,November,True
2021-11-27,4.8,0.7,0.0,30.4,New York,2.8,4.1,2021,11,November,False
2021-11-28,4.7,0.5,2.0,10.9,New York,2.6,4.2,2021,11,November,True
2021-11-29,6.1,-0.5,0.3,21.6,New York,2.8,6.6,2021,11,November,True
2021-11-30,5.0,-2.4,0.2,19.0,New York,1.3,7.4,2021,11,November,True
2021-12-01,8.8,1.3,0.1,16.6,New York,5.1,7.5,2021,12,December,True
2021-12-02,13.8,5.9,2.1,28.1,New York,9.9,7.9,2021,12,December,True
2021-12-03,9.6,1.3,0.0,27.7,New York,5.4,8.3,2021,12,December,False
2021-12-04,8.6,0.6,0.0,13.7,New York,4.6,8.0,2021,12,December,False
2021-12-05,7.8,0.2,0.0,15.2,New York,4.0,7.6,2021,12,December,False
2021-12-06,16.5,8.6,5.5,36.0,New York,12.6,7.9,2021,12,December,True
2021-12-07,9.0,1.0,0.1,28.3,New York,5.0,8.0,2021,12,December,True
2021-12-08,5.0,0.7,0.5,14.7,New York,2.8,4.3,2021,12,December,True
2021-12-09,3.9,-1.7,0.0,19.7,New York,1.1,5.6,2021,12,December,False
2021-12-10,8.7,1.9,0.0,10.7,New York,5.3,6.8,2021,12,December,False
2021-12-11,17.6,5.2,6.0,35.7,New York,11.4,12.4,2021,12,December,True
2021-12-12,12.9,3.6,0.9,34.2,New York,8.2,9.3,2021,12,December,True
2021-12-13,10.5,2.2,0.0,20.1,New York,6.4,8.3,2021,12,December,False
2021-12-14,10.7,2.4,0.0,18.9,New York,6.6,8.3,2021,12,December,False
2021-12-15,10.5,1.6,1.0,22.9,New York,6.0,8.9,2021,12,December,True
2021-12-16,14.8,10.1,0.0,24.1,New York,12.4,4.7,2021,12,December,False
2021-12-17,14.4,6.3,0.0,22.0,New York,10.4,8.1,2021,12,December,False
2021-12-18,7.0,4.7,3.7,12.7,New York,5.8,2.3,2021,12,December,True
2021-12-19,7.5,-1.4,0.4,27.6,New York,3.0,8.9,2021,12,December,True
2021-12-20,2.0,-4.3,0.0,17.9,New York,-1.2,6.3,2021,12,December,False
2021-12-21,5.8,-2.0,0.1,13.8,New York,1.9,7.8,2021,12,December,True
2021-12-22,8.3,0.3,4.1,26.7,New York,4.3,8.0,2021,12,December,True
2021-12-23,2.5,-2.1,0.0,19.6,New York,0.2,4.6,2021,12,December,False
2021-12-24,6.0,-1.4,2.0,14.8,New York,2.3,7.4,2021,12,December,True
2021-12-25,9.2,0.7,4.7,14.4,New York,4.9,8.5,2021,12,December,True
2021-12-26,9.0,3.4,0.2,23.5,New York,6.2,5.6,2021,12,December,True
2021-12-27,2.9,-1.2,1.7,13.7,New York,0.8,4.1,2021,12,December,True
2021-12-28,8.6,2.9,0.4,13.0,New York,5.8,5.7,2021,12,December,True
2021-12-29,8.0,4.5,10.6,12.4,New York,6.2,3.5,2021,12,December,True
2021-12-30,8.8,5.2,3.1,11.2,New York,7.0,3.6,2021,12,December,True
2021-12-31,11.4,6.9,1.2,15.1,New York,9.2,4.5,2021,12,December,True
2022-01-01,11.8,7.7,17.4,12.9,New York,9.8,4.1,2022,1,January,True
2022-01-02,13.9,2.9,17.9,26.6,New York,8.4,11.0,2022,1,January,True
2022-01-03,2.3,-4.1,1.9,30.9,New York,-0.9,6.4,2022,1,January,True
2022-01-04,0.9,-6.4,0.0,21.4,New York,-2.8,7.3,2022,1,January,False
2022-01-05,7.2,-1.9,0.3,23.0,New York,2.7,9.1,2022,1,January,True
2022-01-06,4.4,0.1,0.0,19.8,New York,2.2,4.3,2022,1,January,False
2022-01-07,-0.1,-5.5,9.0,25.5,New York,-2.8,5.4,2022,1,January,True
2022-01-08,-2.4,-8.7,0.0,20.8,New York,-5.6,6.3,2022,1,January,False
2022-01-09,4.2,-4.8,5.0,24.0,New York,-0.3,9.0,2022,1,January,True
2022-01-10,4.3,-3.8,0.0,26.3,New York,0.2,8.1,2022,1,January,False
2022-01-11,-4.0,-8.5,0.0,28.0,New York,-6.2,4.5,2022,1,January,False
2022-01-12,4.9,-7.2,0.0,22.0,New York,-1.2,12.1,2022,1,January,False
2022-01-13,7.2,-3.1,0.0,10.0,New York,2.0,10.3,2022,1,January,False
2022-01-14,5.3,-4.3,0.0,36.4,New York,0.5,9.6,2022,1,January,False
2022-01-15,-5.0,-10.9,0.0,22.9,New York,-8.0,5.9,2022,1,January,False
2022-01-16,2.3,-13.0,4.6,30.0,New York,-5.4,15.3,2022,1,January,True
2022-01-17,9.4,0.4,35.8,54.0,New York,4.9,9.0,2022,1,January,True
2022-01-18,2.3,-4.9,0.0,31.4,New York,-1.3,7.2,2022,1,January,False
2022-01-19,7.9,-4.2,0.0,24.8,New York,1.8,12.1,2022,1,January,False
2022-01-20,5.5,-5.2,7.1,23.6,New York,0.1,10.7,2022,1,January,True
2022-01-21,-5.0,-11.2,0.0,23.3,New York,-8.1,6.2,2022,1,January,False
2022-01-22,-1.3,-11.9,0.0,19.8,New York,-6.6,10.6,2022,1,January,False
2022-01-23,3.0,-5.9,0.3,14.4,New York,-1.5,8.9,2022,1,January,True
2022-01-24,0.5,-2.7,0.2,15.1,New York,-1.1,3.2,2022,1,January,True
2022-01-25,6.7,-3.6,0.0,17.1,New York,1.6,10.3,2022,1,January,False
2022-01-26,-2.8,-7.6,0.0,21.6,New York,-5.2,4.8,2022,1,January,False
2022-01-27,0.1,-9.1,0.0,18.7,New York,-4.5,9.2,2022,1,January,False
2022-01-28,0.9,-2.8,2.5,19.6,New York,-1.0,3.7,2022,1,January,True
2022-01-29,-1.6,-12.5,18.6,43.9,New York,-7.0,10.9,2022,1,January,True
2022-01-30,-6.0,-13.5,0.0,29.0,New York,-9.8,7.5,2022,1,January,False
2022-01-31,-3.2,-17.3,0.0,13.4,New York,-10.2,14.1,2022,1,January,False
2022-02-01,-1.4,-13.3,0.0,12.4,New York,-7.4,11.9,2022,2,February,False
2022-02-02,3.8,-7.0,0.0,11.1,New York,-1.6,10.8,2022,2,February,False
2022-02-03,9.6,2.5,12.5,15.7,New York,6.0,7.1,2022,2,February,True
2022-02-04,11.9,-1.9,24.0,29.0,New York,5.0,13.8,2022,2,February,True
2022-02-05,-1.6,-6.6,0.4,27.8,New York,-4.1,5.0,2022,2,February,True
2022-02-06,-1.2,-8.6,0.0,16.8,New York,-4.9,7.4,2022,2,February,False
2022-02-07,2.8,-4.5,4.6,14.4,New York,-0.8,7.3,2022,2,February,True
2022-02-08,8.3,-1.1,4.3,24.4,New York,3.6,9.4,2022,2,February,True
2022-02-09,5.0,-4.6,0.0,17.6,New York,0.2,9.6,2022,2,February,False
2022-02-10,11.3,-0.3,0.1,32.2,New York,5.5,11.6,2022,2,February,True
2022-02-11,12.4,-3.5,0.0,27.2,New York,4.4,15.9,2022,2,February,False
2022-02-12,13.7,6.2,0.0,25.4,New York,10.0,7.5,2022,2,February,False
2022-02-13,5.3,-3.0,5.7,19.4,New York,1.2,8.3,2022,2,February,True
2022-02-14,-3.1,-10.0,0.0,27.6,New York,-6.6,6.9,2022,2,February,False
2022-02-15,-0.1,-9.0,0.0,13.5,New York,-4.6,8.9,2022,2,February,False
2022-02-16,6.5,-4.8,0.0,21.3,New York,0.8,11.3,2022,2,February,False
2022-02-17,17.2,5.5,1.9,33.4,New York,11.4,11.7,2022,2,February,True
2022-02-18,15.7,-2.6,12.9,44.6,New York,6.6,18.3,2022,2,February,True
2022-02-19,3.9,-5.4,0.4,36.4,New York,-0.8,9.3,2022,2,February,True
2022-02-20,2.9,-6.3,0.0,25.2,New York,-1.7,9.2,2022,2,February,False
2022-02-21,10.1,-1.8,0.0,19.8,New York,4.1,11.9,2022,2,February,False
2022-02-22,14.6,0.5,5.1,40.7,New York,7.6,14.1,2022,2,February,True
2022-02-23,19.2,3.9,0.1,29.7,New York,11.5,15.3,2022,2,February,True
2022-02-24,2.5,-1.5,0.0,23.5,New York,0.5,4.0,2022,2,February,False
2022-02-25,6.9,-1.9,20.0,30.0,New York,2.5,8.8,2022,2,February,True
2022-02-26,3.3,-6.4,0.0,28.4,New York,-1.6,9.7,2022,2,February,False
2022-02-27,8.3,-3.6,0.0,33.2,New York,2.4,11.9,2022,2,February,False
2022-02-28,1.8,-4.5,0.0,23.0,New York,-1.4,6.3,2022,2,February,False
2022-03-01,6.2,-3.5,0.2,24.6,New York,1.4,9.7,2022,3,March,True
2022-03-02,10.8,1.2,0.0,17.4,New York,6.0,9.6,2022,3,March,False
2022-03-03,5.7,-2.7,3.5,25.5,New York,1.5,8.4,2022,3,March,True
2022-03-04,3.5,-6.9,0.0,21.3,New York,-1.7,10.4,2022,3,March,False
2022-03-05,5.6,-4.3,0.1,20.1,New York,0.6,9.9,2022,3,March,True
2022-03-06,19.7,3.4,2.0,31.6,New York,11.5,16.3,2022,3,March,True
2022-03-07,23.3,11.3,3.6,38.8,New York,17.3,12.0,2022,3,March,True
2022-03-08,13.4,2.0,0.0,34.8,New York,7.7,11.4,2022,3,March,False
2022-03-09,4.0,1.2,15.4,19.1,New York,2.6,2.8,2022,3,March,True
2022-03-10,9.0,-1.7,0.0,12.7,New York,3.6,10.7,2022,3,March,False
2022-03-11,10.8,-0.5,0.0,22.0,New York,5.2,11.3,2022,3,March,False
2022-03-12,6.8,-4.1,15.4,37.1,New York,1.4,10.9,2022,3,March,True
2022-03-13,3.1,-5.9,0.2,34.4,New York,-1.4,9.0,2022,3,March,True
2022-03-14,13.5,-2.4,0.0,21.7,New York,5.6,15.9,2022,3,March,False
2022-03-15,16.0,3.4,0.0,22.3,New York,9.7,12.6,2022,3,March,False
2022-03-16,16.7,3.4,0.1,19.8,New York,10.0,13.3,2022,3,March,True
2022-03-17,12.2,4.1,6.6,18.6,New York,8.1,8.1,2022,3,March,True
2022-03-18,21.0,7.6,0.0,16.9,New York,14.3,13.4,2022,3,March,False
2022-03-19,17.9,7.0,3.3,18.8,New York,12.4,10.9,2022,3,March,True
2022-03-20,15.3,7.2,0.1,28.8,New York,11.2,8.1,2022,3,March,True
2022-03-21,16.0,5.2,0.0,30.3,New York,10.6,10.8,2022,3,March,False
2022-03-22,13.3,4.7,0.0,24.3,New York,9.0,8.6,2022,3,March,False
2022-03-23,8.1,1.7,3.0,20.9,New York,4.9,6.4,2022,3,March,True
2022-03-24,9.9,3.9,23.1,26.4,New York,6.9,6.0,2022,3,March,True
2022-03-25,16.2,4.9,6.1,29.3,New York,10.6,11.3,2022,3,March,True
2022-03-26,10.4,5.0,5.8,20.5,New York,7.7,5.4,2022,3,March,True
2022-03-27,8.0,-0.5,0.3,27.0,New York,3.8,8.5,2022,3,March,True
2022-03-28,0.5,-5.1,0.1,32.3,New York,-2.3,5.6,2022,3,March,True
2022-03-29,3.5,-5.0,0.0,30.6,New York,-0.8,8.5,2022,3,March,False
2022-03-30,5.9,-3.3,0.0,18.0,New York,1.3,9.2,2022,3,March,False
2022-03-31,19.2,3.9,5.0,36.3,New York,11.5,15.3,2022,3,March,True
2022-04-01,15.4,5.6,1.9,34.6,New York,10.5,9.8,2022,4,April,True
2022-04-02,11.4,1.6,0.0,28.2,New York,6.5,9.8,2022,4,April,False
2022-04-03,8.8,3.7,3.5,22.7,New York,6.2,5.1,2022,4,April,True
2022-04-04,12.5,2.9,0.1,25.0,New York,7.7,9.6,2022,4,April,True
2022-04-05,12.3,1.5,1.9,17.2,New York,6.9,10.8,2022,4,April,True
2022-04-06,12.9,6.6,19.9,33.6,New York,9.8,6.3,2022,4,April,True
2022-04-07,11.4,6.2,58.2,38.6,New York,8.8,5.2,2022,4,April,True
2022-04-08,16.9,7.1,13.8,22.4,New York,12.0,9.8,2022,4,April,True
2022-04-09,14.2,5.4,5.6,22.1,New York,9.8,8.8,2022,4,April,True
2022-04-10,10.2,3.8,0.0,31.2,New York,7.0,6.4,2022,4,April,False
2022-04-11,13.0,2.2,0.0,19.4,New York,7.6,10.8,2022,4,April,False
2022-04-12,20.9,7.8,1.6,19.7,New York,14.4,13.1,2022,4,April,True
2022-04-13,18.6,7.5,0.0,18.6,New York,13.0,11.1,2022,4,April,False
2022-04-14,28.8,14.3,0.1,27.1,New York,21.6,14.5,2022,4,April,True
2022-04-15,19.9,6.4,0.1,27.3,New York,13.2,13.5,2022,4,April,True
2022-04-16,20.0,7.5,4.1,26.0,New York,13.8,12.5,2022,4,April,True
2022-04-17,10.4,4.3,0.6,31.0,New York,7.4,6.1,2022,4,April,True
2022-04-18,10.3,1.7,7.0,30.2,New York,6.0,8.6,2022,4,April,True
2022-04-19,11.5,4.9,27.6,42.5,New York,8.2,6.6,2022,4,April,True
2022-04-20,14.2,3.5,0.0,26.6,New York,8.8,10.7,2022,4,April,False
2022-04-21,13.2,5.0,0.3,34.2,New York,9.1,8.2,2022,4,April,True
2022-04-22,18.5,8.5,0.0,22.3,New York,13.5,10.0,2022,4,April,False
2022-04-23,14.8,6.7,0.0,14.2,New York,10.8,8.1,2022,4,April,False
2022-04-24,15.8,7.3,0.0,25.4,New York,11.6,8.5,2022,4,April,False
2022-04-25,14.7,6.3,0.0,22.4,New York,10.5,8.4,2022,4,April,False
2022-04-26,16.5,10.0,4.1,12.5,New York,13.2,6.5,2022,4,April,True
2022-04-27,13.4,5.2,0.8,31.8,New York,9.3,8.2,2022,4,April,True
2022-04-28,12.6,3.3,0.0,34.7,New York,8.0,9.3,2022,4,April,False
2022-04-29,15.5,3.4,0.0,28.4,New York,9.4,12.1,2022,4,April,False
2022-04-30,17.9,4.4,0.0,20.1,New York,11.1,13.5,2022,4,April,False
2022-05-01,18.8,5.5,1.0,17.9,New York,12.2,13.3,2022,5,May,True
2022-05-02,15.1,10.0,2.8,16.5,New York,12.6,5.1,2022,5,May,True
2022-05-03,18.6,7.4,0.0,22.7,New York,13.0,11.2,2022,5,May,False
2022-05-04,20.7,9.4,5.3,18.1,New York,15.0,11.3,2022,5,May,True
2022-05-05,22.0,11.3,0.0,17.6,New York,16.6,10.7,2022,5,May,False
2022-05-06,14.2,9.7,21.7,13.7,New York,12.0,4.5,2022,5,May,True
2022-05-07,10.6,7.0,28.6,33.0,New York,8.8,3.6,2022,5,May,True
2022-05-08,13.0,7.1,2.4,30.4,New York,10.0,5.9,2022,5,May,True
2022-05-09,18.9,6.0,0.0,24.4,New York,12.4,12.9,2022,5,May,False
2022-05-10,20.1,8.0,0.0,24.1,New York,14.0,12.1,2022,5,May,False
2022-05-11,21.3,8.9,0.0,23.3,New York,15.1,12.4,2022,5,May,False
2022-05-12,21.1,10.9,0.0,16.1,New York,16.0,10.2,2022,5,May,False
2022-05-13,21.5,14.0,1.8,14.1,New York,17.8,7.5,2022,5,May,True
2022-05-14,20.8,14.2,7.0,15.8,New York,17.5,6.6,2022,5,May,True
2022-05-15,24.9,14.5,1.0,21.0,New York,19.7,10.4,2022,5,May,True
2022-05-16,23.3,15.5,6.9,24.9,New York,19.4,7.8,2022,5,May,True
2022-05-17,23.3,11.8,0.0,32.5,New York,17.6,11.5,2022,5,May,False
2022-05-18,21.5,11.5,0.0,18.2,New York,16.5,10.0,2022,5,May,False
2022-05-19,22.0,12.6,14.1,13.3,New York,17.3,9.4,2022,5,May,True
2022-05-20,21.6,11.1,5.8,22.3,New York,16.4,10.5,2022,5,May,True
2022-05-21,32.3,16.3,0.0,20.8,New York,24.3,16.0,2022,5,May,False
2022-05-22,30.8,20.7,1.1,18.9,New York,25.8,10.1,2022,5,May,True
2022-05-23,22.7,15.7,0.0,22.6,New York,19.2,7.0,2022,5,May,False
2022-05-24,19.4,13.5,0.1,19.5,New York,16.4,5.9,2022,5,May,True
2022-05-25,19.2,11.3,0.0,19.1,New York,15.2,7.9,2022,5,May,False
2022-05-26,19.8,11.2,0.0,25.4,New York,15.5,8.6,2022,5,May,False
2022-05-27,23.9,16.4,12.3,23.6,New York,20.2,7.5,2022,5,May,True
2022-05-28,23.3,18.0,6.8,21.3,New York,20.6,5.3,2022,5,May,True
2022-05-29,24.7,14.0,0.0,17.6,New York,19.4,10.7,2022,5,May,False
2022-05-30,29.2,15.2,0.0,24.7,New York,22.2,14.0,2022,5,May,False
2022-05-31,33.8,21.1,0.0,17.1,New York,27.4,12.7,2022,5,May,False
2022-06-01,21.7,15.9,8.8,19.1,New York,18.8,5.8,2022,6,June,True
2022-06-02,27.0,16.2,7.5,13.7,New York,21.6,10.8,2022,6,June,True
2022-06-03,24.5,18.5,2.2,19.4,New York,21.5,6.0,2022,6,June,True
2022-06-04,26.6,13.6,0.0,23.1,New York,20.1,13.0,2022,6,June,False
2022-06-05,24.0,13.3,0.0,19.1,New York,18.6,10.7,2022,6,June,False
2022-06-06,26.2,13.3,0.0,23.5,New York,19.8,12.9,2022,6,June,False
2022-06-07,24.7,14.6,0.9,34.2,New York,19.6,10.1,2022,6,June,True
2022-06-08,29.5,19.4,0.4,22.3,New York,24.4,10.1,2022,6,June,True
2022-06-09,28.3,19.0,9.4,29.2,New York,23.6,9.3,2022,6,June,True
2022-06-10,26.3,15.1,0.0,23.6,New York,20.7,11.2,2022,6,June,False
2022-06-11,24.4,15.8,0.8,11.2,New York,20.1,8.6,2022,6,June,True
2022-06-12,22.9,16.1,8.3,24.5,New York,19.5,6.8,2022,6,June,True
2022-06-13,27.7,17.4,4.6,15.5,New York,22.5,10.3,2022,6,June,True
2022-06-14,28.0,19.0,0.0,23.7,New York,23.5,9.0,2022,6,June,False
2022-06-15,27.0,17.6,0.0,27.6,New York,22.3,9.4,2022,6,June,False
2022-06-16,23.2,17.7,13.1,30.0,New York,20.4,5.5,2022,6,June,True
2022-06-17,32.1,19.5,0.0,31.3,New York,25.8,12.6,2022,6,June,False
2022-06-18,22.0,15.7,0.0,31.9,New York,18.8,6.3,2022,6,June,False
2022-06-19,22.3,12.8,0.0,32.5,New York,17.6,9.5,2022,6,June,False
2022-06-20,26.6,13.2,0.0,18.9,New York,19.9,13.4,2022,6,June,False
2022-06-21,26.6,14.3,2.1,13.5,New York,20.5,12.3,2022,6,June,True
2022-06-22,20.5,17.0,2.7,25.5,New York,18.8,3.5,2022,6,June,True
2022-06-23,22.4,16.1,1.0,17.4,New York,19.2,6.3,2022,6,June,True
2022-06-24,26.0,14.9,0.6,21.3,New York,20.4,11.1,2022,6,June,True
2022-06-25,32.6,18.2,0.0,23.3,New York,25.4,14.4,2022,6,June,False
2022-06-26,30.9,20.1,0.0,32.4,New York,25.5,10.8,2022,6,June,False
2022-06-27,26.7,19.8,8.5,24.0,New York,23.2,6.9,2022,6,June,True
2022-06-28,28.0,19.3,0.2,16.0,New York,23.6,8.7,2022,6,June,True
2022-06-29,29.2,17.3,0.0,29.7,New York,23.2,11.9,2022,6,June,False
2022-06-30,31.8,17.6,0.0,23.0,New York,24.7,14.2,2022,6,June,False
2022-07-01,33.9,20.5,0.0,33.9,New York,27.2,13.4,2022,7,July,False
2022-07-02,30.4,23.1,14.6,20.9,New York,26.8,7.3,2022,7,July,True
2022-07-03,31.2,21.4,0.1,17.0,New York,26.3,9.8,2022,7,July,True
2022-07-04,30.2,18.1,0.0,19.1,New York,24.2,12.1,2022,7,July,False
2022-07-05,30.4,20.3,0.9,32.5,New York,25.4,10.1,2022,7,July,True
2022-07-06,31.9,21.9,0.1,21.4,New York,26.9,10.0,2022,7,July,True
2022-07-07,27.1,20.5,0.0,23.7,New York,23.8,6.6,2022,7,July,False
2022-07-08,29.1,19.7,1.4,17.0,New York,24.4,9.4,2022,7,July,True
2022-07-09,29.8,20.9,0.0,24.2,New York,25.4,8.9,2022,7,July,False
2022-07-10,27.4,18.8,0.0,23.2,New York,23.1,8.6,2022,7,July,False
2022-07-11,28.6,17.7,0.0,35.2,New York,23.2,10.9,2022,7,July,False
2022-07-12,34.0,19.6,0.6,36.2,New York,26.8,14.4,2022,7,July,True
2022-07-13,32.9,21.6,0.0,30.0,New York,27.2,11.3,2022,7,July,False
2022-07-14,31.7,21.7,0.3,20.8,New York,26.7,10.0,2022,7,July,True
2022-07-15,28.6,20.7,0.1,20.1,New York,24.6,7.9,2022,7,July,True
2022-07-16,27.9,20.4,13.1,17.7,New York,24.2,7.5,2022,7,July,True
2022-07-17,28.1,20.2,1.0,19.2,New York,24.2,7.9,2022,7,July,True
2022-07-18,30.2,22.6,13.0,24.7,New York,26.4,7.6,2022,7,July,True
2022-07-19,33.8,21.5,0.0,22.2,New York,27.6,12.3,2022,7,July,False
2022-07-20,34.1,22.6,0.0,20.7,New York,28.4,11.5,2022,7,July,False
2022-07-21,33.8,24.8,2.6,25.2,New York,29.3,9.0,2022,7,July,True
2022-07-22,34.3,21.7,0.0,28.9,New York,28.0,12.6,2022,7,July,False
2022-07-23,34.6,23.1,0.0,25.4,New York,28.8,11.5,2022,7,July,False
2022-07-24,36.1,24.2,0.0,29.2,New York,30.2,11.9,2022,7,July,False
2022-07-25,31.6,25.3,24.0,25.5,New York,28.4,6.3,2022,7,July,True
2022-07-26,29.0,20.2,0.1,21.1,New York,24.6,8.8,2022,7,July,True
2022-07-27,28.3,18.2,0.0,20.2,New York,23.2,10.1,2022,7,July,False
2022-07-28,30.8,22.3,1.3,25.1,New York,26.6,8.5,2022,7,July,True
2022-07-29,30.8,22.4,0.4,18.3,New York,26.6,8.4,2022,7,July,True
2022-07-30,32.3,22.3,0.8,22.0,New York,27.3,10.0,2022,7,July,True
2022-07-31,28.8,19.2,0.0,20.0,New York,24.0,9.6,2022,7,July,False
2022-08-01,26.4,20.9,7.4,22.3,New York,23.6,5.5,2022,8,August,True
2022-08-02,33.5,21.5,0.0,16.9,New York,27.5,12.0,2022,8,August,False
2022-08-03,32.6,21.4,0.0,22.2,New York,27.0,11.2,2022,8,August,False
2022-08-04,33.3,21.4,0.0,29.3,New York,27.4,11.9,2022,8,August,False
2022-08-05,33.0,23.2,0.4,14.0,New York,28.1,9.8,2022,8,August,True
2022-08-06,32.6,23.5,1.2,27.2,New York,28.0,9.1,2022,8,August,True
2022-08-07,34.4,23.8,5.1,27.4,New York,29.1,10.6,2022,8,August,True
2022-08-08,34.7,25.6,0.7,24.0,New York,30.2,9.1,2022,8,August,True
2022-08-09,37.6,26.3,7.1,19.6,New York,32.0,11.3,2022,8,August,True
2022-08-10,32.8,23.2,0.1,23.7,New York,28.0,9.6,2022,8,August,True
2022-08-11,32.4,23.2,0.8,13.5,New York,27.8,9.2,2022,8,August,True
2022-08-12,29.3,21.5,0.0,23.5,New York,25.4,7.8,2022,8,August,False
2022-08-13,27.2,17.9,0.0,22.2,New York,22.5,9.3,2022,8,August,False
2022-08-14,27.1,16.9,0.0,24.9,New York,22.0,10.2,2022,8,August,False
2022-08-15,27.5,18.2,0.1,17.0,New York,22.8,9.3,2022,8,August,True
2022-08-16,28.2,18.4,0.0,26.1,New York,23.3,9.8,2022,8,August,False
2022-08-17,27.1,18.4,0.2,19.6,New York,22.8,8.7,2022,8,August,True
2022-08-18,30.9,17.4,0.1,16.8,New York,24.2,13.5,2022,8,August,True
2022-08-19,31.7,17.9,0.0,28.0,New York,24.8,13.8,2022,8,August,False
2022-08-20,31.8,21.2,0.3,22.2,New York,26.5,10.6,2022,8,August,True
2022-08-21,27.9,20.1,0.0,22.2,New York,24.0,7.8,2022,8,August,False
2022-08-22,24.6,21.7,17.8,15.9,New York,23.2,2.9,2022,8,August,True
2022-08-23,29.2,21.0,5.8,15.6,New York,25.1,8.2,2022,8,August,True
2022-08-24,31.5,19.8,0.0,13.6,New York,25.6,11.7,2022,8,August,False
2022-08-25,31.8,19.5,0.0,20.5,New York,25.6,12.3,2022,8,August,False
2022-08-26,29.6,21.2,16.5,20.7,New York,25.4,8.4,2022,8,August,True
2022-08-27,29.8,20.4,0.0,13.7,New York,25.1,9.4,2022,8,August,False
2022-08-28,27.5,21.8,1.3,19.3,New York,24.6,5.7,2022,8,August,True
2022-08-29,28.6,21.3,0.2,25.5,New York,25.0,7.3,2022,8,August,True
2022-08-30,30.2,21.8,1.7,29.7,New York,26.0,8.4,2022,8,August,True
2022-08-31,29.0,20.8,0.6,22.9,New York,24.9,8.2,2022,8,August,True
2022-09-01,30.1,19.6,0.0,19.5,New York,24.8,10.5,2022,9,September,False
2022-09-02,25.2,15.9,0.0,15.6,New York,20.6,9.3,2022,9,September,False
2022-09-03,26.4,17.8,0.0,18.4,New York,22.1,8.6,2022,9,September,False
2022-09-04,30.4,20.4,1.3,12.6,New York,25.4,10.0,2022,9,September,True
2022-09-05,28.6,21.2,5.2,20.0,New York,24.9,7.4,2022,9,September,True
2022-09-06,22.5,20.4,31.8,22.5,New York,21.4,2.1,2022,9,September,True
2022-09-07,23.0,18.9,2.3,22.3,New York,21.0,4.1,2022,9,September,True
2022-09-08,24.1,18.2,0.1,17.1,New York,21.2,5.9,2022,9,September,True
2022-09-09,26.5,16.5,0.0,11.6,New York,21.5,10.0,2022,9,September,False
2022-09-10,27.6,15.5,0.0,14.7,New York,21.6,12.1,2022,9,September,False
2022-09-11,24.8,18.6,15.5,13.4,New York,21.7,6.2,2022,9,September,True
2022-09-12,28.0,20.6,10.2,15.6,New York,24.3,7.4,2022,9,September,True
2022-09-13,26.1,20.6,6.9,18.0,New York,23.4,5.5,2022,9,September,True
2022-09-14,27.0,16.0,0.0,19.7,New York,21.5,11.0,2022,9,September,False
2022-09-15,22.2,16.0,0.0,18.9,New York,19.1,6.2,2022,9,September,False
2022-09-16,24.3,12.0,0.0,12.2,New York,18.2,12.3,2022,9,September,False
2022-09-17,22.7,17.1,0.0,17.4,New York,19.9,5.6,2022,9,September,False
2022-09-18,29.2,17.3,0.0,20.7,New York,23.2,11.9,2022,9,September,False
2022-09-19,30.2,19.2,1.8,23.9,New York,24.7,11.0,2022,9,September,True
2022-09-20,26.0,18.0,0.0,19.6,New York,22.0,8.0,2022,9,September,False
2022-09-21,26.2,16.2,0.0,20.5,New York,21.2,10.0,2022,9,September,False
2022-09-22,25.5,14.6,7.5,26.9,New York,20.0,10.9,2022,9,September,True
2022-09-23,16.7,10.3,0.0,32.5,New York,13.5,6.4,2022,9,September,False
2022-09-24,20.9,9.7,0.0,19.1,New York,15.3,11.2,2022,9,September,False
2022-09-25,24.5,11.9,2.4,22.7,New York,18.2,12.6,2022,9,September,True
2022-09-26,23.8,13.5,0.0,26.1,New York,18.6,10.3,2022,9,September,False
2022-09-27,21.5,13.5,0.0,21.5,New York,17.5,8.0,2022,9,September,False
2022-09-28,21.1,10.5,0.0,19.0,New York,15.8,10.6,2022,9,September,False
2022-09-29,19.3,11.5,0.0,20.9,New York,15.4,7.8,2022,9,September,False
2022-09-30,16.9,10.8,0.1,17.4,New York,13.8,6.1,2022,9,September,True
2022-10-01,17.6,11.7,21.7,32.3,New York,14.6,5.9,2022,10,October,True
2022-10-02,15.2,10.6,12.6,32.1,New York,12.9,4.6,2022,10,October,True
2022-10-03,12.0,9.1,18.6,30.3,New York,10.6,2.9,2022,10,October,True
2022-10-04,12.9,8.4,187.2,31.9,New York,10.6,4.5,2022,10,October,True
2022-10-05,16.1,12.5,7.7,28.7,New York,14.3,3.6,2022,10,October,True
2022-10-06,22.8,11.2,0.0,12.1,New York,17.0,11.6,2022,10,October,False
2022-10-07,24.2,11.6,0.2,17.0,New York,17.9,12.6,2022,10,October,True
2022-10-08,14.9,7.3,0.5,21.1,New York,11.1,7.6,2022,10,October,True
2022-10-09,16.5,6.1,0.0,19.6,New York,11.3,10.4,2022,10,October,False
2022-10-10,20.0,7.5,0.0,18.3,New York,13.8,12.5,2022,10,October,False
2022-10-11,19.7,7.7,0.0,15.0,New York,13.7,12.0,2022,10,October,False
2022-10-12,19.3,9.2,0.0,25.5,New York,14.2,10.1,2022,10,October,False
2022-10-13,21.0,13.3,5.6,28.2,New York,17.2,7.7,2022,10,October,True
2022-10-14,19.4,10.6,8.5,24.1,New York,15.0,8.8,2022,10,October,True
2022-10-15,19.1,7.8,0.0,25.3,New York,13.4,11.3,2022,10,October,False
2022-10-16,17.8,10.1,0.0,13.7,New York,14.0,7.7,2022,10,October,False
2022-10-17,19.0,10.8,4.1,18.0,New York,14.9,8.2,2022,10,October,True
2022-10-18,13.8,7.5,0.7,17.9,New York,10.6,6.3,2022,10,October,True
2022-10-19,12.4,4.5,0.0,27.0,New York,8.4,7.9,2022,10,October,False
2022-10-20,14.5,5.5,0.0,26.4,New York,10.0,9.0,2022,10,October,False
2022-10-21,16.1,6.0,0.0,11.5,New York,11.0,10.1,2022,10,October,False
2022-10-22,17.8,6.2,0.0,11.7,New York,12.0,11.6,2022,10,October,False
2022-10-23,15.5,10.0,17.6,20.8,New York,12.8,5.5,2022,10,October,True
2022-10-24,16.5,12.1,12.1,20.8,New York,14.3,4.4,2022,10,October,True
2022-10-25,20.8,14.9,2.6,12.9,New York,17.8,5.9,2022,10,October,True
2022-10-26,21.3,15.8,0.4,16.2,New York,18.6,5.5,2022,10,October,True
2022-10-27,17.5,10.4,0.0,25.6,New York,14.0,7.1,2022,10,October,False
2022-10-28,13.1,6.8,0.0,20.0,New York,10.0,6.3,2022,10,October,False
2022-10-29,14.5,5.2,0.0,11.5,New York,9.8,9.3,2022,10,October,False
2022-10-30,16.2,4.4,0.0,11.2,New York,10.3,11.8,2022,10,October,False
2022-10-31,17.4,10.3,6.6,13.3,New York,13.8,7.1,2022,10,October,True
2022-11-01,19.8,13.2,7.5,15.6,New York,16.5,6.6,2022,11,November,True
2022-11-02,20.1,10.7,0.0,16.3,New York,15.4,9.4,2022,11,November,False
2022-11-03,17.9,8.6,0.0,11.8,New York,13.2,9.3,2022,11,November,False
2022-11-04,19.8,8.2,0.0,13.3,New York,14.0,11.6,2022,11,November,False
2022-11-05,23.1,15.0,0.0,27.3,New York,19.0,8.1,2022,11,November,False
2022-11-06,23.8,17.8,2.8,22.3,New York,20.8,6.0,2022,11,November,True
2022-11-07,24.0,14.6,0.8,25.7,New York,19.3,9.4,2022,11,November,True
2022-11-08,13.5,8.0,0.0,23.5,New York,10.8,5.5,2022,11,November,False
2022-11-09,10.6,4.4,0.0,19.5,New York,7.5,6.2,2022,11,November,False
2022-11-10,17.4,6.9,0.0,13.2,New York,12.1,10.5,2022,11,November,False
2022-11-11,18.9,11.8,25.3,33.5,New York,15.4,7.1,2022,11,November,True
2022-11-12,20.7,14.4,1.8,33.1,New York,17.6,6.3,2022,11,November,True
2022-11-13,14.1,6.1,2.9,27.2,New York,10.1,8.0,2022,11,November,True
2022-11-14,7.7,2.4,0.0,19.3,New York,5.0,5.3,2022,11,November,False
2022-11-15,7.8,1.6,6.0,23.5,New York,4.7,6.2,2022,11,November,True
2022-11-16,11.3,4.2,12.5,28.0,New York,7.8,7.1,2022,11,November,True
2022-11-17,8.4,2.2,0.0,31.2,New York,5.3,6.2,2022,11,November,False
2022-11-18,6.6,0.4,0.2,31.1,New York,3.5,6.2,2022,11,November,True
2022-11-19,4.5,-1.6,0.0,19.7,New York,1.4,6.1,2022,11,November,False
2022-11-20,2.4,-1.9,0.1,34.0,New York,0.2,4.3,2022,11,November,True
2022-11-21,4.2,-3.5,0.0,22.5,New York,0.4,7.7,2022,11,November,False
2022-11-22,9.6,0.3,0.0,20.6,New York,5.0,9.3,2022,11,November,False
2022-11-23,11.8,1.6,0.0,13.0,New York,6.7,10.2,2022,11,November,False
2022-11-24,10.6,1.0,0.0,13.0,New York,5.8,9.6,2022,11,November,False
2022-11-25,12.1,4.8,3.8,25.9,New York,8.4,7.3,2022,11,November,True
2022-11-26,12.4,4.6,0.0,19.7,New York,8.5,7.8,2022,11,November,False
2022-11-27,13.9,5.2,12.2,27.2,New York,9.6,8.7,2022,11,November,True
2022-11-28,12.1,5.0,0.0,27.8,New York,8.6,7.1,2022,11,November,False
2022-11-29,6.3,0.3,0.0,14.0,New York,3.3,6.0,2022,11,November,False
2022-11-30,12.9,1.5,14.9,37.4,New York,7.2,11.4,2022,11,November,True
2022-12-01,6.2,0.5,0.0,28.7,New York,3.4,5.7,2022,12,December,False
2022-12-02,5.2,-3.0,0.0,10.9,New York,1.1,8.2,2022,12,December,False
2022-12-03,13.5,4.3,8.8,33.3,New York,8.9,9.2,2022,12,December,True
2022-12-04,7.0,0.4,0.0,23.2,New York,3.7,6.6,2022,12,December,False
2022-12-05,6.6,-2.5,0.0,11.7,New York,2.0,9.1,2022,12,December,False
2022-12-06,12.5,0.7,11.5,22.6,New York,6.6,11.8,2022,12,December,True
2022-12-07,14.6,11.4,10.5,22.8,New York,13.0,3.2,2022,12,December,True
2022-12-08,11.6,6.0,0.0,20.4,New York,8.8,5.6,2022,12,December,False
2022-12-09,7.1,0.9,0.0,20.6,New York,4.0,6.2,2022,12,December,False
2022-12-10,4.8,-1.4,0.0,18.5,New York,1.7,6.2,2022,12,December,False
2022-12-11,4.3,1.1,10.7,17.7,New York,2.7,3.2,2022,12,December,True
2022-12-12,4.3,-2.1,1.1,22.1,New York,1.1,6.4,2022,12,December,True
2022-12-13,5.0,-4.4,0.0,14.8,New York,0.3,9.4,2022,12,December,False
2022-12-14,4.5,-1.7,0.0,19.5,New York,1.4,6.2,2022,12,December,False
2022-12-15,4.8,-1.4,17.3,30.1,New York,1.7,6.2,2022,12,December,True
2022-12-16,6.7,3.5,14.5,34.9,New York,5.1,3.2,2022,12,December,True
2022-12-17,7.0,1.0,0.3,24.8,New York,4.0,6.0,2022,12,December,True
2022-12-18,4.1,-2.5,0.0,22.3,New York,0.8,6.6,2022,12,December,False
2022-12-19,3.7,-2.2,0.0,23.4,New York,0.8,5.9,2022,12,December,False
2022-12-20,3.8,-2.1,0.0,19.2,New York,0.8,5.9,2022,12,December,False
2022-12-21,3.1,-3.9,0.0,9.3,New York,-0.4,7.0,2022,12,December,False
2022-12-22,6.8,-2.3,9.5,30.4,New York,2.2,9.1,2022,12,December,True
2022-12-23,12.8,-12.7,23.0,46.0,New York,0.1,25.5,2022,12,December,True
2022-12-24,-4.6,-13.5,0.0,35.7,New York,-9.0,8.9,2022,12,December,False
2022-12-25,-1.6,-10.0,0.0,25.2,New York,-5.8,8.4,2022,12,December,False
2022-12-26,-0.9,-8.0,0.0,19.5,New York,-4.4,7.1,2022,12,December,False
2022-12-27,2.9,-4.9,0.0,14.9,New York,-1.0,7.8,2022,12,December,False
2022-12-28,6.8,-3.9,0.0,19.2,New York,1.4,10.7,2022,12,December,False
2022-12-29,8.6,-1.0,0.0,16.0,New York,3.8,9.6,2022,12,December,False
2022-12-30,13.6,1.5,0.0,13.6,New York,7.6,12.1,2022,12,December,False
2022-12-31,11.1,6.0,6.3,13.2,New York,8.6,5.1,2022,12,December,True
2023-01-01,12.0,5.0,2.1,17.4,New York,8.5,7.0,2023,1,January,True
2023-01-02,12.9,4.6,0.5,9.0,New York,8.8,8.3,2023,1,January,True
2023-01-03,12.9,6.3,9.5,19.4,New York,9.6,6.6,2023,1,January,True
2023-01-04,18.0,9.6,2.3,18.2,New York,13.8,8.4,2023,1,January,True
2023-01-05,13.2,7.5,0.0,12.1,New York,10.4,5.7,2023,1,January,False
2023-01-06,8.7,3.3,9.6,16.3,New York,6.0,5.4,2023,1,January,True
2023-01-07,8.3,0.5,0.0,20.2,New York,4.4,7.8,2023,1,January,False
2023-01-08,4.3,-2.3,0.0,13.7,New York,1.0,6.6,2023,1,January,False
2023-01-09,7.3,0.8,1.5,17.9,New York,4.0,6.5,2023,1,January,True
2023-01-10,6.3,0.1,0.0,14.6,New York,3.2,6.2,2023,1,January,False
2023-01-11,3.9,-1.2,0.0,13.8,New York,1.4,5.1,2023,1,January,False
2023-01-12,9.8,-0.6,11.9,21.0,New York,4.6,10.4,2023,1,January,True
2023-01-13,12.7,3.1,1.6,27.1,New York,7.9,9.6,2023,1,January,True
2023-01-14,2.9,-0.5,0.0,26.3,New York,1.2,3.4,2023,1,January,False
2023-01-15,5.2,-1.7,0.0,33.8,New York,1.8,6.9,2023,1,January,False
2023-01-16,8.2,-2.4,0.0,26.3,New York,2.9,10.6,2023,1,January,False
2023-01-17,7.5,-2.0,1.4,13.3,New York,2.8,9.5,2023,1,January,True
2023-01-18,10.8,3.0,1.7,25.5,New York,6.9,7.8,2023,1,January,True
2023-01-19,5.7,2.4,23.5,16.3,New York,4.0,3.3,2023,1,January,True
2023-01-20,9.0,1.9,0.6,30.7,New York,5.4,7.1,2023,1,January,True
2023-01-21,6.2,-1.9,0.2,19.9,New York,2.2,8.1,2023,1,January,True
2023-01-22,5.6,-3.4,5.4,15.8,New York,1.1,9.0,2023,1,January,True
2023-01-23,3.1,1.3,16.9,25.0,New York,2.2,1.8,2023,1,January,True
2023-01-24,7.8,-1.1,0.0,27.7,New York,3.4,8.9,2023,1,January,False
2023-01-25,10.6,-2.4,20.0,44.7,New York,4.1,13.0,2023,1,January,True
2023-01-26,11.9,3.0,14.5,36.0,New York,7.4,8.9,2023,1,January,True
2023-01-27,6.2,-1.6,0.0,19.2,New York,2.3,7.8,2023,1,January,False
2023-01-28,10.9,-0.8,0.0,23.8,New York,5.0,11.7,2023,1,January,False
2023-01-29,10.5,0.2,0.0,22.5,New York,5.4,10.3,2023,1,January,False
2023-01-30,11.7,2.5,0.0,13.2,New York,7.1,9.2,2023,1,January,False
2023-01-31,6.5,0.5,2.5,19.1,New York,3.5,6.0,2023,1,January,True
2023-02-01,3.2,-3.3,1.6,16.5,New York,-0.0,6.5,2023,2,February,True
2023-02-02,4.1,-4.4,0.0,19.1,New York,-0.2,8.5,2023,2,February,False
2023-02-03,0.3,-10.7,0.0,42.2,New York,-5.2,11.0,2023,2,February,False
2023-02-04,-3.9,-16.5,0.0,39.8,New York,-10.2,12.6,2023,2,February,False
2023-02-05,9.2,-4.7,0.0,19.1,New York,2.2,13.9,2023,2,February,False
2023-02-06,10.2,-1.0,0.0,29.2,New York,4.6,11.2,2023,2,February,False
2023-02-07,3.7,-4.1,2.6,21.6,New York,-0.2,7.8,2023,2,February,True
2023-02-08,10.5,1.2,0.7,22.5,New York,5.8,9.3,2023,2,February,True
2023-02-09,11.2,-1.8,0.0,20.9,New York,4.7,13.0,2023,2,February,False
2023-02-10,14.1,6.0,0.0,28.1,New York,10.0,8.1,2023,2,February,False
2023-02-11,6.8,0.5,0.0,23.5,New York,3.6,6.3,2023,2,February,False
2023-02-12,6.9,-0.6,0.8,18.7,New York,3.2,7.5,2023,2,February,True
2023-02-13,13.4,2.5,1.8,23.9,New York,8.0,10.9,2023,2,February,True
2023-02-14,11.4,2.6,0.0,23.2,New York,7.0,8.8,2023,2,February,False
2023-02-15,17.0,3.1,0.0,26.9,New York,10.0,13.9,2023,2,February,False
2023-02-16,19.3,9.3,2.9,17.6,New York,14.3,10.0,2023,2,February,True
2023-02-17,15.4,0.4,8.1,33.8,New York,7.9,15.0,2023,2,February,True
2023-02-18,5.8,-2.7,0.0,28.9,New York,1.5,8.5,2023,2,February,False
2023-02-19,8.2,-0.4,0.0,29.8,New York,3.9,8.6,2023,2,February,False
2023-02-20,15.4,5.6,0.0,25.3,New York,10.5,9.8,2023,2,February,False
2023-02-21,8.4,2.0,7.1,17.8,New York,5.2,6.4,2023,2,February,True
2023-02-22,5.6,-0.8,4.4,15.0,New York,2.4,6.4,2023,2,February,True
2023-02-23,7.8,2.7,0.6,16.1,New York,5.2,5.1,2023,2,February,True
2023-02-24,7.5,-2.1,0.0,35.3,New York,2.7,9.6,2023,2,February,False
2023-02-25,0.3,-5.6,0.7,19.8,New York,-2.6,5.9,2023,2,February,True
2023-02-26,10.2,-3.8,0.0,34.7,New York,3.2,14.0,2023,2,February,False
2023-02-27,5.0,-2.2,3.8,23.7,New York,1.4,7.2,2023,2,February,True
2023-02-28,2.2,-0.6,13.1,24.8,New York,0.8,2.8,2023,2,February,True
2023-03-01,5.9,-2.5,3.4,22.0,New York,1.7,8.4,2023,3,March,True
2023-03-02,13.8,2.3,1.5,23.2,New York,8.0,11.5,2023,3,March,True
2023-03-03,7.5,-1.6,2.8,30.4,New York,3.0,9.1,2023,3,March,True
2023-03-04,7.2,3.3,41.8,38.4,New York,5.2,3.9,2023,3,March,True
2023-03-05,12.3,-0.4,0.0,27.4,New York,6.0,12.7,2023,3,March,False
2023-03-06,10.2,1.4,0.0,23.1,New York,5.8,8.8,2023,3,March,False
2023-03-07,7.5,1.2,2.7,36.3,New York,4.4,6.3,2023,3,March,True
2023-03-08,9.5,-2.1,0.0,34.6,New York,3.7,11.6,2023,3,March,False
2023-03-09,10.5,-0.5,0.0,22.3,New York,5.0,11.0,2023,3,March,False
2023-03-10,7.5,-1.3,7.3,16.8,New York,3.1,8.8,2023,3,March,True
2023-03-11,7.0,1.8,13.1,25.8,New York,4.4,5.2,2023,3,March,True
2023-03-12,7.9,-1.1,0.0,19.2,New York,3.4,9.0,2023,3,March,False
2023-03-13,5.9,3.7,16.7,20.5,New York,4.8,2.2,2023,3,March,True
2023-03-14,3.4,1.2,12.2,44.3,New York,2.3,2.2,2023,3,March,True
2023-03-15,7.1,0.9,0.0,38.7,New York,4.0,6.2,2023,3,March,False
2023-03-16,13.4,-1.3,0.0,19.9,New York,6.0,14.7,2023,3,March,False
2023-03-17,14.4,2.5,0.0,22.2,New York,8.4,11.9,2023,3,March,False
2023-03-18,11.1,3.1,0.7,26.1,New York,7.1,8.0,2023,3,March,True
2023-03-19,3.8,-2.8,0.0,27.3,New York,0.5,6.6,2023,3,March,False
2023-03-20,10.7,-3.3,0.0,17.8,New York,3.7,14.0,2023,3,March,False
2023-03-21,15.8,-1.0,0.0,20.1,New York,7.4,16.8,2023,3,March,False
2023-03-22,13.3,2.4,0.0,23.1,New York,7.8,10.9,2023,3,March,False
2023-03-23,15.0,5.3,2.8,24.5,New York,10.2,9.7,2023,3,March,True
2023-03-24,13.1,5.7,0.2,19.1,New York,9.4,7.4,2023,3,March,True
2023-03-25,7.5,3.0,11.5,31.4,New York,5.2,4.5,2023,3,March,True
2023-03-26,15.1,3.3,0.0,24.5,New York,9.2,11.8,2023,3,March,False
2023-03-27,14.9,2.6,2.6,23.7,New York,8.8,12.3,2023,3,March,True
2023-03-28,11.2,3.1,0.6,21.1,New York,7.2,8.1,2023,3,March,True
2023-03-29,11.0,-0.1,0.0,24.2,New York,5.4,11.1,2023,3,March,False
2023-03-30,7.6,-1.5,0.1,28.5,New York,3.0,9.1,2023,3,March,True
2023-03-31,10.1,-0.8,0.0,29.4,New York,4.6,10.9,2023,3,March,False
2023-04-01,19.7,9.6,10.1,26.7,New York,14.6,10.1,2023,4,April,True
2023-04-02,10.7,3.3,0.0,35.3,New York,7.0,7.4,2023,4,April,False
2023-04-03,13.4,-0.2,0.0,30.9,New York,6.6,13.6,2023,4,April,False
2023-04-04,18.7,6.0,0.0,16.8,New York,12.4,12.7,2023,4,April,False
2023-04-05,13.6,9.4,0.4,20.5,New York,11.5,4.2,2023,4,April,True
2023-04-06,26.5,10.7,3.3,18.7,New York,18.6,15.8,2023,4,April,True
2023-04-07,14.0,6.9,0.0,21.9,New York,10.4,7.1,2023,4,April,False
2023-04-08,10.4,1.8,0.0,19.9,New York,6.1,8.6,2023,4,April,False
2023-04-09,11.8,1.2,0.0,24.2,New York,6.5,10.6,2023,4,April,False
2023-04-10,17.9,2.2,0.0,18.8,New York,10.0,15.7,2023,4,April,False
2023-04-11,23.0,6.5,0.0,26.0,New York,14.8,16.5,2023,4,April,False
2023-04-12,27.5,15.6,0.0,24.1,New York,21.6,11.9,2023,4,April,False
2023-04-13,31.1,12.0,0.0,20.6,New York,21.6,19.1,2023,4,April,False
2023-04-14,29.6,13.9,0.0,19.2,New York,21.8,15.7,2023,4,April,False
2023-04-15,21.0,14.6,5.0,19.5,New York,17.8,6.4,2023,4,April,True
2023-04-16,21.0,12.3,0.0,17.7,New York,16.6,8.7,2023,4,April,False
2023-04-17,20.1,11.6,3.1,24.5,New York,15.8,8.5,2023,4,April,True
2023-04-18,14.5,7.1,0.1,36.5,New York,10.8,7.4,2023,4,April,True
2023-04-19,17.5,4.3,0.0,24.5,New York,10.9,13.2,2023,4,April,False
2023-04-20,15.9,5.8,0.0,16.2,New York,10.8,10.1,2023,4,April,False
2023-04-21,19.1,8.2,0.0,23.9,New York,13.6,10.9,2023,4,April,False
2023-04-22,19.8,9.9,15.7,30.5,New York,14.8,9.9,2023,4,April,True
2023-04-23,19.2,11.3,18.4,20.6,New York,15.2,7.9,2023,4,April,True
2023-04-24,16.2,6.3,0.0,19.1,New York,11.2,9.9,2023,4,April,False
2023-04-25,15.2,5.6,0.3,13.2,New York,10.4,9.6,2023,4,April,True
2023-04-26,13.9,6.2,0.9,22.1,New York,10.0,7.7,2023,4,April,True
2023-04-27,13.5,7.4,0.7,16.8,New York,10.4,6.1,2023,4,April,True
2023-04-28,13.1,6.8,6.1,23.3,New York,10.0,6.3,2023,4,April,True
2023-04-29,12.3,8.8,59.5,30.7,New York,10.6,3.5,2023,4,April,True
2023-04-30,14.9,10.5,22.2,27.5,New York,12.7,4.4,2023,4,April,True
2023-05-01,15.7,7.6,1.8,38.6,New York,11.6,8.1,2023,5,May,True
2023-05-02,13.5,8.4,0.8,26.9,New York,11.0,5.1,2023,5,May,True
2023-05-03,12.6,5.8,0.7,14.8,New York,9.2,6.8,2023,5,May,True
2023-05-04,14.5,6.4,1.7,16.3,New York,10.4,8.1,2023,5,May,True
2023-05-05,17.2,6.9,3.5,11.9,New York,12.0,10.3,2023,5,May,True
2023-05-06,21.1,6.6,0.0,19.0,New York,13.8,14.5,2023,5,May,False
2023-05-07,23.8,9.3,0.0,22.1,New York,16.6,14.5,2023,5,May,False
2023-05-08,23.7,12.9,0.0,21.2,New York,18.3,10.8,2023,5,May,False
2023-05-09,19.3,9.8,0.0,21.7,New York,14.6,9.5,2023,5,May,False
2023-05-10,21.2,7.2,0.0,19.8,New York,14.2,14.0,2023,5,May,False
2023-05-11,25.4,9.6,0.0,21.7,New York,17.5,15.8,2023,5,May,False
2023-05-12,29.6,13.0,0.0,15.3,New York,21.3,16.6,2023,5,May,False
2023-05-13,27.4,17.6,0.0,19.7,New York,22.5,9.8,2023,5,May,False
2023-05-14,22.9,12.6,0.0,22.0,New York,17.8,10.3,2023,5,May,False
2023-05-15,25.4,9.7,0.0,18.7,New York,17.5,15.7,2023,5,May,False
2023-05-16,27.8,12.8,0.0,24.9,New York,20.3,15.0,2023,5,May,False
2023-05-17,18.8,10.7,0.0,26.4,New York,14.8,8.1,2023,5,May,False
2023-05-18,14.3,6.9,0.0,22.1,New York,10.6,7.4,2023,5,May,False
2023-05-19,19.6,10.5,0.0,33.0,New York,15.0,9.1,2023,5,May,False
2023-05-20,17.6,13.6,26.9,15.9,New York,15.6,4.0,2023,5,May,True
2023-05-21,21.9,13.0,0.6,23.0,New York,17.4,8.9,2023,5,May,True
2023-05-22,23.0,12.3,0.2,20.6,New York,17.6,10.7,2023,5,May,True
2023-05-23,19.5,11.1,0.0,21.5,New York,15.3,8.4,2023,5,May,False
2023-05-24,21.9,9.9,0.7,25.0,New York,15.9,12.0,2023,5,May,True
2023-05-25,19.2,10.1,0.0,25.9,New York,14.6,9.1,2023,5,May,False
2023-05-26,22.3,10.1,0.0,15.3,New York,16.2,12.2,2023,5,May,False
2023-05-27,24.4,9.9,0.0,20.1,New York,17.2,14.5,2023,5,May,False
2023-05-28,23.7,11.7,0.0,19.9,New York,17.7,12.0,2023,5,May,False
2023-05-29,24.7,13.8,0.0,28.5,New York,19.2,10.9,2023,5,May,False
2023-05-30,20.4,11.8,0.0,18.6,New York,16.1,8.6,2023,5,May,False
2023-05-31,22.6,10.8,0.0,15.3,New York,16.7,11.8,2023,5,May,False
2023-06-01,27.4,12.3,0.0,17.4,New York,19.8,15.1,2023,6,June,False
2023-06-02,30.8,15.2,0.0,17.1,New York,23.0,15.6,2023,6,June,False
2023-06-03,20.2,14.1,3.5,22.3,New York,17.2,6.1,2023,6,June,True
2023-06-04,21.5,10.5,0.1,25.0,New York,16.0,11.0,2023,6,June,True
2023-06-05,24.0,11.6,0.0,21.5,New York,17.8,12.4,2023,6,June,False
2023-06-06,25.8,14.6,0.2,33.9,New York,20.2,11.2,2023,6,June,True
2023-06-07,25.1,13.3,0.0,21.3,New York,19.2,11.8,2023,6,June,False
2023-06-08,22.4,10.7,0.0,19.2,New York,16.5,11.7,2023,6,June,False
2023-06-09,22.9,11.7,0.9,20.0,New York,17.3,11.2,2023,6,June,True
2023-06-10,26.4,12.3,0.2,18.1,New York,19.4,14.1,2023,6,June,True
2023-06-11,27.2,16.4,0.0,18.6,New York,21.8,10.8,2023,6,June,False
2023-06-12,24.0,19.3,8.5,27.0,New York,21.6,4.7,2023,6,June,True
2023-06-13,26.4,16.2,0.0,21.6,New York,21.3,10.2,2023,6,June,False
2023-06-14,24.7,14.9,9.5,24.1,New York,19.8,9.8,2023,6,June,True
2023-06-15,26.2,15.0,0.0,20.4,New York,20.6,11.2,2023,6,June,False
2023-06-16,25.9,15.2,10.8,18.8,New York,20.5,10.7,2023,6,June,True
2023-06-17,25.5,14.8,0.1,31.6,New York,20.2,10.7,2023,6,June,True
2023-06-18,26.5,15.8,0.0,19.2,New York,21.2,10.7,2023,6,June,False
2023-06-19,25.3,16.3,1.4,20.0,New York,20.8,9.0,2023,6,June,True
2023-06-20,23.5,16.5,0.0,21.3,New York,20.0,7.0,2023,6,June,False
2023-06-21,22.9,15.5,0.3,23.4,New York,19.2,7.4,2023,6,June,True
2023-06-22,21.1,15.5,0.3,25.0,New York,18.3,5.6,2023,6,June,True
2023-06-23,22.9,17.1,12.4,21.8,New York,20.0,5.8,2023,6,June,True
2023-06-24,25.7,19.3,21.2,16.9,New York,22.5,6.4,2023,6,June,True
2023-06-25,28.6,18.7,1.9,17.9,New York,23.6,9.9,2023,6,June,True
2023-06-26,25.6,19.1,4.6,20.3,New York,22.4,6.5,2023,6,June,True
2023-06-27,26.4,19.4,18.7,18.8,New York,22.9,7.0,2023,6,June,True
2023-06-28,28.7,18.9,2.1,13.8,New York,23.8,9.8,2023,6,June,True
2023-06-29,28.7,16.3,0.0,14.3,New York,22.5,12.4,2023,6,June,False
2023-06-30,29.3,17.1,0.0,21.1,New York,23.2,12.2,2023,6,June,False
2023-07-01,26.9,17.7,0.0,24.7,New York,22.3,9.2,2023,7,July,False
2023-07-02,31.3,20.4,16.1,20.6,New York,25.8,10.9,2023,7,July,True
2023-07-03,31.2,22.4,17.8,16.8,New York,26.8,8.8,2023,7,July,True
2023-07-04,29.4,21.3,5.4,13.2,New York,25.4,8.1,2023,7,July,True
2023-07-05,32.3,21.1,0.0,15.2,New York,26.7,11.2,2023,7,July,False
2023-07-06,31.3,21.5,0.0,20.0,New York,26.4,9.8,2023,7,July,False
2023-07-07,29.7,21.9,0.6,18.4,New York,25.8,7.8,2023,7,July,True
2023-07-08,29.6,22.6,4.4,15.2,New York,26.1,7.0,2023,7,July,True
2023-07-09,27.0,21.6,18.5,14.9,New York,24.3,5.4,2023,7,July,True
2023-07-10,28.7,21.3,1.3,17.2,New York,25.0,7.4,2023,7,July,True
2023-07-11,31.8,17.1,0.0,10.6,New York,24.5,14.7,2023,7,July,False
2023-07-12,33.1,19.7,0.0,16.3,New York,26.4,13.4,2023,7,July,False
2023-07-13,31.9,21.3,0.2,24.4,New York,26.6,10.6,2023,7,July,True
2023-07-14,28.3,21.4,36.6,20.7,New York,24.8,6.9,2023,7,July,True
2023-07-15,29.5,20.5,8.0,16.8,New York,25.0,9.0,2023,7,July,True
2023-07-16,26.0,21.9,41.4,18.2,New York,24.0,4.1,2023,7,July,True
2023-07-17,31.8,20.1,0.1,17.6,New York,26.0,11.7,2023,7,July,True
2023-07-18,29.7,21.4,8.3,17.1,New York,25.5,8.3,2023,7,July,True
2023-07-19,27.6,18.8,3.8,10.9,New York,23.2,8.8,2023,7,July,True
2023-07-20,28.6,20.0,0.5,14.9,New York,24.3,8.6,2023,7,July,True
2023-07-21,29.6,21.9,3.5,15.6,New York,25.8,7.7,2023,7,July,True
2023-07-22,28.5,18.6,0.0,15.1,New York,23.6,9.9,2023,7,July,False
2023-07-23,30.1,17.4,0.5,19.3,New York,23.8,12.7,2023,7,July,True
2023-07-24,28.8,18.6,1.9,23.1,New York,23.7,10.2,2023,7,July,True
2023-07-25,28.7,19.3,9.0,15.1,New York,24.0,9.4,2023,7,July,True
2023-07-26,30.1,17.1,0.4,20.9,New York,23.6,13.0,2023,7,July,True
2023-07-27,33.9,22.3,0.7,27.5,New York,28.1,11.6,2023,7,July,True
2023-07-28,34.3,21.4,0.0,17.3,New York,27.8,12.9,2023,7,July,False
2023-07-29,33.9,23.4,4.3,32.8,New York,28.6,10.5,2023,7,July,True
2023-07-30,26.3,17.7,0.0,19.6,New York,22.0,8.6,2023,7,July,False
2023-07-31,29.5,15.6,0.0,14.9,New York,22.6,13.9,2023,7,July,False
2023-08-01,27.1,17.1,0.0,18.9,New York,22.1,10.0,2023,8,August,False
2023-08-02,27.8,14.6,0.0,16.9,New York,21.2,13.2,2023,8,August,False
2023-08-03,26.4,15.6,0.9,30.0,New York,21.0,10.8,2023,8,August,True
2023-08-04,27.5,18.5,0.9,21.3,New York,23.0,9.0,2023,8,August,True
2023-08-05,30.8,18.3,0.2,12.9,New York,24.6,12.5,2023,8,August,True
2023-08-06,29.9,18.2,0.0,21.8,New York,24.0,11.7,2023,8,August,False
2023-08-07,27.8,22.1,37.9,31.2,New York,25.0,5.7,2023,8,August,True
2023-08-08,27.2,21.6,15.2,30.6,New York,24.4,5.6,2023,8,August,True
2023-08-09,29.5,19.8,0.1,22.4,New York,24.6,9.7,2023,8,August,True
2023-08-10,25.5,18.8,11.9,14.9,New York,22.2,6.7,2023,8,August,True
2023-08-11,29.2,18.2,0.1,20.2,New York,23.7,11.0,2023,8,August,True
2023-08-12,28.2,17.2,8.6,16.6,New York,22.7,11.0,2023,8,August,True
2023-08-13,30.7,21.6,2.9,20.8,New York,26.2,9.1,2023,8,August,True
2023-08-14,30.9,18.8,1.3,20.5,New York,24.8,12.1,2023,8,August,True
2023-08-15,27.1,21.3,20.3,17.5,New York,24.2,5.8,2023,8,August,True
2023-08-16,26.6,20.8,4.0,14.4,New York,23.7,5.8,2023,8,August,True
2023-08-17,25.7,20.4,5.9,20.3,New York,23.0,5.3,2023,8,August,True
2023-08-18,27.0,19.7,3.1,25.3,New York,23.4,7.3,2023,8,August,True
2023-08-19,26.4,15.4,0.0,21.0,New York,20.9,11.0,2023,8,August,False
2023-08-20,29.9,15.2,0.0,14.4,New York,22.5,14.7,2023,8,August,False
2023-08-21,31.1,18.5,0.1,15.1,New York,24.8,12.6,2023,8,August,True
2023-08-22,26.1,18.0,0.0,22.7,New York,22.0,8.1,2023,8,August,False
2023-08-23,25.6,16.0,0.0,18.1,New York,20.8,9.6,2023,8,August,False
2023-08-24,24.5,19.6,2.2,26.4,New York,22.0,4.9,2023,8,August,True
2023-08-25,28.0,20.6,11.1,19.7,New York,24.3,7.4,2023,8,August,True
2023-08-26,30.2,19.9,0.4,14.8,New York,25.0,10.3,2023,8,August,True
2023-08-27,28.4,18.5,0.5,13.3,New York,23.4,9.9,2023,8,August,True
2023-08-28,25.0,18.9,1.1,18.4,New York,22.0,6.1,2023,8,August,True
2023-08-29,27.7,17.8,1.6,13.5,New York,22.8,9.9,2023,8,August,True
2023-08-30,29.6,21.0,0.7,20.7,New York,25.3,8.6,2023,8,August,True
2023-08-31,25.2,17.2,0.0,22.5,New York,21.2,8.0,2023,8,August,False
2023-09-01,24.5,13.7,0.0,13.7,New York,19.1,10.8,2023,9,September,False
2023-09-02,27.0,13.0,0.0,24.2,New York,20.0,14.0,2023,9,September,False
2023-09-03,32.4,18.0,0.3,16.8,New York,25.2,14.4,2023,9,September,True
2023-09-04,33.9,19.9,1.2,18.1,New York,26.9,14.0,2023,9,September,True
2023-09-05,35.4,22.1,0.0,14.1,New York,28.8,13.3,2023,9,September,False
2023-09-06,35.9,23.0,0.0,9.4,New York,29.4,12.9,2023,9,September,False
2023-09-07,35.3,21.6,3.8,18.5,New York,28.4,13.7,2023,9,September,True
2023-09-08,31.7,20.4,14.3,16.1,New York,26.0,11.3,2023,9,September,True
2023-09-09,29.3,20.8,8.5,12.6,New York,25.0,8.5,2023,9,September,True
2023-09-10,24.6,19.6,16.5,10.7,New York,22.1,5.0,2023,9,September,True
2023-09-11,27.7,19.9,4.4,10.5,New York,23.8,7.8,2023,9,September,True
2023-09-12,29.0,19.1,0.2,11.9,New York,24.0,9.9,2023,9,September,True
2023-09-13,26.7,19.8,17.1,11.9,New York,23.2,6.9,2023,9,September,True
2023-09-14,25.0,17.1,0.0,16.9,New York,21.0,7.9,2023,9,September,False
2023-09-15,21.5,13.7,0.0,23.3,New York,17.6,7.8,2023,9,September,False
2023-09-16,24.5,15.2,0.0,22.0,New York,19.8,9.3,2023,9,September,False
2023-09-17,24.3,11.8,0.5,14.8,New York,18.0,12.5,2023,9,September,True
2023-09-18,21.5,16.6,13.9,17.3,New York,19.0,4.9,2023,9,September,True
2023-09-19,23.5,13.4,0.0,21.5,New York,18.4,10.1,2023,9,September,False
2023-09-20,23.5,11.7,0.0,14.3,New York,17.6,11.8,2023,9,September,False
2023-09-21,22.8,11.6,0.0,13.0,New York,17.2,11.2,2023,9,September,False
2023-09-22,22.4,13.0,0.0,22.6,New York,17.7,9.4,2023,9,September,False
2023-09-23,16.2,13.6,42.3,31.4,New York,14.9,2.6,2023,9,September,True
2023-09-24,19.8,16.0,17.3,31.9,New York,17.9,3.8,2023,9,September,True
2023-09-25,17.3,14.4,17.5,30.8,New York,15.8,2.9,2023,9,September,True
2023-09-26,17.0,13.4,8.5,24.6,New York,15.2,3.6,2023,9,September,True
2023-09-27,17.8,9.4,0.0,19.4,New York,13.6,8.4,2023,9,September,False
2023-09-28,18.8,10.7,0.1,17.5,New York,14.8,8.1,2023,9,September,True
2023-09-29,17.2,13.2,69.9,25.5,New York,15.2,4.0,2023,9,September,True
2023-09-30,21.7,13.0,1.0,20.4,New York,17.4,8.7,2023,9,September,True
2023-10-01,25.1,14.2,0.0,18.7,New York,19.6,10.9,2023,10,October,False
2023-10-02,25.4,15.8,0.0,16.0,New York,20.6,9.6,2023,10,October,False
2023-10-03,27.4,13.1,0.0,8.6,New York,20.2,14.3,2023,10,October,False
2023-10-04,27.8,14.9,0.0,12.6,New York,21.4,12.9,2023,10,October,False
2023-10-05,24.1,13.1,0.0,17.4,New York,18.6,11.0,2023,10,October,False
2023-10-06,22.5,17.6,2.6,15.0,New York,20.0,4.9,2023,10,October,True
2023-10-07,20.7,11.8,60.4,29.1,New York,16.2,8.9,2023,10,October,True
2023-10-08,16.9,9.4,0.0,24.5,New York,13.2,7.5,2023,10,October,False
2023-10-09,15.7,7.3,0.1,23.9,New York,11.5,8.4,2023,10,October,True
2023-10-10,18.0,7.9,0.0,19.7,New York,13.0,10.1,2023,10,October,False
2023-10-11,20.7,8.2,0.0,14.2,New York,14.4,12.5,2023,10,October,False
2023-10-12,21.1,7.2,0.0,11.0,New York,14.2,13.9,2023,10,October,False
2023-10-13,17.7,8.8,0.0,14.0,New York,13.2,8.9,2023,10,October,False
2023-10-14,11.9,9.4,15.1,16.7,New York,10.6,2.5,2023,10,October,True
2023-10-15,16.7,9.5,1.2,24.8,New York,13.1,7.2,2023,10,October,True
2023-10-16,17.7,7.1,0.2,19.9,New York,12.4,10.6,2023,10,October,True
2023-10-17,16.9,8.2,0.6,12.1,New York,12.5,8.7,2023,10,October,True
2023-10-18,17.3,6.9,0.3,8.9,New York,12.1,10.4,2023,10,October,True
2023-10-19,18.1,7.2,0.0,19.6,New York,12.6,10.9,2023,10,October,False
2023-10-20,17.3,12.8,27.2,25.7,New York,15.0,4.5,2023,10,October,True
2023-10-21,17.8,12.8,5.9,25.6,New York,15.3,5.0,2023,10,October,True
2023-10-22,13.9,9.2,0.0,27.5,New York,11.6,4.7,2023,10,October,False
2023-10-23,16.1,7.4,0.0,22.2,New York,11.8,8.7,2023,10,October,False
2023-10-24,17.8,4.3,0.0,11.9,New York,11.0,13.5,2023,10,October,False
2023-10-25,22.1,7.8,0.0,14.7,New York,15.0,14.3,2023,10,October,False
2023-10-26,26.0,9.4,0.0,14.4,New York,17.7,16.6,2023,10,October,False
2023-10-27,24.7,12.5,0.0,14.8,New York,18.6,12.2,2023,10,October,False
2023-10-28,27.1,16.3,0.0,18.7,New York,21.7,10.8,2023,10,October,False
2023-10-29,16.3,10.7,6.9,19.2,New York,13.5,5.6,2023,10,October,True
2023-10-30,19.2,10.4,2.0,25.0,New York,14.8,8.8,2023,10,October,True
2023-10-31,10.6,6.7,0.2,18.1,New York,8.6,3.9,2023,10,October,True
2023-11-01,9.8,3.5,3.5,23.3,New York,6.6,6.3,2023,11,November,True
2023-11-02,9.7,-0.3,0.0,12.2,New York,4.7,10.0,2023,11,November,False
2023-11-03,13.2,0.3,0.0,17.7,New York,6.8,12.9,2023,11,November,False
2023-11-04,15.0,3.7,0.0,11.0,New York,9.4,11.3,2023,11,November,False
2023-11-05,17.1,4.5,0.0,14.8,New York,10.8,12.6,2023,11,November,False
2023-11-06,12.1,4.0,0.1,12.6,New York,8.0,8.1,2023,11,November,True
2023-11-07,20.3,10.7,5.7,20.3,New York,15.5,9.6,2023,11,November,True
2023-11-08,10.9,4.5,0.0,19.3,New York,7.7,6.4,2023,11,November,False
2023-11-09,15.3,2.8,0.4,12.0,New York,9.0,12.5,2023,11,November,True
2023-11-10,10.8,5.7,0.3,16.3,New York,8.2,5.1,2023,11,November,True
2023-11-11,12.3,4.0,0.0,18.1,New York,8.2,8.3,2023,11,November,False
2023-11-12,7.2,-0.2,0.0,13.3,New York,3.5,7.4,2023,11,November,False
2023-11-13,9.0,-2.1,0.0,13.6,New York,3.4,11.1,2023,11,November,False
2023-11-14,11.2,1.9,0.0,27.9,New York,6.6,9.3,2023,11,November,False
2023-11-15,10.9,-1.1,0.0,14.7,New York,4.9,12.0,2023,11,November,False
2023-11-16,17.9,1.9,0.0,10.5,New York,9.9,16.0,2023,11,November,False
2023-11-17,19.6,4.4,0.0,18.5,New York,12.0,15.2,2023,11,November,False
2023-11-18,13.2,3.5,1.2,25.9,New York,8.4,9.7,2023,11,November,True
2023-11-19,12.5,1.1,0.0,20.9,New York,6.8,11.4,2023,11,November,False
2023-11-20,7.2,-0.9,0.0,18.7,New York,3.2,8.1,2023,11,November,False
2023-11-21,8.5,-1.3,7.9,29.8,New York,3.6,9.8,2023,11,November,True
2023-11-22,14.5,8.3,24.7,38.3,New York,11.4,6.2,2023,11,November,True
2023-11-23,11.2,5.2,0.0,20.9,New York,8.2,6.0,2023,11,November,False
2023-11-24,9.9,0.1,0.0,22.7,New York,5.0,9.8,2023,11,November,False
2023-11-25,4.3,-3.1,0.0,15.8,New York,0.6,7.4,2023,11,November,False
2023-11-26,10.6,-2.6,5.5,34.3,New York,4.0,13.2,2023,11,November,True
2023-11-27,12.8,2.9,4.4,37.6,New York,7.8,9.9,2023,11,November,True
2023-11-28,4.0,-1.8,0.1,28.9,New York,1.1,5.8,2023,11,November,True
2023-11-29,2.6,-4.4,0.0,21.0,New York,-0.9,7.0,2023,11,November,False
2023-11-30,9.7,-2.6,0.0,17.6,New York,3.6,12.3,2023,11,November,False
2023-12-01,7.9,-0.2,5.3,14.3,New York,3.8,8.1,2023,12,December,True
2023-12-02,16.2,4.4,0.1,16.3,New York,10.3,11.8,2023,12,December,True
2023-12-03,10.2,5.8,16.2,19.1,New York,8.0,4.4,2023,12,December,True
2023-12-04,10.9,4.8,0.0,21.0,New York,7.8,6.1,2023,12,December,False
2023-12-05,6.7,1.6,0.0,14.7,New York,4.2,5.1,2023,12,December,False
2023-12-06,5.1,-2.2,0.1,22.3,New York,1.4,7.3,2023,12,December,True
2023-12-07,3.5,-3.3,0.0,17.5,New York,0.1,6.8,2023,12,December,False
2023-12-08,9.2,-2.0,0.0,11.0,New York,3.6,11.2,2023,12,December,False
2023-12-09,13.5,1.2,0.0,12.0,New York,7.4,12.3,2023,12,December,False
2023-12-10,17.0,5.1,28.1,29.2,New York,11.0,11.9,2023,12,December,True
2023-12-11,14.1,2.7,26.9,35.1,New York,8.4,11.4,2023,12,December,True
2023-12-12,6.3,-2.3,0.0,18.1,New York,2.0,8.6,2023,12,December,False
2023-12-13,7.5,0.1,0.0,18.2,New York,3.8,7.4,2023,12,December,False
2023-12-14,4.7,-3.2,0.0,13.1,New York,0.8,7.9,2023,12,December,False
2023-12-15,12.5,-0.6,0.0,16.6,New York,6.0,13.1,2023,12,December,False
2023-12-16,11.6,3.0,0.0,12.6,New York,7.3,8.6,2023,12,December,False
2023-12-17,13.1,5.2,16.8,23.0,New York,9.2,7.9,2023,12,December,True
2023-12-18,15.6,5.9,78.9,53.5,New York,10.8,9.7,2023,12,December,True
2023-12-19,6.2,-0.9,0.0,24.0,New York,2.6,7.1,2023,12,December,False
2023-12-20,7.6,-3.7,0.0,16.4,New York,1.9,11.3,2023,12,December,False
2023-12-21,4.4,-2.7,0.0,20.9,New York,0.8,7.1,2023,12,December,False
2023-12-22,2.7,-5.6,0.0,13.1,New York,-1.4,8.3,2023,12,December,False
2023-12-23,6.0,-3.4,0.5,9.7,New York,1.3,9.4,2023,12,December,True
2023-12-24,8.8,1.2,0.0,7.6,New York,5.0,7.6,2023,12,December,False
2023-12-25,11.6,1.3,0.0,8.6,New York,6.4,10.3,2023,12,December,False
2023-12-26,7.7,3.0,0.0,7.3,New York,5.4,4.7,2023,12,December,False
2023-12-27,9.1,5.3,5.2,16.1,New York,7.2,3.8,2023,12,December,True
2023-12-28,11.7,8.6,40.1,23.8,New York,10.1,3.1,2023,12,December,True
2023-12-29,13.4,7.3,0.4,18.1,New York,10.4,6.1,2023,12,December,True
2023-12-30,8.0,1.3,0.1,26.6,New York,4.6,6.7,2023,12,December,True
2023-12-31,6.5,-2.0,0.0,15.9,New York,2.2,8.5,2023,12,December,False
2024-01-01,7.7,0.2,0.0,14.3,New York,4.0,7.5,2024,1,January,False
2024-01-02,5.7,-4.6,0.0,13.7,New York,0.6,10.3,2024,1,January,False
2024-01-03,7.7,-2.3,0.0,14.4,New York,2.7,10.0,2024,1,January,False
2024-01-04,6.8,-2.1,0.0,26.9,New York,2.3,8.9,2024,1,January,False
2024-01-05,3.1,-5.4,0.0,20.5,New York,-1.2,8.5,2024,1,January,False
2024-01-06,2.8,-5.2,11.0,29.1,New York,-1.2,8.0,2024,1,January,True
2024-01-07,2.5,-0.2,7.3,27.0,New York,1.2,2.7,2024,1,January,True
2024-01-08,6.3,-3.2,0.0,20.1,New York,1.5,9.5,2024,1,January,False
2024-01-09,12.6,-4.6,31.5,57.3,New York,4.0,17.2,2024,1,January,True
2024-01-10,13.8,5.2,28.2,48.6,New York,9.5,8.6,2024,1,January,True
2024-01-11,8.2,0.1,0.0,22.9,New York,4.1,8.1,2024,1,January,False
2024-01-12,8.2,-2.0,0.8,22.1,New York,3.1,10.2,2024,1,January,True
2024-01-13,14.6,1.8,22.9,34.2,New York,8.2,12.8,2024,1,January,True
2024-01-14,6.3,-3.8,0.5,36.4,New York,1.2,10.1,2024,1,January,True
2024-01-15,-0.8,-5.9,0.8,11.4,New York,-3.4,5.1,2024,1,January,True
2024-01-16,-0.9,-5.7,9.5,23.2,New York,-3.3,4.8,2024,1,January,True
2024-01-17,-4.2,-9.0,0.0,23.8,New York,-6.6,4.8,2024,1,January,False
2024-01-18,0.4,-6.8,0.3,17.1,New York,-3.2,7.2,2024,1,January,True
2024-01-19,-0.9,-4.6,2.7,16.5,New York,-2.8,3.7,2024,1,January,True
2024-01-20,-3.4,-8.2,0.0,26.2,New York,-5.8,4.8,2024,1,January,False
2024-01-21,-1.2,-7.5,0.0,23.6,New York,-4.4,6.3,2024,1,January,False
2024-01-22,3.6,-7.0,0.0,17.6,New York,-1.7,10.6,2024,1,January,False
2024-01-23,4.6,-1.7,1.7,18.8,New York,1.4,6.3,2024,1,January,True
2024-01-24,5.6,0.1,3.2,10.5,New York,2.8,5.5,2024,1,January,True
2024-01-25,11.4,5.2,5.6,21.2,New York,8.3,6.2,2024,1,January,True
2024-01-26,8.3,3.2,4.6,15.7,New York,5.8,5.1,2024,1,January,True
2024-01-27,8.6,2.8,0.0,13.0,New York,5.7,5.8,2024,1,January,False
2024-01-28,4.2,2.5,21.3,28.8,New York,3.4,1.7,2024,1,January,True
2024-01-29,5.9,0.6,0.7,27.6,New York,3.2,5.3,2024,1,January,True
2024-01-30,4.3,-4.0,0.0,12.1,New York,0.1,8.3,2024,1,January,False
2024-01-31,4.5,-1.2,0.2,11.2,New York,1.6,5.7,2024,1,January,True
2024-02-01,9.0,-3.4,0.6,19.8,New York,2.8,12.4,2024,2,February,True
2024-02-02,6.0,2.0,6.3,22.6,New York,4.0,4.0,2024,2,February,True
2024-02-03,6.0,-3.2,0.0,24.2,New York,1.4,9.2,2024,2,February,False
2024-02-04,7.5,-3.8,0.0,14.8,New York,1.8,11.3,2024,2,February,False
2024-02-05,7.1,-3.3,0.0,28.2,New York,1.9,10.4,2024,2,February,False
2024-02-06,5.7,-4.9,0.0,19.1,New York,0.4,10.6,2024,2,February,False
2024-02-07,8.2,-3.7,0.0,12.7,New York,2.2,11.9,2024,2,February,False
2024-02-08,10.0,-3.8,0.0,10.5,New York,3.1,13.8,2024,2,February,False
2024-02-09,11.4,1.0,0.0,14.9,New York,6.2,10.4,2024,2,February,False
2024-02-10,15.9,1.8,0.1,16.6,New York,8.8,14.1,2024,2,February,True
2024-02-11,9.0,3.6,0.0,15.6,New York,6.3,5.4,2024,2,February,False
2024-02-12,9.2,-1.8,0.1,11.3,New York,3.7,11.0,2024,2,February,True
2024-02-13,3.4,-1.3,27.7,25.6,New York,1.0,4.7,2024,2,February,True
2024-02-14,0.4,-4.3,0.0,25.7,New York,-2.0,4.7,2024,2,February,False
2024-02-15,2.9,-5.4,0.2,22.3,New York,-1.3,8.3,2024,2,February,True
2024-02-16,5.1,-2.0,0.0,31.2,New York,1.5,7.1,2024,2,February,False
2024-02-17,2.2,-4.6,5.9,21.7,New York,-1.2,6.8,2024,2,February,True
2024-02-18,5.0,-6.3,0.0,29.4,New York,-0.6,11.3,2024,2,February,False
2024-02-19,4.1,-4.1,0.0,20.8,New York,0.0,8.2,2024,2,February,False
2024-02-20,2.4,-6.5,0.0,13.1,New York,-2.0,8.9,2024,2,February,False
2024-02-21,4.6,-5.6,0.0,15.0,New York,-0.5,10.2,2024,2,February,False
2024-02-22,6.8,-5.1,0.3,19.8,New York,0.8,11.9,2024,2,February,True
2024-02-23,8.2,1.4,3.1,12.8,New York,4.8,6.8,2024,2,February,True
2024-02-24,5.6,-2.9,0.0,21.4,New York,1.3,8.5,2024,2,February,False
2024-02-25,4.1,-7.4,0.0,16.2,New York,-1.7,11.5,2024,2,February,False
2024-02-26,11.5,-2.2,2.9,13.5,New York,4.6,13.7,2024,2,February,True
2024-02-27,13.9,-0.1,3.8,26.1,New York,6.9,14.0,2024,2,February,True
2024-02-28,17.2,10.1,15.7,34.2,New York,13.6,7.1,2024,2,February,True
2024-02-29,6.7,-2.8,0.1,30.7,New York,2.0,9.5,2024,2,February,True
2024-03-01,5.9,-4.4,0.0,20.3,New York,0.8,10.3,2024,3,March,False
2024-03-02,10.2,1.8,28.1,26.5,New York,6.0,8.4,2024,3,March,True
2024-03-03,18.7,5.9,0.0,15.8,New York,12.3,12.8,2024,3,March,False
2024-03-04,14.4,3.7,0.0,21.8,New York,9.0,10.7,2024,3,March,False
2024-03-05,8.4,4.0,20.3,20.1,New York,6.2,4.4,2024,3,March,True
2024-03-06,9.8,3.7,33.2,20.6,New York,6.8,6.1,2024,3,March,True
2024-03-07,12.7,5.9,3.5,28.0,New York,9.3,6.8,2024,3,March,True
2024-03-08,12.4,0.8,0.0,21.6,New York,6.6,11.6,2024,3,March,False
2024-03-09,8.0,3.8,28.7,33.5,New York,5.9,4.2,2024,3,March,True
2024-03-10,10.9,2.2,20.9,30.6,New York,6.6,8.7,2024,3,March,True
2024-03-11,10.1,1.0,0.0,45.9,New York,5.6,9.1,2024,3,March,False
2024-03-12,17.6,2.6,0.0,21.5,New York,10.1,15.0,2024,3,March,False
2024-03-13,15.4,2.5,0.0,15.0,New York,9.0,12.9,2024,3,March,False
2024-03-14,21.3,4.0,0.0,15.8,New York,12.6,17.3,2024,3,March,False
2024-03-15,21.7,8.3,0.8,24.1,New York,15.0,13.4,2024,3,March,True
2024-03-16,14.4,4.8,0.1,20.7,New York,9.6,9.6,2024,3,March,True
2024-03-17,15.8,7.3,0.4,28.8,New York,11.6,8.5,2024,3,March,True
2024-03-18,9.2,2.4,0.0,20.6,New York,5.8,6.8,2024,3,March,False
2024-03-19,7.5,0.3,0.5,27.8,New York,3.9,7.2,2024,3,March,True
2024-03-20,12.0,1.2,2.8,30.7,New York,6.6,10.8,2024,3,March,True
2024-03-21,5.6,-3.7,0.0,30.3,New York,0.9,9.3,2024,3,March,False
2024-03-22,5.7,-5.2,0.0,18.9,New York,0.2,10.9,2024,3,March,False
2024-03-23,10.0,1.1,63.6,33.3,New York,5.6,8.9,2024,3,March,True
2024-03-24,8.6,-2.4,0.0,33.5,New York,3.1,11.0,2024,3,March,False
2024-03-25,10.2,-1.5,0.0,22.1,New York,4.4,11.7,2024,3,March,False
2024-03-26,10.0,0.1,0.0,18.8,New York,5.0,9.9,2024,3,March,False
2024-03-27,10.9,4.8,0.6,11.2,New York,7.8,6.1,2024,3,March,True
2024-03-28,10.7,6.5,21.5,18.5,New York,8.6,4.2,2024,3,March,True
2024-03-29,12.7,4.0,0.4,34.5,New York,8.4,8.7,2024,3,March,True
2024-03-30,14.6,2.4,0.1,24.3,New York,8.5,12.2,2024,3,March,True
2024-03-31,16.3,4.5,0.2,20.3,New York,10.4,11.8,2024,3,March,True
2024-04-01,12.6,5.5,3.3,13.2,New York,9.0,7.1,2024,4,April,True
2024-04-02,8.9,6.2,19.0,20.7,New York,7.6,2.7,2024,4,April,True
2024-04-03,7.0,4.4,25.6,39.8,New York,5.7,2.6,2024,4,April,True
2024-04-04,9.2,3.1,9.1,38.8,New York,6.1,6.1,2024,4,April,True
2024-04-05,9.6,1.7,0.0,28.5,New York,5.6,7.9,2024,4,April,False
2024-04-06,11.5,3.1,0.2,27.9,New York,7.3,8.4,2024,4,April,True
2024-04-07,14.3,1.6,0.1,24.1,New York,8.0,12.7,2024,4,April,True
2024-04-08,18.1,0.9,1.0,14.2,New York,9.5,17.2,2024,4,April,True
2024-04-09,24.0,4.9,0.0,18.2,New York,14.4,19.1,2024,4,April,False
2024-04-10,16.0,8.3,0.6,16.6,New York,12.2,7.7,2024,4,April,True
2024-04-11,17.2,9.3,6.5,29.4,New York,13.2,7.9,2024,4,April,True
2024-04-12,19.6,12.6,14.9,39.0,New York,16.1,7.0,2024,4,April,True
2024-04-13,12.1,7.7,2.0,35.3,New York,9.9,4.4,2024,4,April,True
2024-04-14,22.2,6.0,0.9,23.8,New York,14.1,16.2,2024,4,April,True
2024-04-15,24.8,10.4,0.0,24.6,New York,17.6,14.4,2024,4,April,False
2024-04-16,20.6,7.0,0.0,18.5,New York,13.8,13.6,2024,4,April,False
2024-04-17,15.7,7.5,3.0,18.4,New York,11.6,8.2,2024,4,April,True
2024-04-18,9.4,5.6,6.2,25.0,New York,7.5,3.8,2024,4,April,True
2024-04-19,13.2,4.1,0.0,20.4,New York,8.6,9.1,2024,4,April,False
2024-04-20,20.2,8.4,2.3,28.8,New York,14.3,11.8,2024,4,April,True
2024-04-21,12.1,2.1,0.0,23.0,New York,7.1,10.0,2024,4,April,False
2024-04-22,15.0,2.1,0.0,17.0,New York,8.6,12.9,2024,4,April,False
2024-04-23,14.8,2.2,0.0,27.8,New York,8.5,12.6,2024,4,April,False
2024-04-24,21.4,8.6,1.6,32.0,New York,15.0,12.8,2024,4,April,True
2024-04-25,12.3,3.2,0.0,22.0,New York,7.8,9.1,2024,4,April,False
2024-04-26,14.6,1.7,0.0,19.2,New York,8.2,12.9,2024,4,April,False
2024-04-27,14.5,3.1,0.3,27.1,New York,8.8,11.4,2024,4,April,True
2024-04-28,22.8,8.8,0.6,16.3,New York,15.8,14.0,2024,4,April,True
2024-04-29,28.3,13.5,3.4,15.5,New York,20.9,14.8,2024,4,April,True
2024-04-30,22.9,11.3,2.2,14.6,New York,17.1,11.6,2024,4,April,True
2024-05-01,24.8,10.5,1.5,19.8,New York,17.6,14.3,2024,5,May,True
2024-05-02,27.8,10.3,0.0,22.7,New York,19.0,17.5,2024,5,May,False
2024-05-03,17.3,9.8,0.0,19.2,New York,13.6,7.5,2024,5,May,False
2024-05-04,16.6,7.9,0.0,21.2,New York,12.2,8.7,2024,5,May,False
2024-05-05,12.1,9.2,8.6,23.7,New York,10.6,2.9,2024,5,May,True
2024-05-06,22.7,12.0,0.8,11.6,New York,17.4,10.7,2024,5,May,True
2024-05-07,26.1,12.2,0.0,15.2,New York,19.2,13.9,2024,5,May,False
2024-05-08,30.9,16.0,0.0,26.6,New York,23.4,14.9,2024,5,May,False
2024-05-09,21.0,14.3,0.0,16.6,New York,17.6,6.7,2024,5,May,False
2024-05-10,15.1,9.5,12.9,19.7,New York,12.3,5.6,2024,5,May,True
2024-05-11,16.6,6.5,0.0,19.8,New York,11.6,10.1,2024,5,May,False
2024-05-12,13.5,8.7,7.6,14.8,New York,11.1,4.8,2024,5,May,True
2024-05-13,20.0,5.9,0.0,23.6,New York,13.0,14.1,2024,5,May,False
2024-05-14,22.6,9.5,3.2,21.3,New York,16.0,13.1,2024,5,May,True
2024-05-15,19.8,13.5,6.8,26.0,New York,16.6,6.3,2024,5,May,True
2024-05-16,19.0,15.0,4.8,31.4,New York,17.0,4.0,2024,5,May,True
2024-05-17,22.7,12.1,0.0,18.3,New York,17.4,10.6,2024,5,May,False
2024-05-18,22.8,13.2,2.2,15.7,New York,18.0,9.6,2024,5,May,True
2024-05-19,23.4,12.5,0.2,19.7,New York,18.0,10.9,2024,5,May,True
2024-05-20,23.8,10.7,0.0,19.0,New York,17.2,13.1,2024,5,May,False
2024-05-21,27.1,12.4,0.0,17.0,New York,19.8,14.7,2024,5,May,False
2024-05-22,28.6,15.8,0.0,22.8,New York,22.2,12.8,2024,5,May,False
2024-05-23,27.2,19.0,3.0,16.1,New York,23.1,8.2,2024,5,May,True
2024-05-24,29.4,15.8,0.0,15.5,New York,22.6,13.6,2024,5,May,False
2024-05-25,26.0,14.0,0.0,17.5,New York,20.0,12.0,2024,5,May,False
2024-05-26,26.1,15.7,0.2,16.0,New York,20.9,10.4,2024,5,May,True
2024-05-27,22.6,17.2,34.6,26.5,New York,19.9,5.4,2024,5,May,True
2024-05-28,27.1,17.8,0.0,26.7,New York,22.5,9.3,2024,5,May,False
2024-05-29,25.1,14.0,12.4,17.6,New York,19.6,11.1,2024,5,May,True
2024-05-30,21.7,14.0,2.2,21.7,New York,17.8,7.7,2024,5,May,True
2024-05-31,25.0,13.2,0.0,20.4,New York,19.1,11.8,2024,5,May,False
2024-06-01,28.2,13.2,0.0,16.0,New York,20.7,15.0,2024,6,June,False
2024-06-02,27.3,14.3,0.0,21.3,New York,20.8,13.0,2024,6,June,False
2024-06-03,30.1,17.6,0.2,15.2,New York,23.8,12.5,2024,6,June,True
2024-06-04,25.7,16.5,0.0,18.4,New York,21.1,9.2,2024,6,June,False
2024-06-05,26.3,14.7,6.6,23.6,New York,20.5,11.6,2024,6,June,True
2024-06-06,27.8,19.4,40.5,32.8,New York,23.6,8.4,2024,6,June,True
2024-06-07,28.6,17.6,0.5,23.4,New York,23.1,11.0,2024,6,June,True
2024-06-08,25.3,15.5,0.0,26.3,New York,20.4,9.8,2024,6,June,False
2024-06-09,25.4,14.6,0.1,27.0,New York,20.0,10.8,2024,6,June,True
2024-06-10,24.5,14.7,0.0,17.7,New York,19.6,9.8,2024,6,June,False
2024-06-11,23.4,13.9,1.1,11.4,New York,18.6,9.5,2024,6,June,True
2024-06-12,25.8,14.5,0.0,18.0,New York,20.2,11.3,2024,6,June,False
2024-06-13,29.1,14.0,0.0,31.2,New York,21.6,15.1,2024,6,June,False
2024-06-14,29.7,19.5,18.9,15.5,New York,24.6,10.2,2024,6,June,True
2024-06-15,27.4,17.1,0.0,22.6,New York,22.2,10.3,2024,6,June,False
2024-06-16,24.1,14.5,0.0,18.6,New York,19.3,9.6,2024,6,June,False
2024-06-17,29.6,16.1,0.0,25.8,New York,22.8,13.5,2024,6,June,False
2024-06-18,30.0,20.5,0.0,24.4,New York,25.2,9.5,2024,6,June,False
2024-06-19,31.1,19.8,0.0,25.0,New York,25.5,11.3,2024,6,June,False
2024-06-20,33.4,19.9,0.0,21.3,New York,26.6,13.5,2024,6,June,False
2024-06-21,35.6,22.7,0.0,21.2,New York,29.2,12.9,2024,6,June,False
2024-06-22,34.7,22.3,5.0,16.7,New York,28.5,12.4,2024,6,June,True
2024-06-23,36.3,22.7,0.1,26.7,New York,29.5,13.6,2024,6,June,True
2024-06-24,27.2,22.3,0.0,39.0,New York,24.8,4.9,2024,6,June,False
2024-06-25,33.9,20.2,0.0,23.7,New York,27.0,13.7,2024,6,June,False
2024-06-26,35.9,23.2,0.1,28.0,New York,29.6,12.7,2024,6,June,True
2024-06-27,30.4,21.7,10.6,19.2,New York,26.0,8.7,2024,6,June,True
2024-06-28,25.5,15.5,0.0,21.6,New York,20.5,10.0,2024,6,June,False
2024-06-29,26.9,17.9,1.7,34.1,New York,22.4,9.0,2024,6,June,True
2024-06-30,33.5,22.1,20.8,24.0,New York,27.8,11.4,2024,6,June,True
2024-07-01,26.9,16.5,0.1,24.7,New York,21.7,10.4,2024,7,July,True
2024-07-02,28.8,16.5,0.0,15.5,New York,22.6,12.3,2024,7,July,False
2024-07-03,28.1,17.2,0.0,27.9,New York,22.6,10.9,2024,7,July,False
2024-07-04,30.5,19.5,1.8,19.7,New York,25.0,11.0,2024,7,July,True
2024-07-05,32.3,22.1,1.7,18.2,New York,27.2,10.2,2024,7,July,True
2024-07-06,33.2,23.0,3.2,16.6,New York,28.1,10.2,2024,7,July,True
2024-07-07,32.7,23.9,1.6,15.9,New York,28.3,8.8,2024,7,July,True
2024-07-08,33.0,23.3,0.0,15.3,New York,28.2,9.7,2024,7,July,False
2024-07-09,31.1,22.5,0.2,24.9,New York,26.8,8.6,2024,7,July,True
2024-07-10,32.1,24.8,0.3,34.5,New York,28.4,7.3,2024,7,July,True
2024-07-11,34.6,24.2,5.6,28.2,New York,29.4,10.4,2024,7,July,True
2024-07-12,29.5,21.9,6.0,19.9,New York,25.7,7.6,2024,7,July,True
2024-07-13,30.8,21.7,27.5,17.1,New York,26.2,9.1,2024,7,July,True
2024-07-14,31.4,22.0,1.2,15.9,New York,26.7,9.4,2024,7,July,True
2024-07-15,35.3,23.2,0.5,20.8,New York,29.2,12.1,2024,7,July,True
2024-07-16,35.3,22.7,0.8,24.5,New York,29.0,12.6,2024,7,July,True
2024-07-17,32.1,23.9,33.7,18.3,New York,28.0,8.2,2024,7,July,True
2024-07-18,30.9,21.5,0.4,13.7,New York,26.2,9.4,2024,7,July,True
2024-07-19,29.0,18.0,0.0,15.6,New York,23.5,11.0,2024,7,July,False
2024-07-20,28.9,17.8,2.1,17.6,New York,23.4,11.1,2024,7,July,True
2024-07-21,31.5,19.8,0.1,21.6,New York,25.6,11.7,2024,7,July,True
2024-07-22,28.5,21.2,4.5,20.7,New York,24.8,7.3,2024,7,July,True
2024-07-23,29.7,21.1,3.3,8.5,New York,25.4,8.6,2024,7,July,True
2024-07-24,29.6,21.3,8.8,14.9,New York,25.5,8.3,2024,7,July,True
2024-07-25,30.8,20.7,0.0,16.3,New York,25.8,10.1,2024,7,July,False
2024-07-26,29.5,18.2,0.0,21.1,New York,23.8,11.3,2024,7,July,False
2024-07-27,30.1,17.7,0.0,15.0,New York,23.9,12.4,2024,7,July,False
2024-07-28,31.5,18.2,0.0,23.1,New York,24.8,13.3,2024,7,July,False
2024-07-29,29.6,21.6,4.0,17.9,New York,25.6,8.0,2024,7,July,True
2024-07-30,32.1,21.4,0.0,28.8,New York,26.8,10.7,2024,7,July,False
2024-07-31,32.1,23.3,9.9,18.2,New York,27.7,8.8,2024,7,July,True
2024-08-01,34.9,20.6,0.1,16.9,New York,27.8,14.3,2024,8,August,True
2024-08-02,33.1,23.7,10.0,21.6,New York,28.4,9.4,2024,8,August,True
2024-08-03,33.1,23.6,13.1,19.5,New York,28.4,9.5,2024,8,August,True
2024-08-04,28.3,23.2,13.7,14.3,New York,25.8,5.1,2024,8,August,True
2024-08-05,32.0,20.4,0.0,19.8,New York,26.2,11.6,2024,8,August,False
2024-08-06,32.6,22.1,37.5,15.9,New York,27.4,10.5,2024,8,August,True
2024-08-07,22.7,18.7,24.0,21.2,New York,20.7,4.0,2024,8,August,True
2024-08-08,23.5,18.2,5.7,24.3,New York,20.8,5.3,2024,8,August,True
2024-08-09,28.6,22.1,23.7,44.3,New York,25.4,6.5,2024,8,August,True
2024-08-10,29.6,21.8,1.0,18.2,New York,25.7,7.8,2024,8,August,True
2024-08-11,27.6,19.1,0.0,19.7,New York,23.4,8.5,2024,8,August,False
2024-08-12,26.4,16.5,0.0,20.4,New York,21.4,9.9,2024,8,August,False
2024-08-13,27.1,16.5,0.0,14.7,New York,21.8,10.6,2024,8,August,False
2024-08-14,28.6,17.7,0.1,15.8,New York,23.2,10.9,2024,8,August,True
2024-08-15,30.4,17.3,0.0,11.6,New York,23.8,13.1,2024,8,August,False
2024-08-16,30.5,18.5,0.0,18.4,New York,24.5,12.0,2024,8,August,False
2024-08-17,26.5,20.9,4.6,24.3,New York,23.7,5.6,2024,8,August,True
2024-08-18,25.8,21.2,27.5,25.1,New York,23.5,4.6,2024,8,August,True
2024-08-19,28.5,20.4,29.7,19.8,New York,24.4,8.1,2024,8,August,True
2024-08-20,22.6,16.6,0.1,22.7,New York,19.6,6.0,2024,8,August,True
2024-08-21,22.8,13.0,0.0,20.9,New York,17.9,9.8,2024,8,August,False
2024-08-22,24.7,12.6,0.0,19.2,New York,18.6,12.1,2024,8,August,False
2024-08-23,27.5,13.4,0.0,14.0,New York,20.4,14.1,2024,8,August,False
2024-08-24,30.0,14.9,0.0,14.8,New York,22.4,15.1,2024,8,August,False
2024-08-25,30.2,16.4,0.2,17.3,New York,23.3,13.8,2024,8,August,True
2024-08-26,30.0,18.2,0.9,22.7,New York,24.1,11.8,2024,8,August,True
2024-08-27,29.9,17.8,0.0,20.2,New York,23.8,12.1,2024,8,August,False
2024-08-28,34.2,21.6,0.0,15.9,New York,27.9,12.6,2024,8,August,False
2024-08-29,27.0,20.2,4.6,19.1,New York,23.6,6.8,2024,8,August,True
2024-08-30,24.0,18.3,3.9,18.1,New York,21.2,5.7,2024,8,August,True
2024-08-31,25.8,17.8,0.9,17.7,New York,21.8,8.0,2024,8,August,True
2024-09-01,29.2,21.0,4.8,19.8,New York,25.1,8.2,2024,9,September,True
2024-09-02,26.3,17.6,0.0,19.9,New York,22.0,8.7,2024,9,September,False
2024-09-03,23.0,12.3,0.0,17.1,New York,17.6,10.7,2024,9,September,False
2024-09-04,25.2,12.4,0.0,14.0,New York,18.8,12.8,2024,9,September,False
2024-09-05,25.7,12.7,0.0,17.4,New York,19.2,13.0,2024,9,September,False
2024-09-06,26.6,14.6,0.1,17.7,New York,20.6,12.0,2024,9,September,True
2024-09-07,24.6,14.3,3.1,25.2,New York,19.5,10.3,2024,9,September,True
2024-09-08,21.9,11.5,0.0,21.0,New York,16.7,10.4,2024,9,September,False
2024-09-09,25.1,10.6,0.0,20.9,New York,17.8,14.5,2024,9,September,False
2024-09-10,26.1,13.8,0.0,14.5,New York,20.0,12.3,2024,9,September,False
2024-09-11,25.6,12.1,0.0,12.7,New York,18.8,13.5,2024,9,September,False
2024-09-12,26.3,14.9,0.0,16.3,New York,20.6,11.4,2024,9,September,False
2024-09-13,27.5,13.9,0.0,13.7,New York,20.7,13.6,2024,9,September,False
2024-09-14,29.7,14.9,0.0,14.0,New York,22.3,14.8,2024,9,September,False
2024-09-15,28.1,15.5,0.0,19.1,New York,21.8,12.6,2024,9,September,False
2024-09-16,25.8,13.1,0.0,14.4,New York,19.4,12.7,2024,9,September,False
2024-09-17,27.2,14.8,0.0,18.1,New York,21.0,12.4,2024,9,September,False
2024-09-18,23.9,17.9,0.0,17.5,New York,20.9,6.0,2024,9,September,False
2024-09-19,29.8,16.4,0.0,17.3,New York,23.1,13.4,2024,9,September,False
2024-09-20,27.8,17.4,0.0,20.3,New York,22.6,10.4,2024,9,September,False
2024-09-21,27.1,15.4,0.0,18.1,New York,21.2,11.7,2024,9,September,False
2024-09-22,25.4,13.6,0.0,17.2,New York,19.5,11.8,2024,9,September,False
2024-09-23,21.1,13.3,0.1,16.9,New York,17.2,7.8,2024,9,September,True
2024-09-24,20.2,13.9,0.0,17.2,New York,17.0,6.3,2024,9,September,False
2024-09-25,20.8,16.1,1.1,20.8,New York,18.5,4.7,2024,9,September,True
2024-09-26,23.4,17.2,4.4,17.7,New York,20.3,6.2,2024,9,September,True
2024-09-27,22.3,18.7,0.9,15.4,New York,20.5,3.6,2024,9,September,True
2024-09-28,20.0,16.1,13.7,19.8,New York,18.0,3.9,2024,9,September,True
2024-09-29,18.7,16.5,1.2,17.8,New York,17.6,2.2,2024,9,September,True
2024-09-30,22.9,14.4,0.0,18.5,New York,18.6,8.5,2024,9,September,False
2024-10-01,22.2,14.6,0.0,16.5,New York,18.4,7.6,2024,10,October,False
2024-10-02,20.7,13.0,0.0,14.3,New York,16.8,7.7,2024,10,October,False
2024-10-03,22.4,15.1,0.1,15.1,New York,18.8,7.3,2024,10,October,True
2024-10-04,23.4,12.4,0.2,16.9,New York,17.9,11.0,2024,10,October,True
2024-10-05,24.1,13.7,0.4,18.0,New York,18.9,10.4,2024,10,October,True
2024-10-06,21.9,10.1,0.0,17.2,New York,16.0,11.8,2024,10,October,False
2024-10-07,23.6,15.6,5.5,19.7,New York,19.6,8.0,2024,10,October,True
2024-10-08,20.9,10.5,0.0,16.7,New York,15.7,10.4,2024,10,October,False
2024-10-09,20.3,9.2,0.1,22.2,New York,14.8,11.1,2024,10,October,True
2024-10-10,18.1,7.7,0.0,21.3,New York,12.9,10.4,2024,10,October,False
2024-10-11,21.2,6.5,0.0,18.9,New York,13.8,14.7,2024,10,October,False
2024-10-12,23.2,12.3,0.0,24.0,New York,17.8,10.9,2024,10,October,False
2024-10-13,23.6,9.8,0.0,16.4,New York,16.7,13.8,2024,10,October,False
2024-10-14,19.5,8.6,0.0,36.2,New York,14.0,10.9,2024,10,October,False
2024-10-15,14.7,5.4,0.2,20.6,New York,10.0,9.3,2024,10,October,True
2024-10-16,15.5,5.4,0.0,22.0,New York,10.4,10.1,2024,10,October,False
2024-10-17,15.3,3.6,0.0,23.1,New York,9.5,11.7,2024,10,October,False
2024-10-18,19.5,6.8,0.0,20.4,New York,13.2,12.7,2024,10,October,False
2024-10-19,21.6,7.1,0.0,11.5,New York,14.4,14.5,2024,10,October,False
2024-10-20,24.6,5.8,0.0,11.0,New York,15.2,18.8,2024,10,October,False
2024-10-21,27.8,7.8,0.0,13.6,New York,17.8,20.0,2024,10,October,False
2024-10-22,27.8,12.8,0.0,12.5,New York,20.3,15.0,2024,10,October,False
2024-10-23,25.4,11.0,0.0,17.8,New York,18.2,14.4,2024,10,October,False
2024-10-24,20.8,11.7,0.6,25.8,New York,16.2,9.1,2024,10,October,True
2024-10-25,18.2,6.5,0.0,15.8,New York,12.4,11.7,2024,10,October,False
2024-10-26,18.3,9.6,0.0,24.8,New York,14.0,8.7,2024,10,October,False
2024-10-27,14.9,4.8,0.0,18.6,New York,9.8,10.1,2024,10,October,False
2024-10-28,16.3,2.9,0.0,15.1,New York,9.6,13.4,2024,10,October,False
2024-10-29,17.6,6.1,1.1,24.0,New York,11.9,11.5,2024,10,October,True
2024-10-30,25.9,11.1,0.0,13.9,New York,18.5,14.8,2024,10,October,False
2024-10-31,28.2,12.0,0.0,22.2,New York,20.1,16.2,2024,10,October,False
2024-11-01,26.7,15.1,0.3,30.4,New York,20.9,11.6,2024,11,November,True
2024-11-02,16.0,8.3,0.0,20.3,New York,12.2,7.7,2024,11,November,False
2024-11-03,13.3,3.7,0.0,14.5,New York,8.5,9.6,2024,11,November,False
2024-11-04,14.4,3.5,0.0,19.2,New York,9.0,10.9,2024,11,November,False
2024-11-05,22.6,8.8,0.0,21.3,New York,15.7,13.8,2024,11,November,False
2024-11-06,27.0,16.4,0.0,22.8,New York,21.7,10.6,2024,11,November,False
2024-11-07,23.1,12.5,0.0,21.3,New York,17.8,10.6,2024,11,November,False
2024-11-08,20.6,6.7,0.0,27.6,New York,13.6,13.9,2024,11,November,False
2024-11-09,13.0,4.5,0.0,23.5,New York,8.8,8.5,2024,11,November,False
2024-11-10,14.5,2.3,0.7,20.4,New York,8.4,12.2,2024,11,November,True
2024-11-11,21.1,11.0,3.3,25.7,New York,16.0,10.1,2024,11,November,True
2024-11-12,12.1,5.6,0.0,26.9,New York,8.8,6.5,2024,11,November,False
2024-11-13,9.2,1.4,0.0,13.6,New York,5.3,7.8,2024,11,November,False
2024-11-14,7.8,1.4,0.0,9.6,New York,4.6,6.4,2024,11,November,False
2024-11-15,14.8,3.1,0.0,14.5,New York,9.0,11.7,2024,11,November,False
2024-11-16,16.5,6.3,0.0,16.6,New York,11.4,10.2,2024,11,November,False
2024-11-17,18.0,6.5,0.0,14.5,New York,12.2,11.5,2024,11,November,False
2024-11-18,17.9,7.6,0.0,14.0,New York,12.8,10.3,2024,11,November,False
2024-11-19,14.8,6.0,0.0,13.1,New York,10.4,8.8,2024,11,November,False
2024-11-20,15.9,7.3,0.0,11.5,New York,11.6,8.6,2024,11,November,False
2024-11-21,12.2,4.2,42.3,17.5,New York,8.2,8.0,2024,11,November,True
2024-11-22,5.0,2.1,14.9,24.8,New York,3.6,2.9,2024,11,November,True
2024-11-23,8.9,2.5,1.4,25.4,New York,5.7,6.4,2024,11,November,True
2024-11-24,10.9,5.5,0.0,22.3,New York,8.2,5.4,2024,11,November,False
2024-11-25,10.8,2.2,0.0,10.7,New York,6.5,8.6,2024,11,November,False
2024-11-26,14.9,6.6,3.7,15.4,New York,10.8,8.3,2024,11,November,True
2024-11-27,10.3,2.3,0.0,9.6,New York,6.3,8.0,2024,11,November,False
2024-11-28,11.7,5.0,13.1,20.0,New York,8.4,6.7,2024,11,November,True
2024-11-29,7.8,1.1,0.2,18.4,New York,4.4,6.7,2024,11,November,True
2024-11-30,3.5,-2.2,0.0,16.9,New York,0.6,5.7,2024,11,November,False
2024-12-01,2.7,-3.7,0.0,17.9,New York,-0.5,6.4,2024,12,December,False
2024-12-02,4.0,-3.2,0.0,10.5,New York,0.4,7.2,2024,12,December,False
2024-12-03,5.2,-2.3,0.0,11.8,New York,1.5,7.5,2024,12,December,False
2024-12-04,3.9,-3.3,0.0,15.8,New York,0.3,7.2,2024,12,December,False
2024-12-05,4.6,-0.1,3.6,27.3,New York,2.2,4.7,2024,12,December,True
2024-12-06,0.2,-2.3,0.0,18.7,New York,-1.0,2.5,2024,12,December,False
2024-12-07,4.7,-2.7,0.0,13.9,New York,1.0,7.4,2024,12,December,False
2024-12-08,11.4,1.5,0.0,19.6,New York,6.4,9.9,2024,12,December,False
2024-12-09,10.5,1.1,7.4,11.6,New York,5.8,9.4,2024,12,December,True
2024-12-10,11.1,5.8,2.1,13.2,New York,8.4,5.3,2024,12,December,True
2024-12-11,16.1,5.9,34.3,24.0,New York,11.0,10.2,2024,12,December,True
2024-12-12,5.2,-2.1,0.1,25.1,New York,1.6,7.3,2024,12,December,True
2024-12-13,0.3,-4.0,0.0,11.3,New York,-1.8,4.3,2024,12,December,False
2024-12-14,0.6,-5.6,0.0,8.3,New York,-2.5,6.2,2024,12,December,False
2024-12-15,3.1,-5.0,0.1,10.0,New York,-1.0,8.1,2024,12,December,True
2024-12-16,9.5,1.7,15.4,12.5,New York,5.6,7.8,2024,12,December,True
2024-12-17,14.7,7.5,4.7,15.8,New York,11.1,7.2,2024,12,December,True
2024-12-18,10.0,1.5,2.5,10.9,New York,5.8,8.5,2024,12,December,True
2024-12-19,6.8,0.8,2.6,15.0,New York,3.8,6.0,2024,12,December,True
2024-12-20,2.5,-0.8,1.7,14.6,New York,0.8,3.3,2024,12,December,True
2024-12-21,0.4,-6.6,4.1,19.9,New York,-3.1,7.0,2024,12,December,True
2024-12-22,-7.0,-12.1,0.0,14.5,New York,-9.6,5.1,2024,12,December,False
2024-12-23,-4.0,-14.9,0.0,9.2,New York,-9.4,10.9,2024,12,December,False
2024-12-24,1.5,-4.1,1.9,10.5,New York,-1.3,5.6,2024,12,December,True
2024-12-25,0.2,-6.3,0.0,10.2,New York,-3.0,6.5,2024,12,December,False
2024-12-26,-0.3,-8.2,0.0,8.3,New York,-4.2,7.9,2024,12,December,False
2024-12-27,2.0,-9.4,0.0,6.2,New York,-3.7,11.4,2024,12,December,False
2024-12-28,7.3,1.8,5.6,6.7,New York,4.6,5.5,2024,12,December,True
2024-12-29,16.1,4.4,2.7,22.4,New York,10.2,11.7,2024,12,December,True
2024-12-30,13.0,7.8,5.8,25.5,New York,10.4,5.2,2024,12,December,True
2024-12-31,9.7,1.5,5.9,12.2,New York,5.6,8.2,2024,12,December,True
2025-01-01,11.0,3.9,4.5,23.2,New York,7.4,7.1,2025,1,January,True
2025-01-02,5.4,0.3,0.0,25.1,New York,2.8,5.1,2025,1,January,False
2025-01-03,3.2,-1.9,0.0,17.1,New York,0.7,5.1,2025,1,January,False
2025-01-04,-0.1,-2.7,0.0,26.1,New York,-1.4,2.6,2025,1,January,False
2025-01-05,0.4,-3.6,0.0,19.9,New York,-1.6,4.0,2025,1,January,False
2025-01-06,-1.6,-4.5,1.7,16.7,New York,-3.0,2.9,2025,1,January,True
2025-01-07,-3.0,-8.7,0.0,29.9,New York,-5.8,5.7,2025,1,January,False
2025-01-08,-2.5,-6.6,0.0,25.4,New York,-4.6,4.1,2025,1,January,False
2025-01-09,-1.5,-6.8,0.0,29.0,New York,-4.2,5.3,2025,1,January,False
2025-01-10,3.3,-3.9,0.0,22.5,New York,-0.3,7.2,2025,1,January,False
2025-01-11,0.5,-2.9,2.0,17.3,New York,-1.2,3.4,2025,1,January,True
2025-01-12,4.9,-1.9,0.0,14.9,New York,1.5,6.8,2025,1,January,False
2025-01-13,6.6,-1.9,0.0,18.3,New York,2.3,8.5,2025,1,January,False
2025-01-14,0.4,-3.7,0.0,21.1,New York,-1.6,4.1,2025,1,January,False
2025-01-15,-1.1,-5.7,0.0,23.7,New York,-3.4,4.6,2025,1,January,False
2025-01-16,-0.6,-5.9,0.3,10.7,New York,-3.2,5.3,2025,1,January,True
2025-01-17,5.0,-5.0,0.0,10.8,New York,0.0,10.0,2025,1,January,False
2025-01-18,6.5,-0.9,2.1,14.9,New York,2.8,7.4,2025,1,January,True
2025-01-19,2.6,-2.1,8.8,18.3,New York,0.2,4.7,2025,1,January,True
2025-01-20,-2.6,-10.5,0.2,16.3,New York,-6.6,7.9,2025,1,January,True
2025-01-21,-8.4,-15.8,0.4,10.0,New York,-12.1,7.4,2025,1,January,True
2025-01-22,-8.2,-16.7,0.0,11.0,New York,-12.4,8.5,2025,1,January,False
2025-01-23,-3.5,-13.1,0.0,8.3,New York,-8.3,9.6,2025,1,January,False
2025-01-24,-1.1,-10.7,0.0,10.7,New York,-5.9,9.6,2025,1,January,False
2025-01-25,-2.0,-13.0,0.0,11.6,New York,-7.5,11.0,2025,1,January,False
2025-01-26,4.1,-5.6,0.0,15.9,New York,-0.8,9.7,2025,1,January,False
2025-01-27,2.1,-4.9,0.0,17.7,New York,-1.4,7.0,2025,1,January,False
2025-01-28,4.4,-3.0,0.0,23.3,New York,0.7,7.4,2025,1,January,False
2025-01-29,9.2,0.3,0.0,23.3,New York,4.8,8.9,2025,1,January,False
2025-01-30,1.1,-6.3,0.0,15.5,New York,-2.6,7.4,2025,1,January,False
2025-01-31,6.2,0.7,10.3,13.5,New York,3.4,5.5,2025,1,January,True
2025-02-01,6.2,-5.8,2.4,19.4,New York,0.2,12.0,2025,2,February,True
2025-02-02,1.4,-9.6,1.2,11.7,New York,-4.1,11.0,2025,2,February,True
2025-02-03,6.1,-3.1,0.3,12.8,New York,1.5,9.2,2025,2,February,True
2025-02-04,6.2,-0.5,0.3,23.0,New York,2.8,6.7,2025,2,February,True
2025-02-05,1.8,-3.5,0.0,14.5,New York,-0.8,5.3,2025,2,February,False
2025-02-06,4.5,-1.9,8.5,14.1,New York,1.3,6.4,2025,2,February,True
2025-02-07,5.1,-2.7,0.0,25.7,New York,1.2,7.8,2025,2,February,False
2025-02-08,1.2,-4.4,7.8,10.1,New York,-1.6,5.6,2025,2,February,True
2025-02-09,1.4,-2.2,6.4,13.1,New York,-0.4,3.6,2025,2,February,True
2025-02-10,0.6,-5.2,0.0,12.9,New York,-2.3,5.8,2025,2,February,False
2025-02-11,-0.2,-9.2,1.2,5.7,New York,-4.7,9.0,2025,2,February,True
2025-02-12,0.4,-2.2,4.5,13.0,New York,-0.9,2.6,2025,2,February,True
2025-02-13,7.2,0.6,6.6,19.4,New York,3.9,6.6,2025,2,February,True
2025-02-14,1.0,-3.2,0.0,19.2,New York,-1.1,4.2,2025,2,February,False
2025-02-15,1.7,-4.0,6.9,12.7,New York,-1.2,5.7,2025,2,February,True
2025-02-16,7.4,0.9,23.1,28.7,New York,4.2,6.5,2025,2,February,True
2025-02-17,0.9,-3.5,0.0,27.2,New York,-1.3,4.4,2025,2,February,False
2025-02-18,-3.0,-8.4,0.0,20.5,New York,-5.7,5.4,2025,2,February,False
2025-02-19,-1.1,-9.2,0.0,16.5,New York,-5.1,8.1,2025,2,February,False
2025-02-20,-1.1,-8.7,0.9,19.3,New York,-4.9,7.6,2025,2,February,True
2025-02-21,-0.3,-6.4,0.0,20.6,New York,-3.4,6.1,2025,2,February,False
2025-02-22,3.7,-7.4,0.0,15.0,New York,-1.8,11.1,2025,2,February,False
2025-02-23,8.0,-1.8,0.0,11.7,New York,3.1,9.8,2025,2,February,False
2025-02-24,8.3,-1.8,0.0,17.4,New York,3.3,10.1,2025,2,February,False
2025-02-25,12.6,3.7,0.0,12.9,New York,8.2,8.9,2025,2,February,False
2025-02-26,13.8,2.4,0.1,19.1,New York,8.1,11.4,2025,2,February,True
2025-02-27,12.1,4.7,9.2,14.8,New York,8.4,7.4,2025,2,February,True
2025-02-28,9.8,1.9,0.0,17.8,New York,5.9,7.9,2025,2,February,False
2025-03-01,16.1,-0.8,0.0,26.3,New York,7.6,16.9,2025,3,March,False
2025-03-02,0.6,-7.3,0.0,19.2,New York,-3.4,7.9,2025,3,March,False
2025-03-03,3.7,-5.6,0.0,13.0,New York,-0.9,9.3,2025,3,March,False
2025-03-04,13.0,-2.0,0.0,13.1,New York,5.5,15.0,2025,3,March,False
2025-03-05,12.6,5.7,39.2,28.0,New York,9.2,6.9,2025,3,March,True
2025-03-06,12.2,2.4,2.9,25.2,New York,7.3,9.8,2025,3,March,True
2025-03-07,8.3,-0.8,0.0,30.4,New York,3.8,9.1,2025,3,March,False
2025-03-08,6.2,1.1,0.0,22.7,New York,3.6,5.1,2025,3,March,False
2025-03-09,10.4,-2.3,0.0,24.4,New York,4.1,12.7,2025,3,March,False
2025-03-10,17.2,3.7,0.0,13.2,New York,10.4,13.5,2025,3,March,False
2025-03-11,16.2,2.8,0.0,11.2,New York,9.5,13.4,2025,3,March,False
2025-03-12,11.4,3.2,0.0,15.0,New York,7.3,8.2,2025,3,March,False
2025-03-13,10.5,2.0,0.0,10.9,New York,6.2,8.5,2025,3,March,False
2025-03-14,12.9,0.8,0.0,10.5,New York,6.8,12.1,2025,3,March,False
2025-03-15,9.3,3.7,0.5,11.9,New York,6.5,5.6,2025,3,March,True
2025-03-16,15.9,7.5,8.2,24.3,New York,11.7,8.4,2025,3,March,True
2025-03-17,14.8,3.4,30.9,22.0,New York,9.1,11.4,2025,3,March,True
2025-03-18,14.2,0.7,0.0,17.8,New York,7.4,13.5,2025,3,March,False
2025-03-19,14.2,2.9,0.0,10.3,New York,8.5,11.3,2025,3,March,False
2025-03-20,10.1,5.6,11.4,16.4,New York,7.8,4.5,2025,3,March,True
2025-03-21,9.4,2.5,7.3,25.7,New York,6.0,6.9,2025,3,March,True
2025-03-22,16.5,2.5,0.0,22.1,New York,9.5,14.0,2025,3,March,False
2025-03-23,8.3,-2.4,0.0,18.0,New York,3.0,10.7,2025,3,March,False
2025-03-24,10.6,4.1,13.7,16.5,New York,7.4,6.5,2025,3,March,True
2025-03-25,14.3,4.9,0.0,26.2,New York,9.6,9.4,2025,3,March,False
2025-03-26,10.2,2.2,0.3,18.0,New York,6.2,8.0,2025,3,March,True
2025-03-27,9.9,-0.5,0.0,16.1,New York,4.7,10.4,2025,3,March,False
2025-03-28,15.8,4.6,1.3,13.2,New York,10.2,11.2,2025,3,March,True
2025-03-29,26.4,7.4,7.3,21.7,New York,16.9,19.0,2025,3,March,True
2025-03-30,13.9,5.7,0.3,9.0,New York,9.8,8.2,2025,3,March,True
2025-03-31,24.0,8.2,39.2,21.2,New York,16.1,15.8,2025,3,March,True
2025-04-01,16.0,4.6,6.6,22.6,New York,10.3,11.4,2025,4,April,True
2025-04-02,8.5,0.3,0.0,16.0,New York,4.4,8.2,2025,4,April,False
2025-04-03,22.4,6.7,1.5,22.0,New York,14.6,15.7,2025,4,April,True
2025-04-04,21.3,12.9,7.2,15.6,New York,17.1,8.4,2025,4,April,True
2025-04-05,12.8,6.1,1.5,16.5,New York,9.4,6.7,2025,4,April,True
2025-04-06,15.5,6.1,3.1,14.0,New York,10.8,9.4,2025,4,April,True
2025-04-07,9.2,4.5,8.5,11.9,New York,6.8,4.7,2025,4,April,True
2025-04-08,6.8,2.0,0.0,27.0,New York,4.4,4.8,2025,4,April,False
2025-04-09,8.4,-1.6,0.0,15.0,New York,3.4,10.0,2025,4,April,False
2025-04-10,9.6,1.7,0.7,17.2,New York,5.6,7.9,2025,4,April,True
2025-04-11,7.5,4.6,11.7,17.9,New York,6.0,2.9,2025,4,April,True
2025-04-12,5.7,1.7,17.2,23.0,New York,3.7,4.0,2025,4,April,True
2025-04-13,14.1,4.0,0.0,19.7,New York,9.0,10.1,2025,4,April,False
2025-04-14,16.3,5.0,0.0,11.3,New York,10.6,11.3,2025,4,April,False
2025-04-15,18.8,9.0,1.4,26.7,New York,13.9,9.8,2025,4,April,True
2025-04-16,10.3,5.4,0.0,25.8,New York,7.8,4.9,2025,4,April,False
2025-04-17,15.6,3.4,0.0,14.7,New York,9.5,12.2,2025,4,April,False
2025-04-18,18.4,4.1,0.0,17.6,New York,11.2,14.3,2025,4,April,False
2025-04-19,27.1,15.7,0.1,19.5,New York,21.4,11.4,2025,4,April,True
2025-04-20,22.1,10.9,0.0,19.6,New York,16.5,11.2,2025,4,April,False
2025-04-21,13.6,7.3,0.3,14.6,New York,10.4,6.3,2025,4,April,True
2025-04-22,27.1,11.1,0.1,15.5,New York,19.1,16.0,2025,4,April,True
2025-04-23,25.2,9.8,0.0,14.7,New York,17.5,15.4,2025,4,April,False
2025-04-24,26.3,11.4,0.0,15.7,New York,18.8,14.9,2025,4,April,False
2025-04-25,25.0,14.4,0.0,16.4,New York,19.7,10.6,2025,4,April,False
2025-04-26,22.3,13.9,13.2,21.4,New York,18.1,8.4,2025,4,April,True
2025-04-27,14.2,8.4,0.0,30.4,New York,11.3,5.8,2025,4,April,False
2025-04-28,22.7,9.1,0.0,12.7,New York,15.9,13.6,2025,4,April,False
2025-04-29,27.1,11.1,0.0,19.3,New York,19.1,16.0,2025,4,April,False
2025-04-30,22.8,16.4,0.0,17.9,New York,19.6,6.4,2025,4,April,False
2025-05-01,21.2,10.3,0.0,14.6,New York,15.8,10.9,2025,5,May,False
2025-05-02,30.1,14.3,0.0,16.0,New York,22.2,15.8,2025,5,May,False
2025-05-03,29.0,18.3,8.7,14.7,New York,23.6,10.7,2025,5,May,True
2025-05-04,21.3,15.3,13.6,13.1,New York,18.3,6.0,2025,5,May,True
2025-05-05,20.3,14.4,12.7,13.5,New York,17.4,5.9,2025,5,May,True
2025-05-06,19.1,14.0,21.3,15.2,New York,16.6,5.1,2025,5,May,True
2025-05-07,22.6,13.9,0.3,11.8,New York,18.2,8.7,2025,5,May,True
2025-05-08,24.3,13.6,0.4,11.0,New York,19.0,10.7,2025,5,May,True
2025-05-09,16.9,12.2,14.6,12.5,New York,14.6,4.7,2025,5,May,True
2025-05-10,20.6,10.2,0.0,23.3,New York,15.4,10.4,2025,5,May,False
2025-05-11,23.4,11.3,0.0,12.3,New York,17.4,12.1,2025,5,May,False
2025-05-12,20.4,10.9,0.0,11.6,New York,15.6,9.5,2025,5,May,False
2025-05-13,20.4,14.8,3.9,11.0,New York,17.6,5.6,2025,5,May,True
2025-05-14,19.3,15.0,26.5,17.1,New York,17.2,4.3,2025,5,May,True
2025-05-15,23.0,15.6,4.1,10.9,New York,19.3,7.4,2025,5,May,True
2025-05-16,22.4,15.2,0.9,13.4,New York,18.8,7.2,2025,5,May,True
2025-05-17,26.8,17.3,2.5,19.2,New York,22.0,9.5,2025,5,May,True
2025-05-18,23.2,14.9,0.5,24.9,New York,19.0,8.3,2025,5,May,True
2025-05-19,20.1,12.2,0.0,21.8,New York,16.2,7.9,2025,5,May,False
2025-05-20,18.6,8.7,0.0,15.2,New York,13.6,9.9,2025,5,May,False
2025-05-21,14.0,9.6,4.0,18.1,New York,11.8,4.4,2025,5,May,True
2025-05-22,12.6,9.0,22.8,20.4,New York,10.8,3.6,2025,5,May,True
2025-05-23,16.8,8.8,3.2,13.9,New York,12.8,8.0,2025,5,May,True
2025-05-24,17.1,8.5,0.5,18.2,New York,12.8,8.6,2025,5,May,True
2025-05-25,19.3,10.4,0.0,17.6,New York,14.8,8.9,2025,5,May,False
2025-05-26,22.3,10.5,0.0,13.1,New York,16.4,11.8,2025,5,May,False
2025-05-27,25.6,11.9,0.0,14.7,New York,18.8,13.7,2025,5,May,False
2025-05-28,19.0,12.5,10.6,11.6,New York,15.8,6.5,2025,5,May,True
2025-05-29,21.7,12.7,2.9,12.2,New York,17.2,9.0,2025,5,May,True
2025-05-30,23.5,16.2,7.7,11.8,New York,19.8,7.3,2025,5,May,True
2025-05-31,19.5,12.3,39.4,25.6,New York,15.9,7.2,2025,5,May,True
2025-06-01,18.8,9.7,0.0,20.8,New York,14.2,9.1,2025,6,June,False
2025-06-02,21.6,9.9,0.0,12.3,New York,15.8,11.7,2025,6,June,False
2025-06-03,26.8,11.4,0.0,10.8,New York,19.1,15.4,2025,6,June,False
2025-06-04,29.8,14.6,0.0,14.2,New York,22.2,15.2,2025,6,June,False
2025-06-05,34.9,20.3,0.0,16.2,New York,27.6,14.6,2025,6,June,False
2025-06-06,31.9,21.7,3.5,13.8,New York,26.8,10.2,2025,6,June,True
2025-06-07,26.8,20.3,3.6,17.2,New York,23.6,6.5,2025,6,June,True
2025-06-08,24.2,16.6,1.7,15.2,New York,20.4,7.6,2025,6,June,True
2025-06-09,21.5,15.2,3.1,10.5,New York,18.4,6.3,2025,6,June,True
2025-06-10,25.7,17.1,17.5,12.5,New York,21.4,8.6,2025,6,June,True
2025-06-11,29.0,17.0,0.0,18.7,New York,23.0,12.0,2025,6,June,False
2025-06-12,33.8,19.8,0.3,16.4,New York,26.8,14.0,2025,6,June,True
2025-06-13,29.8,20.3,0.0,12.5,New York,25.0,9.5,2025,6,June,False
2025-06-14,21.0,15.9,5.3,14.4,New York,18.4,5.1,2025,6,June,True
2025-06-15,19.7,15.2,5.4,11.0,New York,17.4,4.5,2025,6,June,True
2025-06-16,20.0,15.8,3.0,12.1,New York,17.9,4.2,2025,6,June,True
2025-06-17,21.3,17.2,5.2,10.8,New York,19.2,4.1,2025,6,June,True
2025-06-18,28.6,18.3,11.6,12.1,New York,23.5,10.3,2025,6,June,True
2025-06-19,31.4,22.1,4.7,17.1,New York,26.8,9.3,2025,6,June,True
2025-06-20,28.3,18.5,0.3,17.8,New York,23.4,9.8,2025,6,June,True
2025-06-21,33.2,20.1,0.0,15.2,New York,26.6,13.1,2025,6,June,False
2025-06-22,34.1,24.3,0.3,19.3,New York,29.2,9.8,2025,6,June,True
2025-06-23,40.3,26.6,0.0,7.1,New York,33.4,13.7,2025,6,June,False
2025-06-24,40.4,29.0,0.0,17.6,New York,34.7,11.4,2025,6,June,False
2025-06-25,38.4,28.4,0.3,15.9,New York,33.4,10.0,2025,6,June,True
2025-06-26,30.7,20.0,0.3,17.3,New York,25.4,10.7,2025,6,June,True
2025-06-27,23.0,17.9,7.4,13.5,New York,20.4,5.1,2025,6,June,True
2025-06-28,30.6,18.2,0.7,14.2,New York,24.4,12.4,2025,6,June,True
2025-06-29,33.1,23.3,0.0,12.5,New York,28.2,9.8,2025,6,June,False
2025-06-30,35.0,22.7,0.7,16.5,New York,28.8,12.3,2025,6,June,True
2025-07-01,32.8,24.0,8.2,17.7,New York,28.4,8.8,2025,7,July,True
2025-07-02,29.7,22.8,2.7,7.5,New York,26.2,6.9,2025,7,July,True
2025-07-03,31.5,21.5,0.2,18.0,New York,26.5,10.0,2025,7,July,True
2025-07-04,28.3,18.4,0.0,11.6,New York,23.4,9.9,2025,7,July,False
2025-07-05,32.4,19.2,0.0,15.0,New York,25.8,13.2,2025,7,July,False
2025-07-06,34.5,21.7,0.0,13.3,New York,28.1,12.8,2025,7,July,False
2025-07-07,31.7,24.2,4.1,16.3,New York,28.0,7.5,2025,7,July,True
2025-07-08,37.0,23.7,15.6,14.6,New York,30.4,13.3,2025,7,July,True
2025-07-09,32.4,23.0,1.6,9.5,New York,27.7,9.4,2025,7,July,True
2025-07-10,27.2,22.7,18.6,6.6,New York,25.0,4.5,2025,7,July,True
2025-07-11,29.1,21.6,0.2,12.1,New York,25.4,7.5,2025,7,July,True
2025-07-12,30.7,22.7,0.2,13.2,New York,26.7,8.0,2025,7,July,True
2025-07-13,29.8,22.6,0.2,14.5,New York,26.2,7.2,2025,7,July,True
2025-07-14,31.5,23.2,17.5,13.7,New York,27.4,8.3,2025,7,July,True
2025-07-15,28.9,22.9,2.7,8.7,New York,25.9,6.0,2025,7,July,True
2025-07-16,30.7,23.2,2.2,11.6,New York,27.0,7.5,2025,7,July,True
2025-07-17,33.5,23.8,1.9,18.6,New York,28.6,9.7,2025,7,July,True
2025-07-18,29.8,22.4,0.0,15.0,New York,26.1,7.4,2025,7,July,False
2025-07-19,28.3,21.1,0.0,14.0,New York,24.7,7.2,2025,7,July,False
2025-07-20,34.1,22.3,4.1,15.3,New York,28.2,11.8,2025,7,July,True
2025-07-21,31.8,21.5,0.0,19.2,New York,26.6,10.3,2025,7,July,False
2025-07-22,28.1,19.7,0.0,14.0,New York,23.9,8.4,2025,7,July,False
2025-07-23,28.9,19.7,0.0,13.2,New York,24.3,9.2,2025,7,July,False
2025-07-24,31.2,20.0,0.0,14.0,New York,25.6,11.2,2025,7,July,False
2025-07-25,37.8,24.6,5.4,22.7,New York,31.2,13.2,2025,7,July,True
2025-07-26,30.6,23.7,0.0,14.4,New York,27.2,6.9,2025,7,July,False
2025-07-27,30.8,22.4,9.8,13.8,New York,26.6,8.4,2025,7,July,True
2025-07-28,35.2,23.7,0.0,11.9,New York,29.4,11.5,2025,7,July,False
2025-07-29,39.5,24.9,0.0,9.6,New York,32.2,14.6,2025,7,July,False
2025-07-30,37.5,27.1,8.4,14.7,New York,32.3,10.4,2025,7,July,True
2025-07-31,31.8,19.9,7.8,15.7,New York,25.8,11.9,2025,7,July,True
2025-08-01,23.0,17.8,1.3,16.1,New York,20.4,5.2,2025,8,August,True
2025-08-02,25.7,17.2,0.0,10.1,New York,21.4,8.5,2025,8,August,False
2025-08-03,28.1,16.5,0.0,11.1,New York,22.3,11.6,2025,8,August,False
2025-08-04,33.2,17.1,0.0,14.6,New York,25.2,16.1,2025,8,August,False
2025-08-05,31.0,19.9,0.0,9.7,New York,25.4,11.1,2025,8,August,False
2025-08-06,28.5,20.9,0.8,13.0,New York,24.7,7.6,2025,8,August,True
2025-08-07,28.6,19.0,0.1,13.8,New York,23.8,9.6,2025,8,August,True
2025-08-08,28.2,17.0,0.0,12.8,New York,22.6,11.2,2025,8,August,False
2025-08-09,30.0,17.3,0.0,11.3,New York,23.6,12.7,2025,8,August,False
2025-08-10,33.3,18.4,0.0,13.0,New York,25.8,14.9,2025,8,August,False
2025-08-11,32.4,20.8,0.0,12.7,New York,26.6,11.6,2025,8,August,False
2025-08-12,33.4,21.2,0.0,14.1,New York,27.3,12.2,2025,8,August,False
2025-08-13,32.0,23.6,9.2,13.3,New York,27.8,8.4,2025,8,August,True
2025-08-14,31.3,22.7,1.0,6.5,New York,27.0,8.6,2025,8,August,True
2025-08-15,32.4,22.9,0.0,13.1,New York,27.6,9.5,2025,8,August,False
2025-08-16,30.6,22.5,4.9,10.5,New York,26.6,8.1,2025,8,August,True
2025-08-17,35.3,22.0,3.4,14.6,New York,28.6,13.3,2025,8,August,True
2025-08-18,25.0,18.6,0.2,16.8,New York,21.8,6.4,2025,8,August,True
2025-08-19,24.2,17.6,0.0,13.1,New York,20.9,6.6,2025,8,August,False
2025-08-20,22.7,16.0,2.6,15.1,New York,19.4,6.7,2025,8,August,True
2025-08-21,21.9,15.8,0.0,22.6,New York,18.8,6.1,2025,8,August,False
2025-08-22,26.9,15.0,0.0,13.3,New York,21.0,11.9,2025,8,August,False
2025-08-23,28.0,17.2,0.0,21.6,New York,22.6,10.8,2025,8,August,False
2025-08-24,26.3,17.6,0.2,18.6,New York,22.0,8.7,2025,8,August,True
2025-08-25,31.6,19.1,0.0,19.4,New York,25.4,12.5,2025,8,August,False
2025-08-26,27.6,17.7,0.0,16.6,New York,22.6,9.9,2025,8,August,False
2025-08-27,25.0,16.6,0.1,15.6,New York,20.8,8.4,2025,8,August,True
2025-08-28,27.1,15.2,0.0,14.1,New York,21.2,11.9,2025,8,August,False
2025-08-29,27.4,18.0,0.0,16.0,New York,22.7,9.4,2025,8,August,False
2025-08-30,25.8,14.3,0.0,14.0,New York,20.0,11.5,2025,8,August,False
2025-08-31,27.5,14.9,0.0,15.1,New York,21.2,12.6,2025,8,August,False
2025-09-01,26.7,16.6,0.0,16.8,New York,21.6,10.1,2025,9,September,False
2025-09-02,26.9,16.6,0.0,13.9,New York,21.8,10.3,2025,9,September,False
2025-09-03,26.4,15.5,0.0,13.8,New York,21.0,10.9,2025,9,September,False
2025-09-04,25.2,16.1,4.2,20.4,New York,20.6,9.1,2025,9,September,True
2025-09-05,28.5,18.1,5.1,15.7,New York,23.3,10.4,2025,9,September,True
2025-09-06,30.2,19.2,20.4,19.0,New York,24.7,11.0,2025,9,September,True
2025-09-07,20.8,16.8,17.8,9.4,New York,18.8,4.0,2025,9,September,True
2025-09-08,21.7,13.2,0.0,9.2,New York,17.4,8.5,2025,9,September,False
2025-09-09,22.3,13.3,0.0,12.8,New York,17.8,9.0,2025,9,September,False
2025-09-10,20.7,15.3,5.0,13.8,New York,18.0,5.4,2025,9,September,True
2025-09-11,26.9,15.4,0.0,13.6,New York,21.2,11.5,2025,9,September,False
2025-09-12,27.4,16.3,0.0,11.4,New York,21.8,11.1,2025,9,September,False
2025-09-13,26.5,16.2,0.7,12.7,New York,21.4,10.3,2025,9,September,True
2025-09-14,29.8,17.1,0.5,9.3,New York,23.5,12.7,2025,9,September,True
2025-09-15,28.6,17.9,0.0,12.1,New York,23.2,10.7,2025,9,September,False
2025-09-16,24.5,17.5,0.0,17.0,New York,21.0,7.0,2025,9,September,False
2025-09-17,21.1,17.2,6.8,14.4,New York,19.2,3.9,2025,9,September,True
2025-09-18,27.4,18.2,0.1,7.7,New York,22.8,9.2,2025,9,September,True
2025-09-19,28.1,18.1,0.0,11.1,New York,23.1,10.0,2025,9,September,False
2025-09-20,23.8,14.5,0.0,12.3,New York,19.2,9.3,2025,9,September,False
2025-09-21,22.1,13.8,0.0,11.2,New York,18.0,8.3,2025,9,September,False
2025-09-22,22.7,12.0,0.0,11.2,New York,17.4,10.7,2025,9,September,False
2025-09-23,29.5,16.7,6.6,14.9,New York,23.1,12.8,2025,9,September,True
2025-09-24,26.6,18.4,3.0,16.9,New York,22.5,8.2,2025,9,September,True
2025-09-25,24.9,19.9,48.6,15.7,New York,22.4,5.0,2025,9,September,True
2025-09-26,26.6,18.7,0.0,8.7,New York,22.6,7.9,2025,9,September,False
2025-09-27,24.4,16.9,0.1,6.1,New York,20.6,7.5,2025,9,September,True
2025-09-28,28.0,17.7,0.6,6.5,New York,22.8,10.3,2025,9,September,True
2025-09-29,24.1,17.3,0.0,10.7,New York,20.7,6.8,2025,9,September,False
2025-09-30,25.4,17.0,0.0,14.1,New York,21.2,8.4,2025,9,September,False
2025-10-01,20.3,12.1,0.0,14.4,New York,16.2,8.2,2025,10,October,False
2025-10-02,19.1,9.6,0.0,8.7,New York,14.4,9.5,2025,10,October,False
2025-10-03,22.2,9.0,0.0,8.9,New York,15.6,13.2,2025,10,October,False
2025-10-04,27.8,11.8,0.0,9.4,New York,19.8,16.0,2025,10,October,False
2025-10-05,29.8,14.4,0.0,9.6,New York,22.1,15.4,2025,10,October,False
2025-10-06,26.8,14.6,0.0,12.8,New York,20.7,12.2,2025,10,October,False
2025-10-07,27.4,17.1,0.0,19.2,New York,22.2,10.3,2025,10,October,False
2025-10-08,21.8,14.5,5.4,17.4,New York,18.2,7.3,2025,10,October,True
2025-10-09,15.1,8.5,0.0,14.9,New York,11.8,6.6,2025,10,October,False
2025-10-10,16.2,4.9,0.0,11.4,New York,10.6,11.3,2025,10,October,False
2025-10-11,19.0,9.7,1.4,12.9,New York,14.4,9.3,2025,10,October,True
2025-10-12,16.5,13.1,13.9,24.6,New York,14.8,3.4,2025,10,October,True
2025-10-13,14.9,12.3,33.2,28.6,New York,13.6,2.6,2025,10,October,True
2025-10-14,16.2,12.2,0.1,19.0,New York,14.2,4.0,2025,10,October,True
2025-10-15,19.9,11.6,0.0,13.4,New York,15.8,8.3,2025,10,October,False
2025-10-16,15.3,7.2,0.0,17.5,New York,11.2,8.1,2025,10,October,False
2025-10-17,17.0,7.2,0.0,15.0,New York,12.1,9.8,2025,10,October,False
2025-10-18,17.9,6.5,0.0,7.6,New York,12.2,11.4,2025,10,October,False
2025-10-19,20.8,9.9,0.0,20.4,New York,15.4,10.9,2025,10,October,False
2025-10-20,20.1,12.3,10.2,23.9,New York,16.2,7.8,2025,10,October,True
2025-10-21,19.3,8.0,0.1,12.7,New York,13.6,11.3,2025,10,October,True
2025-10-22,16.7,11.4,1.5,21.1,New York,14.0,5.3,2025,10,October,True
2025-10-23,15.1,8.6,0.1,18.1,New York,11.8,6.5,2025,10,October,True
2025-10-24,14.9,5.9,0.0,11.9,New York,10.4,9.0,2025,10,October,False
2025-10-25,14.4,5.8,0.0,9.2,New York,10.1,8.6,2025,10,October,False
2025-10-26,14.4,6.9,0.1,7.2,New York,10.6,7.5,2025,10,October,True
2025-10-27,13.0,3.5,0.0,11.7,New York,8.2,9.5,2025,10,October,False
2025-10-28,12.4,4.3,0.0,21.7,New York,8.4,8.1,2025,10,October,False
2025-10-29,13.6,7.1,0.1,16.7,New York,10.4,6.5,2025,10,October,True
2025-10-30,16.5,10.9,44.4,26.5,New York,13.7,5.6,2025,10,October,True
2025-10-31,14.8,10.1,0.0,27.4,New York,12.4,4.7,2025,10,October,False
2025-11-01,14.5,7.6,0.0,22.0,New York,11.0,6.9,2025,11,November,False
2025-11-02,15.0,4.0,0.0,9.3,New York,9.5,11.0,2025,11,November,False
2025-11-03,14.0,6.3,0.1,16.3,New York,10.2,7.7,2025,11,November,True
2025-11-04,14.9,8.1,0.0,23.1,New York,11.5,6.8,2025,11,November,False
2025-11-05,18.3,4.0,0.0,20.6,New York,11.2,14.3,2025,11,November,False
2025-11-06,13.7,5.4,1.6,23.4,New York,9.6,8.3,2025,11,November,True
2025-11-07,15.4,1.8,0.0,18.2,New York,8.6,13.6,2025,11,November,False
2025-11-08,18.5,11.9,4.8,15.2,New York,15.2,6.6,2025,11,November,True
2025-11-09,16.4,8.5,0.2,16.5,New York,12.4,7.9,2025,11,November,True
2025-11-10,13.9,2.2,11.9,17.3,New York,8.0,11.7,2025,11,November,True
2025-11-11,4.4,0.8,0.5,28.2,New York,2.6,3.6,2025,11,November,True
2025-11-12,9.3,2.2,0.0,15.6,New York,5.8,7.1,2025,11,November,False
2025-11-13,10.5,5.0,1.8,21.1,New York,7.8,5.5,2025,11,November,True
2025-11-14,10.1,2.9,0.0,16.5,New York,6.5,7.2,2025,11,November,False
2025-11-15,8.8,1.3,0.8,13.0,New York,5.1,7.5,2025,11,November,True
2025-11-16,13.0,4.7,0.2,25.8,New York,8.8,8.3,2025,11,November,True
2025-11-17,6.2,1.4,0.0,25.5,New York,3.8,4.8,2025,11,November,False
2025-11-18,7.9,0.9,0.0,16.1,New York,4.4,7.0,2025,11,November,False
2025-11-19,8.3,2.1,4.6,8.7,New York,5.2,6.2,2025,11,November,True
2025-11-20,7.9,0.0,0.0,6.6,New York,4.0,7.9,2025,11,November,False
2025-11-21,11.0,2.5,0.0,14.4,New York,6.8,8.5,2025,11,November,False
2025-11-22,11.0,4.3,5.1,14.2,New York,7.6,6.7,2025,11,November,True
2025-11-23,7.7,-0.9,0.0,12.2,New York,3.4,8.6,2025,11,November,False
2025-11-24,11.4,4.2,0.0,13.5,New York,7.8,7.2,2025,11,November,False
2025-11-25,12.7,2.9,10.2,18.0,New York,7.8,9.8,2025,11,November,True
2025-11-26,15.4,10.9,4.6,17.6,New York,13.2,4.5,2025,11,November,True
2025-11-27,10.4,2.5,0.0,20.0,New York,6.4,7.9,2025,11,November,False
2025-11-28,5.7,0.1,0.0,25.9,New York,2.9,5.6,2025,11,November,False
2025-11-29,5.8,-0.3,0.0,16.0,New York,2.8,6.1,2025,11,November,False
2025-11-30,4.9,-0.4,3.3,12.5,New York,2.2,5.3,2025,11,November,True
2025-12-01,6.1,-0.4,0.0,17.8,New York,2.8,6.5,2025,12,December,False
2025-12-02,3.0,-1.6,17.2,17.2,New York,0.7,4.6,2025,12,December,True
2025-12-03,4.3,-1.3,0.0,17.7,New York,1.5,5.6,2025,12,December,False
2025-12-04,5.5,-3.4,0.1,20.4,New York,1.0,8.9,2025,12,December,True
2025-12-05,-0.8,-6.7,0.0,14.5,New York,-3.8,5.9,2025,12,December,False
2025-12-06,4.4,-1.8,0.4,9.7,New York,1.3,6.2,2025,12,December,True
2025-12-07,5.1,-1.7,0.0,11.8,New York,1.7,6.8,2025,12,December,False
2025-12-08,1.8,-4.5,0.0,18.6,New York,-1.4,6.3,2025,12,December,False
2025-12-09,-0.4,-7.5,0.0,15.8,New York,-4.0,7.1,2025,12,December,False
2025-12-10,6.5,-0.7,3.1,18.3,New York,2.9,7.2,2025,12,December,True
2025-12-11,4.0,-2.3,0.0,24.1,New York,0.8,6.3,2025,12,December,False
2025-12-12,1.6,-4.9,0.0,16.1,New York,-1.6,6.5,2025,12,December,False
2025-12-13,3.8,-4.5,0.8,8.0,New York,-0.4,8.3,2025,12,December,True
2025-12-14,0.5,-7.9,11.7,19.0,New York,-3.7,8.4,2025,12,December,True
2025-12-15,-2.9,-8.6,0.0,18.1,New York,-5.8,5.7,2025,12,December,False
2025-12-16,-2.4,-9.3,0.0,11.7,New York,-5.9,6.9,2025,12,December,False
2025-12-17,4.3,-6.5,0.0,14.5,New York,-1.1,10.8,2025,12,December,False
2025-12-18,5.9,-4.6,0.0,12.2,New York,0.7,10.5,2025,12,December,False
2025-12-19,14.5,-0.4,26.2,30.6,New York,7.0,14.9,2025,12,December,True
2025-12-20,2.5,-2.1,0.0,18.9,New York,0.2,4.6,2025,12,December,False
2025-12-21,7.9,-1.8,0.0,22.8,New York,3.1,9.7,2025,12,December,False
2025-12-22,3.1,-3.0,0.0,14.1,New York,0.1,6.1,2025,12,December,False
2025-12-23,3.1,0.2,2.9,10.8,New York,1.6,2.9,2025,12,December,True
2025-12-24,7.4,-1.0,0.0,24.6,New York,3.2,8.4,2025,12,December,False
2025-12-25,8.4,-1.7,0.0,21.2,New York,3.4,10.1,2025,12,December,False
2025-12-26,-2.7,-5.8,7.4,12.0,New York,-4.2,3.1,2025,12,December,True
2025-12-27,-1.0,-7.3,5.3,16.3,New York,-4.2,6.3,2025,12,December,True
2025-12-28,1.1,-11.6,0.9,9.4,New York,-5.2,12.7,2025,12,December,True
2025-12-29,7.4,-1.4,3.9,23.8,New York,3.0,8.8,2025,12,December,True
2025-12-30,-0.3,-3.0,0.0,25.5,New York,-1.6,2.7,2025,12,December,False
2025-12-31,-0.3,-3.7,0.0,16.5,New York,-2.0,3.4,2025,12,December,False
2021-01-01,20.3,10.9,0.0,9.7,Tel Aviv,15.6,9.4,2021,1,January,False
2021-01-02,20.2,10.5,0.0,9.6,Tel Aviv,15.4,9.7,2021,1,January,False
2021-01-03,20.2,10.6,0.0,10.8,Tel Aviv,15.4,9.6,2021,1,January,False
2021-01-04,22.3,10.6,0.0,11.2,Tel Aviv,16.4,11.7,2021,1,January,False
2021-01-05,20.6,11.5,0.0,12.7,Tel Aviv,16.0,9.1,2021,1,January,False
2021-01-06,21.1,11.8,0.0,9.9,Tel Aviv,16.5,9.3,2021,1,January,False
2021-01-07,21.1,13.9,0.0,10.8,Tel Aviv,17.5,7.2,2021,1,January,False
2021-01-08,24.1,13.0,0.0,11.3,Tel Aviv,18.6,11.1,2021,1,January,False
2021-01-09,22.3,12.8,0.0,13.2,Tel Aviv,17.6,9.5,2021,1,January,False
2021-01-10,21.2,10.1,0.0,15.9,Tel Aviv,15.6,11.1,2021,1,January,False
2021-01-11,23.2,11.1,0.0,11.3,Tel Aviv,17.2,12.1,2021,1,January,False
2021-01-12,25.5,11.9,0.0,12.6,Tel Aviv,18.7,13.6,2021,1,January,False
2021-01-13,25.4,15.2,0.8,24.8,Tel Aviv,20.3,10.2,2021,1,January,True
2021-01-14,17.0,13.5,23.3,28.8,Tel Aviv,15.2,3.5,2021,1,January,True
2021-01-15,16.9,12.0,2.6,21.1,Tel Aviv,14.4,4.9,2021,1,January,True
2021-01-16,17.4,9.6,0.5,21.9,Tel Aviv,13.5,7.8,2021,1,January,True
2021-01-17,18.0,13.5,8.1,35.2,Tel Aviv,15.8,4.5,2021,1,January,True
2021-01-18,14.2,12.0,17.3,18.5,Tel Aviv,13.1,2.2,2021,1,January,True
2021-01-19,15.9,11.7,12.5,36.2,Tel Aviv,13.8,4.2,2021,1,January,True
2021-01-20,14.4,11.8,17.2,34.9,Tel Aviv,13.1,2.6,2021,1,January,True
2021-01-21,15.0,7.4,0.0,14.0,Tel Aviv,11.2,7.6,2021,1,January,False
2021-01-22,18.1,7.0,0.0,12.5,Tel Aviv,12.6,11.1,2021,1,January,False
2021-01-23,19.0,7.6,0.0,9.7,Tel Aviv,13.3,11.4,2021,1,January,False
2021-01-24,17.5,5.6,0.0,10.7,Tel Aviv,11.6,11.9,2021,1,January,False
2021-01-25,17.4,5.6,0.0,11.2,Tel Aviv,11.5,11.8,2021,1,January,False
2021-01-26,18.8,7.5,0.0,12.7,Tel Aviv,13.2,11.3,2021,1,January,False
2021-01-27,19.1,8.5,0.0,20.3,Tel Aviv,13.8,10.6,2021,1,January,False
2021-01-28,16.5,11.0,5.8,19.7,Tel Aviv,13.8,5.5,2021,1,January,True
2021-01-29,15.1,9.8,14.6,28.1,Tel Aviv,12.4,5.3,2021,1,January,True
2021-01-30,16.2,11.9,3.6,22.0,Tel Aviv,14.0,4.3,2021,1,January,True
2021-01-31,18.4,9.9,0.7,20.7,Tel Aviv,14.2,8.5,2021,1,January,True
2021-02-01,23.3,8.7,0.0,15.1,Tel Aviv,16.0,14.6,2021,2,February,False
2021-02-02,26.2,14.4,0.0,14.5,Tel Aviv,20.3,11.8,2021,2,February,False
2021-02-03,23.5,12.7,0.0,11.3,Tel Aviv,18.1,10.8,2021,2,February,False
2021-02-04,17.0,12.1,10.6,20.1,Tel Aviv,14.6,4.9,2021,2,February,True
2021-02-05,19.2,12.8,5.6,22.1,Tel Aviv,16.0,6.4,2021,2,February,True
2021-02-06,19.8,11.9,0.0,13.0,Tel Aviv,15.8,7.9,2021,2,February,False
2021-02-07,18.8,11.8,0.1,13.4,Tel Aviv,15.3,7.0,2021,2,February,True
2021-02-08,23.5,7.9,0.0,7.6,Tel Aviv,15.7,15.6,2021,2,February,False
2021-02-09,23.2,10.9,0.0,9.8,Tel Aviv,17.0,12.3,2021,2,February,False
2021-02-10,20.4,9.9,0.0,15.2,Tel Aviv,15.2,10.5,2021,2,February,False
2021-02-11,20.1,9.3,0.0,14.6,Tel Aviv,14.7,10.8,2021,2,February,False
2021-02-12,18.9,7.0,0.0,13.9,Tel Aviv,13.0,11.9,2021,2,February,False
2021-02-13,18.9,10.3,0.0,12.5,Tel Aviv,14.6,8.6,2021,2,February,False
2021-02-14,18.8,9.1,0.0,12.7,Tel Aviv,14.0,9.7,2021,2,February,False
2021-02-15,17.9,11.1,0.0,9.5,Tel Aviv,14.5,6.8,2021,2,February,False
2021-02-16,17.9,10.3,8.5,28.0,Tel Aviv,14.1,7.6,2021,2,February,True
2021-02-17,11.4,8.6,41.0,42.3,Tel Aviv,10.0,2.8,2021,2,February,True
2021-02-18,13.7,8.0,18.1,18.3,Tel Aviv,10.8,5.7,2021,2,February,True
2021-02-19,13.9,10.2,22.0,19.9,Tel Aviv,12.0,3.7,2021,2,February,True
2021-02-20,15.4,8.2,0.5,20.3,Tel Aviv,11.8,7.2,2021,2,February,True
2021-02-21,16.4,7.1,0.0,15.1,Tel Aviv,11.8,9.3,2021,2,February,False
2021-02-22,20.1,6.7,0.0,16.4,Tel Aviv,13.4,13.4,2021,2,February,False
2021-02-23,20.7,11.7,0.1,18.0,Tel Aviv,16.2,9.0,2021,2,February,True
2021-02-24,18.9,10.5,0.0,15.3,Tel Aviv,14.7,8.4,2021,2,February,False
2021-02-25,18.0,10.9,0.2,16.4,Tel Aviv,14.4,7.1,2021,2,February,True
2021-02-26,19.5,8.1,0.0,16.8,Tel Aviv,13.8,11.4,2021,2,February,False
2021-02-27,21.3,9.8,0.0,23.5,Tel Aviv,15.6,11.5,2021,2,February,False
2021-02-28,18.6,10.7,0.0,16.1,Tel Aviv,14.6,7.9,2021,2,February,False
2021-03-01,17.3,11.9,1.4,18.4,Tel Aviv,14.6,5.4,2021,3,March,True
2021-03-02,16.9,11.8,0.9,21.7,Tel Aviv,14.4,5.1,2021,3,March,True
2021-03-03,16.6,11.6,1.3,19.8,Tel Aviv,14.1,5.0,2021,3,March,True
2021-03-04,15.8,9.6,6.5,18.6,Tel Aviv,12.7,6.2,2021,3,March,True
2021-03-05,18.3,10.8,0.1,11.7,Tel Aviv,14.6,7.5,2021,3,March,True
2021-03-06,19.6,7.7,0.0,16.2,Tel Aviv,13.6,11.9,2021,3,March,False
2021-03-07,18.1,7.6,0.0,13.7,Tel Aviv,12.8,10.5,2021,3,March,False
2021-03-08,18.4,11.7,0.0,13.7,Tel Aviv,15.0,6.7,2021,3,March,False
2021-03-09,21.3,9.6,0.0,13.4,Tel Aviv,15.4,11.7,2021,3,March,False
2021-03-10,25.4,13.3,0.0,15.1,Tel Aviv,19.4,12.1,2021,3,March,False
2021-03-11,19.5,14.9,0.0,20.2,Tel Aviv,17.2,4.6,2021,3,March,False
2021-03-12,17.7,13.7,3.7,41.7,Tel Aviv,15.7,4.0,2021,3,March,True
2021-03-13,18.6,11.5,0.0,15.8,Tel Aviv,15.0,7.1,2021,3,March,False
2021-03-14,18.8,9.6,0.0,18.8,Tel Aviv,14.2,9.2,2021,3,March,False
2021-03-15,20.3,12.3,0.5,13.7,Tel Aviv,16.3,8.0,2021,3,March,True
2021-03-16,20.4,11.7,0.0,15.7,Tel Aviv,16.0,8.7,2021,3,March,False
2021-03-17,19.3,11.1,0.0,17.8,Tel Aviv,15.2,8.2,2021,3,March,False
2021-03-18,18.5,13.5,0.6,17.0,Tel Aviv,16.0,5.0,2021,3,March,True
2021-03-19,19.1,12.1,0.0,13.2,Tel Aviv,15.6,7.0,2021,3,March,False
2021-03-20,22.2,11.3,0.0,14.3,Tel Aviv,16.8,10.9,2021,3,March,False
2021-03-21,24.9,11.7,0.0,11.2,Tel Aviv,18.3,13.2,2021,3,March,False
2021-03-22,29.5,18.7,0.2,21.3,Tel Aviv,24.1,10.8,2021,3,March,True
2021-03-23,32.7,17.3,0.2,23.4,Tel Aviv,25.0,15.4,2021,3,March,True
2021-03-24,18.6,14.8,1.1,34.0,Tel Aviv,16.7,3.8,2021,3,March,True
2021-03-25,16.8,13.8,0.6,18.7,Tel Aviv,15.3,3.0,2021,3,March,True
2021-03-26,15.9,11.5,9.0,22.6,Tel Aviv,13.7,4.4,2021,3,March,True
2021-03-27,17.3,10.8,0.0,16.7,Tel Aviv,14.0,6.5,2021,3,March,False
2021-03-28,17.2,10.8,0.0,17.0,Tel Aviv,14.0,6.4,2021,3,March,False
2021-03-29,18.4,9.3,0.0,23.1,Tel Aviv,13.8,9.1,2021,3,March,False
2021-03-30,19.2,9.9,0.0,19.9,Tel Aviv,14.6,9.3,2021,3,March,False
2021-03-31,18.4,12.4,0.4,21.1,Tel Aviv,15.4,6.0,2021,3,March,True
2021-04-01,18.5,10.9,0.4,19.8,Tel Aviv,14.7,7.6,2021,4,April,True
2021-04-02,16.6,11.4,15.8,28.6,Tel Aviv,14.0,5.2,2021,4,April,True
2021-04-03,18.3,11.3,0.4,14.8,Tel Aviv,14.8,7.0,2021,4,April,True
2021-04-04,19.6,9.2,0.0,17.9,Tel Aviv,14.4,10.4,2021,4,April,False
2021-04-05,26.3,9.6,0.0,19.1,Tel Aviv,18.0,16.7,2021,4,April,False
2021-04-06,34.3,15.7,0.0,19.0,Tel Aviv,25.0,18.6,2021,4,April,False
2021-04-07,26.1,15.6,0.0,15.0,Tel Aviv,20.8,10.5,2021,4,April,False
2021-04-08,21.5,14.1,0.0,16.6,Tel Aviv,17.8,7.4,2021,4,April,False
2021-04-09,20.2,14.2,0.6,18.0,Tel Aviv,17.2,6.0,2021,4,April,True
2021-04-10,16.8,13.7,0.4,31.1,Tel Aviv,15.2,3.1,2021,4,April,True
2021-04-11,18.8,13.8,0.0,22.9,Tel Aviv,16.3,5.0,2021,4,April,False
2021-04-12,18.4,12.7,0.0,17.1,Tel Aviv,15.6,5.7,2021,4,April,False
2021-04-13,19.0,10.9,0.0,17.7,Tel Aviv,15.0,8.1,2021,4,April,False
2021-04-14,22.0,10.2,0.0,22.3,Tel Aviv,16.1,11.8,2021,4,April,False
2021-04-15,24.1,10.0,0.0,21.4,Tel Aviv,17.0,14.1,2021,4,April,False
2021-04-16,26.6,11.4,0.0,25.0,Tel Aviv,19.0,15.2,2021,4,April,False
2021-04-17,26.8,12.2,0.0,15.4,Tel Aviv,19.5,14.6,2021,4,April,False
2021-04-18,29.2,14.4,0.0,14.9,Tel Aviv,21.8,14.8,2021,4,April,False
2021-04-19,35.0,18.0,0.0,15.5,Tel Aviv,26.5,17.0,2021,4,April,False
2021-04-20,29.5,17.5,0.0,19.1,Tel Aviv,23.5,12.0,2021,4,April,False
2021-04-21,22.0,15.5,0.0,17.7,Tel Aviv,18.8,6.5,2021,4,April,False
2021-04-22,21.6,12.7,0.0,18.8,Tel Aviv,17.2,8.9,2021,4,April,False
2021-04-23,22.6,12.4,0.0,20.6,Tel Aviv,17.5,10.2,2021,4,April,False
2021-04-24,25.1,16.8,0.0,15.0,Tel Aviv,21.0,8.3,2021,4,April,False
2021-04-25,24.4,15.8,0.0,15.2,Tel Aviv,20.1,8.6,2021,4,April,False
2021-04-26,22.1,17.5,0.2,24.7,Tel Aviv,19.8,4.6,2021,4,April,True
2021-04-27,21.5,15.3,0.0,14.6,Tel Aviv,18.4,6.2,2021,4,April,False
2021-04-28,23.2,13.4,0.0,19.0,Tel Aviv,18.3,9.8,2021,4,April,False
2021-04-29,25.6,14.9,0.0,17.7,Tel Aviv,20.2,10.7,2021,4,April,False
2021-04-30,27.2,15.9,0.0,18.9,Tel Aviv,21.6,11.3,2021,4,April,False
2021-05-01,26.2,15.7,0.0,14.6,Tel Aviv,21.0,10.5,2021,5,May,False
2021-05-02,27.1,15.2,0.0,14.9,Tel Aviv,21.2,11.9,2021,5,May,False
2021-05-03,27.6,16.3,0.0,17.3,Tel Aviv,22.0,11.3,2021,5,May,False
2021-05-04,28.7,17.0,0.0,20.6,Tel Aviv,22.8,11.7,2021,5,May,False
2021-05-05,30.1,17.8,0.0,15.2,Tel Aviv,24.0,12.3,2021,5,May,False
2021-05-06,28.1,16.9,0.0,16.9,Tel Aviv,22.5,11.2,2021,5,May,False
2021-05-07,26.8,17.5,0.0,14.1,Tel Aviv,22.2,9.3,2021,5,May,False
2021-05-08,28.4,16.3,0.0,20.8,Tel Aviv,22.4,12.1,2021,5,May,False
2021-05-09,38.9,17.5,0.0,20.2,Tel Aviv,28.2,21.4,2021,5,May,False
2021-05-10,27.2,20.3,0.0,15.4,Tel Aviv,23.8,6.9,2021,5,May,False
2021-05-11,27.7,18.6,0.0,19.2,Tel Aviv,23.2,9.1,2021,5,May,False
2021-05-12,25.3,16.4,0.0,16.1,Tel Aviv,20.8,8.9,2021,5,May,False
2021-05-13,25.1,18.8,0.0,17.0,Tel Aviv,22.0,6.3,2021,5,May,False
2021-05-14,25.4,16.7,0.0,15.8,Tel Aviv,21.0,8.7,2021,5,May,False
2021-05-15,25.1,17.7,0.0,16.1,Tel Aviv,21.4,7.4,2021,5,May,False
2021-05-16,27.1,16.6,0.0,18.4,Tel Aviv,21.8,10.5,2021,5,May,False
2021-05-17,26.1,18.6,0.0,15.9,Tel Aviv,22.4,7.5,2021,5,May,False
2021-05-18,25.6,19.3,0.0,17.1,Tel Aviv,22.5,6.3,2021,5,May,False
2021-05-19,27.1,17.8,0.0,19.0,Tel Aviv,22.5,9.3,2021,5,May,False
2021-05-20,27.2,18.9,0.0,20.8,Tel Aviv,23.0,8.3,2021,5,May,False
2021-05-21,26.8,19.7,0.0,15.3,Tel Aviv,23.2,7.1,2021,5,May,False
2021-05-22,25.0,19.5,0.0,18.0,Tel Aviv,22.2,5.5,2021,5,May,False
2021-05-23,25.4,20.0,0.0,15.8,Tel Aviv,22.7,5.4,2021,5,May,False
2021-05-24,26.7,18.6,0.0,18.5,Tel Aviv,22.6,8.1,2021,5,May,False
2021-05-25,28.0,18.8,0.0,17.4,Tel Aviv,23.4,9.2,2021,5,May,False
2021-05-26,28.6,17.9,0.0,14.8,Tel Aviv,23.2,10.7,2021,5,May,False
2021-05-27,28.7,17.7,0.0,14.8,Tel Aviv,23.2,11.0,2021,5,May,False
2021-05-28,27.5,20.2,0.0,15.9,Tel Aviv,23.8,7.3,2021,5,May,False
2021-05-29,27.2,20.2,0.0,17.3,Tel Aviv,23.7,7.0,2021,5,May,False
2021-05-30,28.0,19.0,0.0,17.4,Tel Aviv,23.5,9.0,2021,5,May,False
2021-05-31,37.0,18.2,0.0,26.1,Tel Aviv,27.6,18.8,2021,5,May,False
2021-06-01,28.3,21.5,0.0,18.1,Tel Aviv,24.9,6.8,2021,6,June,False
2021-06-02,26.9,20.4,0.0,17.1,Tel Aviv,23.6,6.5,2021,6,June,False
2021-06-03,26.4,18.1,0.0,17.4,Tel Aviv,22.2,8.3,2021,6,June,False
2021-06-04,26.6,19.0,0.0,17.4,Tel Aviv,22.8,7.6,2021,6,June,False
2021-06-05,26.7,20.0,0.0,18.3,Tel Aviv,23.4,6.7,2021,6,June,False
2021-06-06,27.2,18.7,0.0,17.3,Tel Aviv,23.0,8.5,2021,6,June,False
2021-06-07,27.2,18.9,0.0,17.9,Tel Aviv,23.0,8.3,2021,6,June,False
2021-06-08,27.1,18.0,0.0,16.4,Tel Aviv,22.6,9.1,2021,6,June,False
2021-06-09,29.7,19.0,0.0,17.0,Tel Aviv,24.4,10.7,2021,6,June,False
2021-06-10,29.0,20.4,0.0,18.1,Tel Aviv,24.7,8.6,2021,6,June,False
2021-06-11,27.9,20.7,0.0,16.3,Tel Aviv,24.3,7.2,2021,6,June,False
2021-06-12,29.4,19.6,0.0,19.6,Tel Aviv,24.5,9.8,2021,6,June,False
2021-06-13,28.5,21.3,0.0,21.7,Tel Aviv,24.9,7.2,2021,6,June,False
2021-06-14,27.5,22.0,0.0,19.4,Tel Aviv,24.8,5.5,2021,6,June,False
2021-06-15,27.8,20.1,0.0,18.8,Tel Aviv,24.0,7.7,2021,6,June,False
2021-06-16,27.2,19.8,0.2,18.5,Tel Aviv,23.5,7.4,2021,6,June,True
2021-06-17,26.9,21.6,0.0,17.6,Tel Aviv,24.2,5.3,2021,6,June,False
2021-06-18,27.6,20.1,0.0,16.5,Tel Aviv,23.8,7.5,2021,6,June,False
2021-06-19,27.9,20.2,0.0,17.2,Tel Aviv,24.0,7.7,2021,6,June,False
2021-06-20,27.9,19.6,0.0,18.2,Tel Aviv,23.8,8.3,2021,6,June,False
2021-06-21,29.5,19.5,0.0,16.5,Tel Aviv,24.5,10.0,2021,6,June,False
2021-06-22,28.7,19.9,0.0,18.6,Tel Aviv,24.3,8.8,2021,6,June,False
2021-06-23,28.7,22.0,0.3,18.2,Tel Aviv,25.4,6.7,2021,6,June,True
2021-06-24,29.1,21.7,0.0,17.0,Tel Aviv,25.4,7.4,2021,6,June,False
2021-06-25,30.2,20.6,0.0,16.3,Tel Aviv,25.4,9.6,2021,6,June,False
2021-06-26,29.9,21.3,0.0,18.5,Tel Aviv,25.6,8.6,2021,6,June,False
2021-06-27,31.7,21.8,0.0,18.1,Tel Aviv,26.8,9.9,2021,6,June,False
2021-06-28,31.8,21.7,0.0,17.5,Tel Aviv,26.8,10.1,2021,6,June,False
2021-06-29,31.2,22.7,0.0,18.1,Tel Aviv,27.0,8.5,2021,6,June,False
2021-06-30,32.2,22.8,0.0,17.5,Tel Aviv,27.5,9.4,2021,6,June,False
2021-07-01,31.4,23.9,0.0,17.7,Tel Aviv,27.6,7.5,2021,7,July,False
2021-07-02,31.3,23.6,0.0,17.0,Tel Aviv,27.4,7.7,2021,7,July,False
2021-07-03,31.2,23.6,0.0,17.9,Tel Aviv,27.4,7.6,2021,7,July,False
2021-07-04,30.8,24.5,0.0,20.0,Tel Aviv,27.6,6.3,2021,7,July,False
2021-07-05,30.4,24.1,0.0,19.5,Tel Aviv,27.2,6.3,2021,7,July,False
2021-07-06,30.0,22.9,0.0,18.4,Tel Aviv,26.4,7.1,2021,7,July,False
2021-07-07,30.9,22.5,0.0,16.7,Tel Aviv,26.7,8.4,2021,7,July,False
2021-07-08,30.7,22.6,0.0,15.8,Tel Aviv,26.6,8.1,2021,7,July,False
2021-07-09,30.9,22.6,0.0,17.0,Tel Aviv,26.8,8.3,2021,7,July,False
2021-07-10,30.8,23.2,0.0,18.4,Tel Aviv,27.0,7.6,2021,7,July,False
2021-07-11,31.4,24.1,0.0,17.7,Tel Aviv,27.8,7.3,2021,7,July,False
2021-07-12,31.0,23.6,0.0,17.6,Tel Aviv,27.3,7.4,2021,7,July,False
2021-07-13,30.8,23.9,0.0,16.9,Tel Aviv,27.4,6.9,2021,7,July,False
2021-07-14,30.5,23.8,0.0,17.3,Tel Aviv,27.2,6.7,2021,7,July,False
2021-07-15,31.3,24.8,0.0,17.6,Tel Aviv,28.0,6.5,2021,7,July,False
2021-07-16,32.3,24.6,0.0,19.2,Tel Aviv,28.4,7.7,2021,7,July,False
2021-07-17,31.4,24.3,0.0,16.6,Tel Aviv,27.8,7.1,2021,7,July,False
2021-07-18,31.8,21.3,0.0,16.3,Tel Aviv,26.6,10.5,2021,7,July,False
2021-07-19,31.9,23.2,0.0,17.2,Tel Aviv,27.6,8.7,2021,7,July,False
2021-07-20,31.6,25.5,0.0,16.1,Tel Aviv,28.6,6.1,2021,7,July,False
2021-07-21,31.1,23.9,0.0,16.4,Tel Aviv,27.5,7.2,2021,7,July,False
2021-07-22,30.6,25.5,0.0,18.2,Tel Aviv,28.0,5.1,2021,7,July,False
2021-07-23,30.7,24.9,0.0,21.1,Tel Aviv,27.8,5.8,2021,7,July,False
2021-07-24,30.7,26.1,0.8,20.8,Tel Aviv,28.4,4.6,2021,7,July,True
2021-07-25,31.3,25.1,1.2,17.9,Tel Aviv,28.2,6.2,2021,7,July,True
2021-07-26,31.6,25.0,0.0,17.9,Tel Aviv,28.3,6.6,2021,7,July,False
2021-07-27,31.6,23.6,0.0,16.5,Tel Aviv,27.6,8.0,2021,7,July,False
2021-07-28,32.6,25.0,0.0,17.7,Tel Aviv,28.8,7.6,2021,7,July,False
2021-07-29,32.4,25.9,0.0,18.1,Tel Aviv,29.2,6.5,2021,7,July,False
2021-07-30,31.7,24.6,0.0,17.5,Tel Aviv,28.2,7.1,2021,7,July,False
2021-07-31,32.1,24.1,0.0,15.5,Tel Aviv,28.1,8.0,2021,7,July,False
2021-08-01,32.8,22.2,0.0,16.6,Tel Aviv,27.5,10.6,2021,8,August,False
2021-08-02,33.7,22.5,0.0,16.3,Tel Aviv,28.1,11.2,2021,8,August,False
2021-08-03,33.5,21.6,0.0,16.7,Tel Aviv,27.6,11.9,2021,8,August,False
2021-08-04,34.4,22.2,0.0,17.4,Tel Aviv,28.3,12.2,2021,8,August,False
2021-08-05,35.0,23.0,0.0,16.6,Tel Aviv,29.0,12.0,2021,8,August,False
2021-08-06,35.5,23.2,0.0,15.9,Tel Aviv,29.4,12.3,2021,8,August,False
2021-08-07,34.2,24.0,0.0,18.7,Tel Aviv,29.1,10.2,2021,8,August,False
2021-08-08,32.6,26.8,0.0,18.6,Tel Aviv,29.7,5.8,2021,8,August,False
2021-08-09,31.9,25.5,0.2,17.4,Tel Aviv,28.7,6.4,2021,8,August,True
2021-08-10,32.0,24.9,0.0,17.9,Tel Aviv,28.4,7.1,2021,8,August,False
2021-08-11,33.1,25.2,0.0,17.3,Tel Aviv,29.2,7.9,2021,8,August,False
2021-08-12,32.9,25.5,0.0,17.6,Tel Aviv,29.2,7.4,2021,8,August,False
2021-08-13,33.0,24.5,0.0,16.5,Tel Aviv,28.8,8.5,2021,8,August,False
2021-08-14,32.4,25.9,0.0,17.7,Tel Aviv,29.2,6.5,2021,8,August,False
2021-08-15,33.1,25.1,0.0,17.3,Tel Aviv,29.1,8.0,2021,8,August,False
2021-08-16,32.7,24.8,0.0,17.2,Tel Aviv,28.8,7.9,2021,8,August,False
2021-08-17,31.4,24.8,0.0,18.1,Tel Aviv,28.1,6.6,2021,8,August,False
2021-08-18,31.6,24.1,0.0,18.1,Tel Aviv,27.8,7.5,2021,8,August,False
2021-08-19,30.9,23.1,0.0,17.4,Tel Aviv,27.0,7.8,2021,8,August,False
2021-08-20,31.6,22.8,0.0,17.6,Tel Aviv,27.2,8.8,2021,8,August,False
2021-08-21,32.3,24.0,0.0,17.1,Tel Aviv,28.2,8.3,2021,8,August,False
2021-08-22,32.3,24.8,0.0,17.7,Tel Aviv,28.6,7.5,2021,8,August,False
2021-08-23,30.8,24.8,0.0,17.3,Tel Aviv,27.8,6.0,2021,8,August,False
2021-08-24,31.5,22.5,0.0,16.3,Tel Aviv,27.0,9.0,2021,8,August,False
2021-08-25,32.1,22.6,0.0,17.4,Tel Aviv,27.4,9.5,2021,8,August,False
2021-08-26,32.5,23.7,0.0,21.1,Tel Aviv,28.1,8.8,2021,8,August,False
2021-08-27,32.8,25.2,0.0,21.7,Tel Aviv,29.0,7.6,2021,8,August,False
2021-08-28,32.2,24.3,0.0,16.6,Tel Aviv,28.2,7.9,2021,8,August,False
2021-08-29,31.6,25.2,0.0,15.8,Tel Aviv,28.4,6.4,2021,8,August,False
2021-08-30,31.9,24.2,0.0,16.9,Tel Aviv,28.0,7.7,2021,8,August,False
2021-08-31,31.8,26.0,0.0,20.2,Tel Aviv,28.9,5.8,2021,8,August,False
2021-09-01,31.3,23.3,0.0,18.8,Tel Aviv,27.3,8.0,2021,9,September,False
2021-09-02,30.8,24.3,0.0,15.5,Tel Aviv,27.6,6.5,2021,9,September,False
2021-09-03,31.2,23.9,0.0,16.6,Tel Aviv,27.6,7.3,2021,9,September,False
2021-09-04,32.5,23.6,0.0,19.2,Tel Aviv,28.0,8.9,2021,9,September,False
2021-09-05,32.1,23.6,0.0,17.8,Tel Aviv,27.8,8.5,2021,9,September,False
2021-09-06,30.7,23.7,0.0,16.7,Tel Aviv,27.2,7.0,2021,9,September,False
2021-09-07,30.9,22.9,0.0,16.8,Tel Aviv,26.9,8.0,2021,9,September,False
2021-09-08,31.1,22.3,0.0,15.9,Tel Aviv,26.7,8.8,2021,9,September,False
2021-09-09,33.2,21.6,0.0,17.5,Tel Aviv,27.4,11.6,2021,9,September,False
2021-09-10,30.3,25.0,0.7,19.6,Tel Aviv,27.6,5.3,2021,9,September,True
2021-09-11,29.6,25.8,0.0,17.5,Tel Aviv,27.7,3.8,2021,9,September,False
2021-09-12,29.7,23.3,0.0,17.8,Tel Aviv,26.5,6.4,2021,9,September,False
2021-09-13,33.3,21.5,0.0,13.5,Tel Aviv,27.4,11.8,2021,9,September,False
2021-09-14,30.2,24.2,0.1,16.2,Tel Aviv,27.2,6.0,2021,9,September,True
2021-09-15,30.2,21.5,0.9,16.1,Tel Aviv,25.8,8.7,2021,9,September,True
2021-09-16,29.4,22.6,0.2,17.0,Tel Aviv,26.0,6.8,2021,9,September,True
2021-09-17,29.8,21.6,0.0,19.6,Tel Aviv,25.7,8.2,2021,9,September,False
2021-09-18,30.5,21.5,0.0,19.1,Tel Aviv,26.0,9.0,2021,9,September,False
2021-09-19,30.8,20.5,0.0,17.3,Tel Aviv,25.6,10.3,2021,9,September,False
2021-09-20,30.9,20.8,0.0,15.5,Tel Aviv,25.8,10.1,2021,9,September,False
2021-09-21,32.0,21.5,0.0,20.0,Tel Aviv,26.8,10.5,2021,9,September,False
2021-09-22,30.5,22.8,0.0,18.5,Tel Aviv,26.6,7.7,2021,9,September,False
2021-09-23,29.6,25.4,0.0,24.9,Tel Aviv,27.5,4.2,2021,9,September,False
2021-09-24,27.6,22.3,1.6,22.3,Tel Aviv,25.0,5.3,2021,9,September,True
2021-09-25,29.3,20.5,0.0,26.2,Tel Aviv,24.9,8.8,2021,9,September,False
2021-09-26,33.3,19.9,0.0,25.9,Tel Aviv,26.6,13.4,2021,9,September,False
2021-09-27,29.5,22.2,0.0,20.6,Tel Aviv,25.8,7.3,2021,9,September,False
2021-09-28,28.5,22.4,0.3,17.0,Tel Aviv,25.4,6.1,2021,9,September,True
2021-09-29,28.9,21.4,0.0,16.3,Tel Aviv,25.2,7.5,2021,9,September,False
2021-09-30,28.4,21.0,0.0,15.5,Tel Aviv,24.7,7.4,2021,9,September,False
2021-10-01,29.2,21.3,0.0,19.3,Tel Aviv,25.2,7.9,2021,10,October,False
2021-10-02,28.0,22.6,0.3,16.1,Tel Aviv,25.3,5.4,2021,10,October,True
2021-10-03,28.2,21.9,1.0,15.6,Tel Aviv,25.0,6.3,2021,10,October,True
2021-10-04,28.6,19.9,0.0,17.9,Tel Aviv,24.2,8.7,2021,10,October,False
2021-10-05,28.5,19.3,0.0,20.7,Tel Aviv,23.9,9.2,2021,10,October,False
2021-10-06,28.5,18.7,0.0,18.4,Tel Aviv,23.6,9.8,2021,10,October,False
2021-10-07,29.3,17.4,0.0,25.1,Tel Aviv,23.4,11.9,2021,10,October,False
2021-10-08,30.8,18.5,0.0,24.8,Tel Aviv,24.6,12.3,2021,10,October,False
2021-10-09,29.1,19.4,0.0,19.5,Tel Aviv,24.2,9.7,2021,10,October,False
2021-10-10,28.7,18.8,0.0,19.9,Tel Aviv,23.8,9.9,2021,10,October,False
2021-10-11,28.5,16.9,0.0,14.9,Tel Aviv,22.7,11.6,2021,10,October,False
2021-10-12,29.8,20.2,0.0,15.7,Tel Aviv,25.0,9.6,2021,10,October,False
2021-10-13,29.3,20.7,0.0,24.6,Tel Aviv,25.0,8.6,2021,10,October,False
2021-10-14,29.7,20.8,0.0,25.5,Tel Aviv,25.2,8.9,2021,10,October,False
2021-10-15,29.1,20.4,0.0,22.8,Tel Aviv,24.8,8.7,2021,10,October,False
2021-10-16,27.8,19.2,0.0,15.2,Tel Aviv,23.5,8.6,2021,10,October,False
2021-10-17,27.4,19.3,0.0,14.9,Tel Aviv,23.4,8.1,2021,10,October,False
2021-10-18,26.1,19.8,0.3,15.3,Tel Aviv,23.0,6.3,2021,10,October,True
2021-10-19,25.7,19.3,0.8,14.3,Tel Aviv,22.5,6.4,2021,10,October,True
2021-10-20,25.7,18.6,0.3,14.7,Tel Aviv,22.2,7.1,2021,10,October,True
2021-10-21,26.6,17.8,0.2,17.2,Tel Aviv,22.2,8.8,2021,10,October,True
2021-10-22,27.3,17.3,0.0,18.9,Tel Aviv,22.3,10.0,2021,10,October,False
2021-10-23,27.1,19.0,0.0,17.6,Tel Aviv,23.0,8.1,2021,10,October,False
2021-10-24,26.7,17.3,0.0,20.7,Tel Aviv,22.0,9.4,2021,10,October,False
2021-10-25,26.4,17.5,0.0,15.8,Tel Aviv,22.0,8.9,2021,10,October,False
2021-10-26,25.9,16.7,0.0,17.2,Tel Aviv,21.3,9.2,2021,10,October,False
2021-10-27,26.3,16.6,0.0,18.3,Tel Aviv,21.5,9.7,2021,10,October,False
2021-10-28,30.6,15.8,0.0,20.3,Tel Aviv,23.2,14.8,2021,10,October,False
2021-10-29,30.4,18.9,0.0,12.2,Tel Aviv,24.6,11.5,2021,10,October,False
2021-10-30,26.8,19.0,0.0,13.4,Tel Aviv,22.9,7.8,2021,10,October,False
2021-10-31,30.4,17.8,7.8,21.6,Tel Aviv,24.1,12.6,2021,10,October,True
2021-11-01,32.0,20.9,1.2,24.6,Tel Aviv,26.4,11.1,2021,11,November,True
2021-11-02,25.8,19.3,0.2,15.0,Tel Aviv,22.6,6.5,2021,11,November,True
2021-11-03,25.6,16.9,0.0,16.6,Tel Aviv,21.2,8.7,2021,11,November,False
2021-11-04,27.2,17.3,0.0,24.0,Tel Aviv,22.2,9.9,2021,11,November,False
2021-11-05,29.7,15.3,0.0,21.8,Tel Aviv,22.5,14.4,2021,11,November,False
2021-11-06,29.4,16.3,0.0,21.1,Tel Aviv,22.8,13.1,2021,11,November,False
2021-11-07,29.9,15.1,0.0,21.6,Tel Aviv,22.5,14.8,2021,11,November,False
2021-11-08,30.7,16.4,0.0,16.5,Tel Aviv,23.5,14.3,2021,11,November,False
2021-11-09,29.3,19.8,0.0,16.1,Tel Aviv,24.6,9.5,2021,11,November,False
2021-11-10,26.2,14.2,0.0,16.4,Tel Aviv,20.2,12.0,2021,11,November,False
2021-11-11,24.6,15.0,0.0,22.8,Tel Aviv,19.8,9.6,2021,11,November,False
2021-11-12,29.3,12.8,0.0,12.6,Tel Aviv,21.0,16.5,2021,11,November,False
2021-11-13,31.0,18.7,0.0,20.9,Tel Aviv,24.8,12.3,2021,11,November,False
2021-11-14,29.6,19.7,0.0,16.2,Tel Aviv,24.6,9.9,2021,11,November,False
2021-11-15,26.9,16.5,0.0,14.8,Tel Aviv,21.7,10.4,2021,11,November,False
2021-11-16,25.6,14.5,0.0,15.5,Tel Aviv,20.0,11.1,2021,11,November,False
2021-11-17,26.1,14.9,0.0,17.2,Tel Aviv,20.5,11.2,2021,11,November,False
2021-11-18,24.5,16.3,1.0,14.8,Tel Aviv,20.4,8.2,2021,11,November,True
2021-11-19,21.3,15.7,9.1,13.7,Tel Aviv,18.5,5.6,2021,11,November,True
2021-11-20,18.2,14.6,13.9,20.0,Tel Aviv,16.4,3.6,2021,11,November,True
2021-11-21,20.6,12.4,0.4,16.2,Tel Aviv,16.5,8.2,2021,11,November,True
2021-11-22,22.2,13.4,0.0,12.9,Tel Aviv,17.8,8.8,2021,11,November,False
2021-11-23,22.6,12.7,0.0,9.7,Tel Aviv,17.6,9.9,2021,11,November,False
2021-11-24,22.9,13.1,0.0,13.0,Tel Aviv,18.0,9.8,2021,11,November,False
2021-11-25,22.4,13.0,0.0,10.8,Tel Aviv,17.7,9.4,2021,11,November,False
2021-11-26,22.4,13.7,0.0,16.6,Tel Aviv,18.0,8.7,2021,11,November,False
2021-11-27,24.7,11.3,0.0,10.0,Tel Aviv,18.0,13.4,2021,11,November,False
2021-11-28,26.6,13.5,0.0,14.7,Tel Aviv,20.0,13.1,2021,11,November,False
2021-11-29,27.0,12.8,0.0,10.9,Tel Aviv,19.9,14.2,2021,11,November,False
2021-11-30,28.2,16.2,0.0,18.5,Tel Aviv,22.2,12.0,2021,11,November,False
2021-12-01,20.7,17.6,4.6,24.4,Tel Aviv,19.2,3.1,2021,12,December,True
2021-12-02,21.5,14.4,0.1,17.7,Tel Aviv,18.0,7.1,2021,12,December,True
2021-12-03,22.4,11.9,0.0,14.2,Tel Aviv,17.2,10.5,2021,12,December,False
2021-12-04,22.1,11.6,0.0,8.1,Tel Aviv,16.8,10.5,2021,12,December,False
2021-12-05,20.5,13.4,2.1,27.8,Tel Aviv,17.0,7.1,2021,12,December,True
2021-12-06,21.9,13.1,0.1,9.5,Tel Aviv,17.5,8.8,2021,12,December,True
2021-12-07,21.4,14.0,0.0,11.3,Tel Aviv,17.7,7.4,2021,12,December,False
2021-12-08,18.6,14.0,4.4,42.2,Tel Aviv,16.3,4.6,2021,12,December,True
2021-12-09,18.1,12.5,6.1,22.4,Tel Aviv,15.3,5.6,2021,12,December,True
2021-12-10,24.0,10.6,0.0,12.2,Tel Aviv,17.3,13.4,2021,12,December,False
2021-12-11,22.7,12.7,0.0,9.2,Tel Aviv,17.7,10.0,2021,12,December,False
2021-12-12,23.5,12.6,0.0,9.7,Tel Aviv,18.0,10.9,2021,12,December,False
2021-12-13,23.6,14.7,0.0,10.3,Tel Aviv,19.2,8.9,2021,12,December,False
2021-12-14,21.8,15.9,7.5,22.7,Tel Aviv,18.8,5.9,2021,12,December,True
2021-12-15,18.7,13.6,1.3,20.7,Tel Aviv,16.2,5.1,2021,12,December,True
2021-12-16,18.2,11.7,4.3,20.5,Tel Aviv,15.0,6.5,2021,12,December,True
2021-12-17,15.9,11.0,10.9,20.1,Tel Aviv,13.4,4.9,2021,12,December,True
2021-12-18,16.9,11.6,21.7,29.0,Tel Aviv,14.2,5.3,2021,12,December,True
2021-12-19,17.2,12.3,0.0,29.2,Tel Aviv,14.8,4.9,2021,12,December,False
2021-12-20,14.0,11.0,25.6,44.4,Tel Aviv,12.5,3.0,2021,12,December,True
2021-12-21,15.8,11.4,16.2,22.1,Tel Aviv,13.6,4.4,2021,12,December,True
2021-12-22,15.4,12.0,14.0,19.5,Tel Aviv,13.7,3.4,2021,12,December,True
2021-12-23,15.6,10.7,6.6,14.5,Tel Aviv,13.2,4.9,2021,12,December,True
2021-12-24,16.4,10.2,0.2,15.0,Tel Aviv,13.3,6.2,2021,12,December,True
2021-12-25,17.2,8.2,0.0,10.5,Tel Aviv,12.7,9.0,2021,12,December,False
2021-12-26,18.5,6.7,0.0,10.0,Tel Aviv,12.6,11.8,2021,12,December,False
2021-12-27,19.0,8.2,0.0,12.7,Tel Aviv,13.6,10.8,2021,12,December,False
2021-12-28,18.0,9.3,0.0,8.2,Tel Aviv,13.6,8.7,2021,12,December,False
2021-12-29,16.0,8.5,6.1,15.7,Tel Aviv,12.2,7.5,2021,12,December,True
2021-12-30,19.8,9.4,0.1,13.8,Tel Aviv,14.6,10.4,2021,12,December,True
2021-12-31,21.6,12.9,1.2,17.0,Tel Aviv,17.2,8.7,2021,12,December,True
2022-01-01,18.5,12.4,1.9,16.7,Tel Aviv,15.4,6.1,2022,1,January,True
2022-01-02,18.0,11.2,0.0,10.6,Tel Aviv,14.6,6.8,2022,1,January,False
2022-01-03,17.9,11.2,2.8,13.4,Tel Aviv,14.6,6.7,2022,1,January,True
2022-01-04,18.2,10.6,2.0,22.2,Tel Aviv,14.4,7.6,2022,1,January,True
2022-01-05,17.0,11.7,2.0,16.0,Tel Aviv,14.4,5.3,2022,1,January,True
2022-01-06,19.2,8.9,0.0,6.8,Tel Aviv,14.0,10.3,2022,1,January,False
2022-01-07,18.6,9.3,0.0,10.6,Tel Aviv,14.0,9.3,2022,1,January,False
2022-01-08,19.0,7.6,0.0,8.1,Tel Aviv,13.3,11.4,2022,1,January,False
2022-01-09,20.2,9.5,0.0,26.1,Tel Aviv,14.8,10.7,2022,1,January,False
2022-01-10,16.7,10.6,0.0,23.7,Tel Aviv,13.6,6.1,2022,1,January,False
2022-01-11,18.7,8.9,0.0,10.0,Tel Aviv,13.8,9.8,2022,1,January,False
2022-01-12,20.2,8.6,0.0,13.8,Tel Aviv,14.4,11.6,2022,1,January,False
2022-01-13,17.7,10.7,6.0,21.1,Tel Aviv,14.2,7.0,2022,1,January,True
2022-01-14,14.8,10.5,55.2,19.2,Tel Aviv,12.6,4.3,2022,1,January,True
2022-01-15,13.6,10.2,19.9,23.3,Tel Aviv,11.9,3.4,2022,1,January,True
2022-01-16,13.7,8.0,20.4,25.9,Tel Aviv,10.8,5.7,2022,1,January,True
2022-01-17,13.0,4.9,0.0,16.6,Tel Aviv,9.0,8.1,2022,1,January,False
2022-01-18,14.0,3.7,0.0,19.7,Tel Aviv,8.8,10.3,2022,1,January,False
2022-01-19,14.5,8.8,8.8,31.7,Tel Aviv,11.6,5.7,2022,1,January,True
2022-01-20,13.3,8.8,0.0,18.2,Tel Aviv,11.0,4.5,2022,1,January,False
2022-01-21,16.2,6.7,0.0,9.5,Tel Aviv,11.4,9.5,2022,1,January,False
2022-01-22,15.8,5.2,0.0,14.5,Tel Aviv,10.5,10.6,2022,1,January,False
2022-01-23,14.7,9.8,9.7,37.9,Tel Aviv,12.2,4.9,2022,1,January,True
2022-01-24,12.2,7.9,13.8,21.7,Tel Aviv,10.0,4.3,2022,1,January,True
2022-01-25,14.5,4.4,0.0,19.5,Tel Aviv,9.4,10.1,2022,1,January,False
2022-01-26,13.7,8.5,14.9,36.6,Tel Aviv,11.1,5.2,2022,1,January,True
2022-01-27,14.0,7.9,11.1,30.8,Tel Aviv,11.0,6.1,2022,1,January,True
2022-01-28,12.5,9.1,21.8,21.1,Tel Aviv,10.8,3.4,2022,1,January,True
2022-01-29,13.9,7.5,3.8,12.8,Tel Aviv,10.7,6.4,2022,1,January,True
2022-01-30,16.1,5.7,0.0,10.0,Tel Aviv,10.9,10.4,2022,1,January,False
2022-01-31,15.5,7.5,6.2,19.9,Tel Aviv,11.5,8.0,2022,1,January,True
2022-02-01,15.4,8.3,1.8,18.5,Tel Aviv,11.9,7.1,2022,2,February,True
2022-02-02,18.8,7.9,0.0,10.9,Tel Aviv,13.4,10.9,2022,2,February,False
2022-02-03,19.1,7.1,0.5,19.4,Tel Aviv,13.1,12.0,2022,2,February,True
2022-02-04,14.0,11.1,10.2,33.6,Tel Aviv,12.6,2.9,2022,2,February,True
2022-02-05,15.5,10.2,13.9,16.3,Tel Aviv,12.8,5.3,2022,2,February,True
2022-02-06,16.3,9.3,0.1,23.2,Tel Aviv,12.8,7.0,2022,2,February,True
2022-02-07,17.0,9.7,0.5,16.1,Tel Aviv,13.4,7.3,2022,2,February,True
2022-02-08,18.9,7.5,0.0,12.5,Tel Aviv,13.2,11.4,2022,2,February,False
2022-02-09,17.1,7.0,0.4,29.1,Tel Aviv,12.0,10.1,2022,2,February,True
2022-02-10,15.2,10.4,17.6,28.4,Tel Aviv,12.8,4.8,2022,2,February,True
2022-02-11,15.9,9.2,0.3,13.7,Tel Aviv,12.6,6.7,2022,2,February,True
2022-02-12,17.9,6.4,0.0,14.5,Tel Aviv,12.1,11.5,2022,2,February,False
2022-02-13,17.6,7.1,0.0,13.1,Tel Aviv,12.4,10.5,2022,2,February,False
2022-02-14,17.3,10.9,0.6,11.4,Tel Aviv,14.1,6.4,2022,2,February,True
2022-02-15,17.2,10.1,0.5,16.0,Tel Aviv,13.6,7.1,2022,2,February,True
2022-02-16,17.9,9.9,0.1,14.0,Tel Aviv,13.9,8.0,2022,2,February,True
2022-02-17,17.8,7.8,0.0,18.4,Tel Aviv,12.8,10.0,2022,2,February,False
2022-02-18,17.8,7.4,0.0,21.2,Tel Aviv,12.6,10.4,2022,2,February,False
2022-02-19,14.9,10.0,3.0,15.5,Tel Aviv,12.4,4.9,2022,2,February,True
2022-02-20,17.9,10.2,0.6,14.5,Tel Aviv,14.0,7.7,2022,2,February,True
2022-02-21,17.5,10.4,0.0,16.4,Tel Aviv,14.0,7.1,2022,2,February,False
2022-02-22,19.7,9.3,0.0,11.2,Tel Aviv,14.5,10.4,2022,2,February,False
2022-02-23,23.1,9.4,0.0,12.5,Tel Aviv,16.2,13.7,2022,2,February,False
2022-02-24,17.1,11.3,1.0,24.7,Tel Aviv,14.2,5.8,2022,2,February,True
2022-02-25,15.6,11.3,14.2,34.2,Tel Aviv,13.4,4.3,2022,2,February,True
2022-02-26,15.9,12.3,1.7,23.2,Tel Aviv,14.1,3.6,2022,2,February,True
2022-02-27,17.9,9.7,0.0,14.8,Tel Aviv,13.8,8.2,2022,2,February,False
2022-02-28,17.8,8.1,0.0,13.6,Tel Aviv,13.0,9.7,2022,2,February,False
2022-03-01,17.8,8.2,0.0,14.1,Tel Aviv,13.0,9.6,2022,3,March,False
2022-03-02,23.1,11.3,0.0,18.1,Tel Aviv,17.2,11.8,2022,3,March,False
2022-03-03,16.7,13.5,9.3,35.0,Tel Aviv,15.1,3.2,2022,3,March,True
2022-03-04,16.7,12.6,0.0,21.2,Tel Aviv,14.6,4.1,2022,3,March,False
2022-03-05,18.2,8.5,0.0,18.2,Tel Aviv,13.4,9.7,2022,3,March,False
2022-03-06,25.9,8.8,0.3,15.2,Tel Aviv,17.4,17.1,2022,3,March,True
2022-03-07,18.4,11.9,0.0,13.7,Tel Aviv,15.2,6.5,2022,3,March,False
2022-03-08,18.6,11.0,1.4,20.3,Tel Aviv,14.8,7.6,2022,3,March,True
2022-03-09,17.6,12.9,9.8,19.1,Tel Aviv,15.2,4.7,2022,3,March,True
2022-03-10,16.8,12.0,5.8,31.7,Tel Aviv,14.4,4.8,2022,3,March,True
2022-03-11,14.3,11.3,10.2,36.7,Tel Aviv,12.8,3.0,2022,3,March,True
2022-03-12,14.0,8.4,1.4,22.8,Tel Aviv,11.2,5.6,2022,3,March,True
2022-03-13,13.0,6.4,3.1,22.2,Tel Aviv,9.7,6.6,2022,3,March,True
2022-03-14,13.0,8.2,0.1,17.3,Tel Aviv,10.6,4.8,2022,3,March,True
2022-03-15,12.2,6.5,3.5,27.3,Tel Aviv,9.4,5.7,2022,3,March,True
2022-03-16,13.9,4.4,0.0,13.3,Tel Aviv,9.2,9.5,2022,3,March,False
2022-03-17,15.3,5.9,0.0,14.1,Tel Aviv,10.6,9.4,2022,3,March,False
2022-03-18,15.3,10.1,4.7,14.8,Tel Aviv,12.7,5.2,2022,3,March,True
2022-03-19,15.7,11.3,0.3,19.9,Tel Aviv,13.5,4.4,2022,3,March,True
2022-03-20,13.2,8.2,0.0,24.5,Tel Aviv,10.7,5.0,2022,3,March,False
2022-03-21,14.5,6.6,2.8,14.0,Tel Aviv,10.6,7.9,2022,3,March,True
2022-03-22,15.4,7.2,0.0,13.2,Tel Aviv,11.3,8.2,2022,3,March,False
2022-03-23,14.5,6.4,7.5,26.6,Tel Aviv,10.4,8.1,2022,3,March,True
2022-03-24,13.1,8.2,27.6,32.0,Tel Aviv,10.6,4.9,2022,3,March,True
2022-03-25,15.3,9.6,11.9,24.5,Tel Aviv,12.4,5.7,2022,3,March,True
2022-03-26,17.4,10.2,0.0,17.5,Tel Aviv,13.8,7.2,2022,3,March,False
2022-03-27,17.4,9.9,0.4,17.4,Tel Aviv,13.6,7.5,2022,3,March,True
2022-03-28,19.2,8.4,0.0,24.8,Tel Aviv,13.8,10.8,2022,3,March,False
2022-03-29,27.0,10.3,0.0,16.0,Tel Aviv,18.6,16.7,2022,3,March,False
2022-03-30,19.4,11.5,0.0,16.8,Tel Aviv,15.4,7.9,2022,3,March,False
2022-03-31,20.3,9.2,0.0,15.9,Tel Aviv,14.8,11.1,2022,3,March,False
2022-04-01,24.6,9.4,0.0,12.9,Tel Aviv,17.0,15.2,2022,4,April,False
2022-04-02,25.0,11.8,0.0,11.7,Tel Aviv,18.4,13.2,2022,4,April,False
2022-04-03,21.8,11.7,0.0,12.6,Tel Aviv,16.8,10.1,2022,4,April,False
2022-04-04,23.6,9.6,0.0,18.8,Tel Aviv,16.6,14.0,2022,4,April,False
2022-04-05,30.7,11.4,0.0,10.2,Tel Aviv,21.0,19.3,2022,4,April,False
2022-04-06,30.4,15.7,0.0,28.2,Tel Aviv,23.0,14.7,2022,4,April,False
2022-04-07,23.6,15.1,0.0,15.5,Tel Aviv,19.4,8.5,2022,4,April,False
2022-04-08,25.1,15.6,0.1,19.8,Tel Aviv,20.4,9.5,2022,4,April,True
2022-04-09,20.6,13.7,0.0,16.3,Tel Aviv,17.2,6.9,2022,4,April,False
2022-04-10,23.6,11.8,0.0,19.4,Tel Aviv,17.7,11.8,2022,4,April,False
2022-04-11,21.4,14.5,0.0,17.2,Tel Aviv,18.0,6.9,2022,4,April,False
2022-04-12,19.1,14.9,0.0,18.0,Tel Aviv,17.0,4.2,2022,4,April,False
2022-04-13,19.7,13.9,0.0,18.8,Tel Aviv,16.8,5.8,2022,4,April,False
2022-04-14,20.6,11.4,0.0,24.4,Tel Aviv,16.0,9.2,2022,4,April,False
2022-04-15,22.0,9.4,0.0,16.6,Tel Aviv,15.7,12.6,2022,4,April,False
2022-04-16,23.3,10.1,0.0,16.7,Tel Aviv,16.7,13.2,2022,4,April,False
2022-04-17,33.2,11.4,0.0,15.5,Tel Aviv,22.3,21.8,2022,4,April,False
2022-04-18,30.5,18.1,0.0,21.1,Tel Aviv,24.3,12.4,2022,4,April,False
2022-04-19,21.8,16.1,0.0,17.1,Tel Aviv,19.0,5.7,2022,4,April,False
2022-04-20,20.6,15.1,0.2,17.4,Tel Aviv,17.8,5.5,2022,4,April,True
2022-04-21,20.5,12.2,0.0,20.2,Tel Aviv,16.4,8.3,2022,4,April,False
2022-04-22,23.5,11.5,0.0,21.7,Tel Aviv,17.5,12.0,2022,4,April,False
2022-04-23,23.7,15.3,0.0,17.2,Tel Aviv,19.5,8.4,2022,4,April,False
2022-04-24,24.2,16.2,0.0,18.1,Tel Aviv,20.2,8.0,2022,4,April,False
2022-04-25,23.8,15.5,0.0,14.5,Tel Aviv,19.6,8.3,2022,4,April,False
2022-04-26,23.9,15.1,0.0,15.6,Tel Aviv,19.5,8.8,2022,4,April,False
2022-04-27,22.5,15.3,0.0,15.7,Tel Aviv,18.9,7.2,2022,4,April,False
2022-04-28,22.6,15.2,0.0,15.0,Tel Aviv,18.9,7.4,2022,4,April,False
2022-04-29,26.2,12.8,0.0,15.8,Tel Aviv,19.5,13.4,2022,4,April,False
2022-04-30,31.1,17.9,0.0,29.0,Tel Aviv,24.5,13.2,2022,4,April,False
2022-05-01,22.9,17.5,0.1,20.0,Tel Aviv,20.2,5.4,2022,5,May,True
2022-05-02,24.9,16.4,0.2,18.0,Tel Aviv,20.6,8.5,2022,5,May,True
2022-05-03,34.5,19.4,0.0,31.7,Tel Aviv,27.0,15.1,2022,5,May,False
2022-05-04,22.6,17.9,0.3,21.3,Tel Aviv,20.2,4.7,2022,5,May,True
2022-05-05,21.6,17.5,0.1,25.9,Tel Aviv,19.6,4.1,2022,5,May,True
2022-05-06,23.0,17.3,0.7,19.8,Tel Aviv,20.2,5.7,2022,5,May,True
2022-05-07,22.4,15.8,0.2,17.7,Tel Aviv,19.1,6.6,2022,5,May,True
2022-05-08,23.4,12.4,0.0,16.9,Tel Aviv,17.9,11.0,2022,5,May,False
2022-05-09,28.6,14.9,0.0,27.1,Tel Aviv,21.8,13.7,2022,5,May,False
2022-05-10,24.8,15.0,0.0,15.8,Tel Aviv,19.9,9.8,2022,5,May,False
2022-05-11,24.6,13.8,0.0,16.2,Tel Aviv,19.2,10.8,2022,5,May,False
2022-05-12,23.4,15.9,0.0,19.6,Tel Aviv,19.6,7.5,2022,5,May,False
2022-05-13,26.2,15.1,0.0,21.2,Tel Aviv,20.6,11.1,2022,5,May,False
2022-05-14,34.2,18.4,0.0,33.5,Tel Aviv,26.3,15.8,2022,5,May,False
2022-05-15,26.5,18.0,0.1,19.7,Tel Aviv,22.2,8.5,2022,5,May,True
2022-05-16,23.9,16.2,0.0,13.8,Tel Aviv,20.0,7.7,2022,5,May,False
2022-05-17,24.5,16.9,0.0,15.5,Tel Aviv,20.7,7.6,2022,5,May,False
2022-05-18,24.5,15.5,0.0,16.0,Tel Aviv,20.0,9.0,2022,5,May,False
2022-05-19,25.8,16.5,0.0,17.3,Tel Aviv,21.2,9.3,2022,5,May,False
2022-05-20,28.1,15.7,0.0,24.9,Tel Aviv,21.9,12.4,2022,5,May,False
2022-05-21,36.3,18.6,0.0,23.0,Tel Aviv,27.4,17.7,2022,5,May,False
2022-05-22,24.6,19.9,0.0,24.8,Tel Aviv,22.2,4.7,2022,5,May,False
2022-05-23,25.1,18.9,0.0,22.4,Tel Aviv,22.0,6.2,2022,5,May,False
2022-05-24,25.6,16.8,0.0,16.6,Tel Aviv,21.2,8.8,2022,5,May,False
2022-05-25,25.7,17.2,0.0,17.5,Tel Aviv,21.4,8.5,2022,5,May,False
2022-05-26,26.9,18.0,0.0,19.9,Tel Aviv,22.4,8.9,2022,5,May,False
2022-05-27,27.3,17.3,0.0,22.5,Tel Aviv,22.3,10.0,2022,5,May,False
2022-05-28,28.7,18.8,0.0,18.6,Tel Aviv,23.8,9.9,2022,5,May,False
2022-05-29,28.4,19.4,0.0,15.7,Tel Aviv,23.9,9.0,2022,5,May,False
2022-05-30,28.3,19.1,0.0,15.4,Tel Aviv,23.7,9.2,2022,5,May,False
2022-05-31,28.1,18.2,0.0,15.5,Tel Aviv,23.2,9.9,2022,5,May,False
2022-06-01,26.7,20.2,0.0,19.2,Tel Aviv,23.4,6.5,2022,6,June,False
2022-06-02,26.1,19.0,0.0,15.0,Tel Aviv,22.6,7.1,2022,6,June,False
2022-06-03,26.9,17.2,0.0,15.5,Tel Aviv,22.0,9.7,2022,6,June,False
2022-06-04,28.2,16.8,0.0,17.1,Tel Aviv,22.5,11.4,2022,6,June,False
2022-06-05,28.8,17.9,0.0,18.4,Tel Aviv,23.4,10.9,2022,6,June,False
2022-06-06,27.9,19.5,0.0,16.8,Tel Aviv,23.7,8.4,2022,6,June,False
2022-06-07,28.4,20.2,0.1,19.2,Tel Aviv,24.3,8.2,2022,6,June,True
2022-06-08,28.5,20.1,0.0,16.3,Tel Aviv,24.3,8.4,2022,6,June,False
2022-06-09,31.0,18.8,0.0,16.9,Tel Aviv,24.9,12.2,2022,6,June,False
2022-06-10,31.7,21.7,0.0,20.0,Tel Aviv,26.7,10.0,2022,6,June,False
2022-06-11,32.7,18.7,0.0,18.9,Tel Aviv,25.7,14.0,2022,6,June,False
2022-06-12,28.6,21.4,0.0,18.4,Tel Aviv,25.0,7.2,2022,6,June,False
2022-06-13,27.3,22.5,1.2,19.4,Tel Aviv,24.9,4.8,2022,6,June,True
2022-06-14,28.2,20.8,0.2,16.3,Tel Aviv,24.5,7.4,2022,6,June,True
2022-06-15,28.2,19.7,0.0,18.5,Tel Aviv,24.0,8.5,2022,6,June,False
2022-06-16,28.8,20.8,0.0,23.3,Tel Aviv,24.8,8.0,2022,6,June,False
2022-06-17,29.6,22.2,0.0,20.8,Tel Aviv,25.9,7.4,2022,6,June,False
2022-06-18,29.6,22.0,0.0,16.7,Tel Aviv,25.8,7.6,2022,6,June,False
2022-06-19,28.6,21.5,0.0,17.0,Tel Aviv,25.0,7.1,2022,6,June,False
2022-06-20,28.0,20.4,0.0,16.2,Tel Aviv,24.2,7.6,2022,6,June,False
2022-06-21,28.2,21.8,0.0,20.1,Tel Aviv,25.0,6.4,2022,6,June,False
2022-06-22,29.2,23.2,0.0,19.4,Tel Aviv,26.2,6.0,2022,6,June,False
2022-06-23,30.3,22.6,0.0,19.8,Tel Aviv,26.4,7.7,2022,6,June,False
2022-06-24,31.3,21.8,0.0,17.7,Tel Aviv,26.6,9.5,2022,6,June,False
2022-06-25,29.5,22.9,0.7,21.6,Tel Aviv,26.2,6.6,2022,6,June,True
2022-06-26,29.1,22.1,0.0,18.9,Tel Aviv,25.6,7.0,2022,6,June,False
2022-06-27,30.0,22.2,0.0,16.9,Tel Aviv,26.1,7.8,2022,6,June,False
2022-06-28,29.7,21.1,0.0,20.3,Tel Aviv,25.4,8.6,2022,6,June,False
2022-06-29,29.8,21.1,0.0,17.6,Tel Aviv,25.5,8.7,2022,6,June,False
2022-06-30,29.8,19.4,0.0,17.0,Tel Aviv,24.6,10.4,2022,6,June,False
2022-07-01,29.8,20.7,0.0,15.9,Tel Aviv,25.2,9.1,2022,7,July,False
2022-07-02,29.5,22.1,0.0,16.6,Tel Aviv,25.8,7.4,2022,7,July,False
2022-07-03,30.3,22.5,0.0,16.3,Tel Aviv,26.4,7.8,2022,7,July,False
2022-07-04,30.7,22.5,0.0,17.3,Tel Aviv,26.6,8.2,2022,7,July,False
2022-07-05,31.0,22.2,0.0,14.8,Tel Aviv,26.6,8.8,2022,7,July,False
2022-07-06,30.4,23.0,0.1,19.0,Tel Aviv,26.7,7.4,2022,7,July,True
2022-07-07,29.9,23.2,0.0,17.6,Tel Aviv,26.6,6.7,2022,7,July,False
2022-07-08,29.7,20.4,0.0,16.9,Tel Aviv,25.0,9.3,2022,7,July,False
2022-07-09,30.1,21.3,0.0,16.1,Tel Aviv,25.7,8.8,2022,7,July,False
2022-07-10,30.3,23.5,0.0,18.7,Tel Aviv,26.9,6.8,2022,7,July,False
2022-07-11,29.8,24.6,0.1,16.4,Tel Aviv,27.2,5.2,2022,7,July,True
2022-07-12,30.1,22.3,0.0,17.1,Tel Aviv,26.2,7.8,2022,7,July,False
2022-07-13,30.6,23.1,0.0,17.6,Tel Aviv,26.8,7.5,2022,7,July,False
2022-07-14,29.9,23.3,0.5,17.7,Tel Aviv,26.6,6.6,2022,7,July,True
2022-07-15,30.2,23.2,0.0,18.4,Tel Aviv,26.7,7.0,2022,7,July,False
2022-07-16,30.4,22.4,0.0,16.5,Tel Aviv,26.4,8.0,2022,7,July,False
2022-07-17,30.1,21.7,0.0,17.4,Tel Aviv,25.9,8.4,2022,7,July,False
2022-07-18,31.6,23.7,0.0,18.1,Tel Aviv,27.6,7.9,2022,7,July,False
2022-07-19,32.4,23.4,0.0,17.7,Tel Aviv,27.9,9.0,2022,7,July,False
2022-07-20,32.3,23.7,0.0,16.3,Tel Aviv,28.0,8.6,2022,7,July,False
2022-07-21,30.7,23.6,0.0,16.9,Tel Aviv,27.2,7.1,2022,7,July,False
2022-07-22,31.5,23.9,0.0,17.6,Tel Aviv,27.7,7.6,2022,7,July,False
2022-07-23,31.2,23.0,0.0,17.9,Tel Aviv,27.1,8.2,2022,7,July,False
2022-07-24,31.4,23.4,0.0,17.7,Tel Aviv,27.4,8.0,2022,7,July,False
2022-07-25,31.8,24.2,0.0,17.4,Tel Aviv,28.0,7.6,2022,7,July,False
2022-07-26,32.0,22.1,0.0,18.4,Tel Aviv,27.0,9.9,2022,7,July,False
2022-07-27,31.6,21.8,0.0,17.0,Tel Aviv,26.7,9.8,2022,7,July,False
2022-07-28,32.4,21.9,0.0,17.8,Tel Aviv,27.2,10.5,2022,7,July,False
2022-07-29,32.0,23.1,0.0,17.6,Tel Aviv,27.6,8.9,2022,7,July,False
2022-07-30,31.5,23.6,0.0,17.8,Tel Aviv,27.6,7.9,2022,7,July,False
2022-07-31,31.1,23.5,0.0,19.1,Tel Aviv,27.3,7.6,2022,7,July,False
2022-08-01,31.2,23.2,0.0,17.1,Tel Aviv,27.2,8.0,2022,8,August,False
2022-08-02,31.2,24.2,0.0,18.7,Tel Aviv,27.7,7.0,2022,8,August,False
2022-08-03,31.0,23.0,0.0,15.9,Tel Aviv,27.0,8.0,2022,8,August,False
2022-08-04,31.6,23.7,0.0,19.5,Tel Aviv,27.6,7.9,2022,8,August,False
2022-08-05,31.3,25.3,0.0,16.3,Tel Aviv,28.3,6.0,2022,8,August,False
2022-08-06,31.5,25.1,0.0,17.4,Tel Aviv,28.3,6.4,2022,8,August,False
2022-08-07,30.9,25.1,0.0,16.4,Tel Aviv,28.0,5.8,2022,8,August,False
2022-08-08,31.0,23.8,0.0,16.0,Tel Aviv,27.4,7.2,2022,8,August,False
2022-08-09,31.3,23.0,0.0,16.0,Tel Aviv,27.2,8.3,2022,8,August,False
2022-08-10,31.4,24.9,0.0,17.1,Tel Aviv,28.2,6.5,2022,8,August,False
2022-08-11,31.4,24.9,0.0,15.5,Tel Aviv,28.2,6.5,2022,8,August,False
2022-08-12,31.0,23.5,0.0,17.1,Tel Aviv,27.2,7.5,2022,8,August,False
2022-08-13,32.0,23.3,0.2,19.9,Tel Aviv,27.6,8.7,2022,8,August,True
2022-08-14,31.0,24.6,0.0,16.7,Tel Aviv,27.8,6.4,2022,8,August,False
2022-08-15,31.2,23.8,0.0,18.2,Tel Aviv,27.5,7.4,2022,8,August,False
2022-08-16,31.1,22.3,0.0,20.3,Tel Aviv,26.7,8.8,2022,8,August,False
2022-08-17,30.9,23.6,0.0,17.3,Tel Aviv,27.2,7.3,2022,8,August,False
2022-08-18,30.4,22.8,0.0,16.5,Tel Aviv,26.6,7.6,2022,8,August,False
2022-08-19,30.8,22.9,0.0,16.4,Tel Aviv,26.8,7.9,2022,8,August,False
2022-08-20,31.4,22.4,0.0,18.2,Tel Aviv,26.9,9.0,2022,8,August,False
2022-08-21,31.9,24.7,0.0,20.2,Tel Aviv,28.3,7.2,2022,8,August,False
2022-08-22,31.2,23.2,0.4,16.9,Tel Aviv,27.2,8.0,2022,8,August,True
2022-08-23,30.8,24.0,0.0,16.2,Tel Aviv,27.4,6.8,2022,8,August,False
2022-08-24,32.2,22.6,0.0,20.6,Tel Aviv,27.4,9.6,2022,8,August,False
2022-08-25,33.3,23.3,0.0,24.7,Tel Aviv,28.3,10.0,2022,8,August,False
2022-08-26,31.5,24.6,0.0,23.5,Tel Aviv,28.0,6.9,2022,8,August,False
2022-08-27,31.6,25.0,0.0,24.2,Tel Aviv,28.3,6.6,2022,8,August,False
2022-08-28,32.8,25.0,0.0,23.4,Tel Aviv,28.9,7.8,2022,8,August,False
2022-08-29,32.5,26.2,0.0,18.8,Tel Aviv,29.4,6.3,2022,8,August,False
2022-08-30,32.4,25.6,0.0,18.3,Tel Aviv,29.0,6.8,2022,8,August,False
2022-08-31,31.7,24.9,0.2,16.8,Tel Aviv,28.3,6.8,2022,8,August,True
2022-09-01,31.6,25.3,0.0,19.7,Tel Aviv,28.4,6.3,2022,9,September,False
2022-09-02,31.1,24.3,0.0,20.3,Tel Aviv,27.7,6.8,2022,9,September,False
2022-09-03,31.0,24.6,0.0,19.6,Tel Aviv,27.8,6.4,2022,9,September,False
2022-09-04,31.1,24.9,0.0,16.6,Tel Aviv,28.0,6.2,2022,9,September,False
2022-09-05,30.7,25.0,0.0,16.0,Tel Aviv,27.8,5.7,2022,9,September,False
2022-09-06,30.3,24.4,0.3,18.5,Tel Aviv,27.4,5.9,2022,9,September,True
2022-09-07,30.6,23.7,0.6,17.1,Tel Aviv,27.2,6.9,2022,9,September,True
2022-09-08,31.6,22.2,0.0,20.8,Tel Aviv,26.9,9.4,2022,9,September,False
2022-09-09,32.1,21.3,0.0,24.4,Tel Aviv,26.7,10.8,2022,9,September,False
2022-09-10,31.4,21.9,0.0,17.7,Tel Aviv,26.6,9.5,2022,9,September,False
2022-09-11,31.1,22.1,0.0,16.4,Tel Aviv,26.6,9.0,2022,9,September,False
2022-09-12,30.4,21.0,0.0,16.9,Tel Aviv,25.7,9.4,2022,9,September,False
2022-09-13,30.4,22.9,0.0,17.3,Tel Aviv,26.6,7.5,2022,9,September,False
2022-09-14,29.9,23.8,0.0,17.5,Tel Aviv,26.8,6.1,2022,9,September,False
2022-09-15,30.5,21.6,0.0,16.6,Tel Aviv,26.0,8.9,2022,9,September,False
2022-09-16,30.2,20.4,0.0,22.2,Tel Aviv,25.3,9.8,2022,9,September,False
2022-09-17,30.4,23.0,0.0,21.9,Tel Aviv,26.7,7.4,2022,9,September,False
2022-09-18,30.1,22.7,0.0,15.3,Tel Aviv,26.4,7.4,2022,9,September,False
2022-09-19,30.1,23.8,0.0,18.3,Tel Aviv,27.0,6.3,2022,9,September,False
2022-09-20,29.4,22.2,1.0,19.3,Tel Aviv,25.8,7.2,2022,9,September,True
2022-09-21,29.4,23.6,0.0,19.1,Tel Aviv,26.5,5.8,2022,9,September,False
2022-09-22,29.8,22.0,0.0,16.3,Tel Aviv,25.9,7.8,2022,9,September,False
2022-09-23,30.5,20.7,0.0,17.6,Tel Aviv,25.6,9.8,2022,9,September,False
2022-09-24,31.0,21.1,0.0,22.7,Tel Aviv,26.0,9.9,2022,9,September,False
2022-09-25,31.4,21.6,0.0,23.7,Tel Aviv,26.5,9.8,2022,9,September,False
2022-09-26,31.0,20.2,0.0,21.3,Tel Aviv,25.6,10.8,2022,9,September,False
2022-09-27,30.9,19.6,0.0,19.2,Tel Aviv,25.2,11.3,2022,9,September,False
2022-09-28,30.0,18.7,0.0,16.1,Tel Aviv,24.4,11.3,2022,9,September,False
2022-09-29,30.1,20.0,0.0,17.2,Tel Aviv,25.0,10.1,2022,9,September,False
2022-09-30,31.4,20.9,0.0,23.1,Tel Aviv,26.2,10.5,2022,9,September,False
2022-10-01,32.3,21.9,0.0,14.6,Tel Aviv,27.1,10.4,2022,10,October,False
2022-10-02,30.0,22.1,0.0,17.7,Tel Aviv,26.0,7.9,2022,10,October,False
2022-10-03,30.0,21.2,0.0,18.7,Tel Aviv,25.6,8.8,2022,10,October,False
2022-10-04,29.5,22.5,0.0,16.8,Tel Aviv,26.0,7.0,2022,10,October,False
2022-10-05,28.9,21.6,0.0,15.6,Tel Aviv,25.2,7.3,2022,10,October,False
2022-10-06,29.1,20.8,0.0,17.1,Tel Aviv,25.0,8.3,2022,10,October,False
2022-10-07,27.6,21.9,0.0,17.3,Tel Aviv,24.8,5.7,2022,10,October,False
2022-10-08,27.5,19.2,0.1,15.9,Tel Aviv,23.4,8.3,2022,10,October,True
2022-10-09,27.8,20.9,0.0,16.6,Tel Aviv,24.4,6.9,2022,10,October,False
2022-10-10,28.3,19.0,0.0,18.7,Tel Aviv,23.6,9.3,2022,10,October,False
2022-10-11,28.6,18.7,0.0,18.0,Tel Aviv,23.6,9.9,2022,10,October,False
2022-10-12,28.5,19.0,0.0,19.2,Tel Aviv,23.8,9.5,2022,10,October,False
2022-10-13,26.8,21.1,1.1,15.4,Tel Aviv,24.0,5.7,2022,10,October,True
2022-10-14,26.9,19.6,0.4,15.1,Tel Aviv,23.2,7.3,2022,10,October,True
2022-10-15,27.4,19.8,0.0,14.9,Tel Aviv,23.6,7.6,2022,10,October,False
2022-10-16,28.4,18.1,1.1,21.1,Tel Aviv,23.2,10.3,2022,10,October,True
2022-10-17,28.3,20.7,0.0,24.8,Tel Aviv,24.5,7.6,2022,10,October,False
2022-10-18,27.4,19.8,0.1,15.8,Tel Aviv,23.6,7.6,2022,10,October,True
2022-10-19,27.6,17.7,0.0,14.8,Tel Aviv,22.6,9.9,2022,10,October,False
2022-10-20,26.7,19.4,0.0,14.5,Tel Aviv,23.0,7.3,2022,10,October,False
2022-10-21,25.9,20.3,2.0,15.3,Tel Aviv,23.1,5.6,2022,10,October,True
2022-10-22,26.0,19.4,0.3,16.2,Tel Aviv,22.7,6.6,2022,10,October,True
2022-10-23,24.6,17.4,1.9,13.7,Tel Aviv,21.0,7.2,2022,10,October,True
2022-10-24,25.9,17.9,7.1,15.3,Tel Aviv,21.9,8.0,2022,10,October,True
2022-10-25,31.3,17.7,0.0,18.1,Tel Aviv,24.5,13.6,2022,10,October,False
2022-10-26,28.7,18.8,0.8,18.8,Tel Aviv,23.8,9.9,2022,10,October,True
2022-10-27,26.2,18.0,0.0,18.2,Tel Aviv,22.1,8.2,2022,10,October,False
2022-10-28,27.4,17.8,0.0,19.0,Tel Aviv,22.6,9.6,2022,10,October,False
2022-10-29,28.0,16.6,0.0,21.4,Tel Aviv,22.3,11.4,2022,10,October,False
2022-10-30,27.1,18.0,0.1,14.7,Tel Aviv,22.6,9.1,2022,10,October,True
2022-10-31,26.3,18.4,0.2,15.5,Tel Aviv,22.4,7.9,2022,10,October,True
2022-11-01,25.3,17.7,0.6,12.8,Tel Aviv,21.5,7.6,2022,11,November,True
2022-11-02,24.3,15.2,0.5,12.7,Tel Aviv,19.8,9.1,2022,11,November,True
2022-11-03,25.5,16.6,0.0,14.2,Tel Aviv,21.0,8.9,2022,11,November,False
2022-11-04,25.4,15.3,0.0,17.6,Tel Aviv,20.4,10.1,2022,11,November,False
2022-11-05,26.0,15.3,0.0,20.7,Tel Aviv,20.6,10.7,2022,11,November,False
2022-11-06,26.3,17.7,0.0,15.7,Tel Aviv,22.0,8.6,2022,11,November,False
2022-11-07,24.8,17.6,1.2,15.3,Tel Aviv,21.2,7.2,2022,11,November,True
2022-11-08,21.9,16.3,14.4,17.4,Tel Aviv,19.1,5.6,2022,11,November,True
2022-11-09,20.5,15.3,5.5,13.4,Tel Aviv,17.9,5.2,2022,11,November,True
2022-11-10,22.9,13.9,0.6,12.6,Tel Aviv,18.4,9.0,2022,11,November,True
2022-11-11,24.3,14.9,0.0,18.3,Tel Aviv,19.6,9.4,2022,11,November,False
2022-11-12,27.6,13.7,0.0,15.5,Tel Aviv,20.6,13.9,2022,11,November,False
2022-11-13,28.6,17.3,0.0,17.8,Tel Aviv,23.0,11.3,2022,11,November,False
2022-11-14,25.5,17.1,0.2,14.3,Tel Aviv,21.3,8.4,2022,11,November,True
2022-11-15,22.0,16.9,3.2,16.5,Tel Aviv,19.4,5.1,2022,11,November,True
2022-11-16,22.1,15.2,0.7,18.6,Tel Aviv,18.6,6.9,2022,11,November,True
2022-11-17,22.1,15.9,1.0,18.8,Tel Aviv,19.0,6.2,2022,11,November,True
2022-11-18,23.2,14.1,0.1,12.1,Tel Aviv,18.6,9.1,2022,11,November,True
2022-11-19,24.7,12.7,0.0,16.6,Tel Aviv,18.7,12.0,2022,11,November,False
2022-11-20,27.8,14.6,0.0,13.8,Tel Aviv,21.2,13.2,2022,11,November,False
2022-11-21,28.5,17.6,0.0,15.4,Tel Aviv,23.0,10.9,2022,11,November,False
2022-11-22,24.5,16.7,0.6,17.0,Tel Aviv,20.6,7.8,2022,11,November,True
2022-11-23,25.0,14.0,0.0,23.2,Tel Aviv,19.5,11.0,2022,11,November,False
2022-11-24,22.2,14.7,1.3,13.4,Tel Aviv,18.4,7.5,2022,11,November,True
2022-11-25,21.4,15.0,39.5,23.4,Tel Aviv,18.2,6.4,2022,11,November,True
2022-11-26,20.6,15.6,0.1,24.9,Tel Aviv,18.1,5.0,2022,11,November,True
2022-11-27,23.1,13.2,0.0,10.0,Tel Aviv,18.2,9.9,2022,11,November,False
2022-11-28,23.1,14.3,0.1,12.8,Tel Aviv,18.7,8.8,2022,11,November,True
2022-11-29,21.7,14.4,0.8,21.7,Tel Aviv,18.0,7.3,2022,11,November,True
2022-11-30,21.1,14.4,1.3,15.1,Tel Aviv,17.8,6.7,2022,11,November,True
2022-12-01,23.2,11.7,0.0,14.1,Tel Aviv,17.4,11.5,2022,12,December,False
2022-12-02,23.4,10.9,0.0,18.5,Tel Aviv,17.2,12.5,2022,12,December,False
2022-12-03,23.7,11.8,0.0,16.0,Tel Aviv,17.8,11.9,2022,12,December,False
2022-12-04,22.9,12.5,0.0,15.7,Tel Aviv,17.7,10.4,2022,12,December,False
2022-12-05,21.7,11.6,0.0,15.6,Tel Aviv,16.6,10.1,2022,12,December,False
2022-12-06,20.2,13.8,1.1,12.1,Tel Aviv,17.0,6.4,2022,12,December,True
2022-12-07,20.2,12.5,1.4,12.7,Tel Aviv,16.4,7.7,2022,12,December,True
2022-12-08,20.9,11.0,0.0,11.5,Tel Aviv,16.0,9.9,2022,12,December,False
2022-12-09,21.1,10.9,0.0,11.3,Tel Aviv,16.0,10.2,2022,12,December,False
2022-12-10,21.3,10.2,0.0,10.7,Tel Aviv,15.8,11.1,2022,12,December,False
2022-12-11,21.7,9.8,0.0,9.4,Tel Aviv,15.8,11.9,2022,12,December,False
2022-12-12,22.4,12.0,0.0,12.2,Tel Aviv,17.2,10.4,2022,12,December,False
2022-12-13,21.7,11.9,0.0,14.5,Tel Aviv,16.8,9.8,2022,12,December,False
2022-12-14,20.6,14.8,5.2,12.6,Tel Aviv,17.7,5.8,2022,12,December,True
2022-12-15,21.1,14.0,0.7,12.4,Tel Aviv,17.6,7.1,2022,12,December,True
2022-12-16,22.7,12.8,0.0,16.3,Tel Aviv,17.8,9.9,2022,12,December,False
2022-12-17,25.6,12.8,0.0,10.0,Tel Aviv,19.2,12.8,2022,12,December,False
2022-12-18,25.8,13.2,0.0,11.1,Tel Aviv,19.5,12.6,2022,12,December,False
2022-12-19,23.6,11.8,0.0,12.0,Tel Aviv,17.7,11.8,2022,12,December,False
2022-12-20,20.6,11.1,0.0,11.8,Tel Aviv,15.8,9.5,2022,12,December,False
2022-12-21,19.9,13.1,1.6,20.0,Tel Aviv,16.5,6.8,2022,12,December,True
2022-12-22,20.5,11.4,0.0,12.4,Tel Aviv,16.0,9.1,2022,12,December,False
2022-12-23,19.5,12.2,0.0,10.7,Tel Aviv,15.8,7.3,2022,12,December,False
2022-12-24,17.4,12.2,4.2,17.3,Tel Aviv,14.8,5.2,2022,12,December,True
2022-12-25,16.9,12.4,6.0,20.9,Tel Aviv,14.6,4.5,2022,12,December,True
2022-12-26,15.7,12.3,19.2,27.3,Tel Aviv,14.0,3.4,2022,12,December,True
2022-12-27,17.4,11.9,0.2,26.4,Tel Aviv,14.6,5.5,2022,12,December,True
2022-12-28,18.5,10.1,0.0,13.3,Tel Aviv,14.3,8.4,2022,12,December,False
2022-12-29,19.7,9.3,0.0,14.8,Tel Aviv,14.5,10.4,2022,12,December,False
2022-12-30,20.2,9.2,0.0,12.4,Tel Aviv,14.7,11.0,2022,12,December,False
2022-12-31,20.6,11.1,0.0,13.7,Tel Aviv,15.8,9.5,2022,12,December,False
2023-01-01,19.7,12.2,0.0,22.8,Tel Aviv,16.0,7.5,2023,1,January,False
2023-01-02,17.0,13.2,0.2,18.4,Tel Aviv,15.1,3.8,2023,1,January,True
2023-01-03,20.6,12.2,0.0,18.2,Tel Aviv,16.4,8.4,2023,1,January,False
2023-01-04,19.0,9.3,0.4,17.1,Tel Aviv,14.2,9.7,2023,1,January,True
2023-01-05,19.3,11.3,0.3,16.0,Tel Aviv,15.3,8.0,2023,1,January,True
2023-01-06,16.8,13.3,0.8,16.2,Tel Aviv,15.0,3.5,2023,1,January,True
2023-01-07,17.7,12.9,2.5,13.0,Tel Aviv,15.3,4.8,2023,1,January,True
2023-01-08,18.5,9.6,2.2,7.9,Tel Aviv,14.0,8.9,2023,1,January,True
2023-01-09,17.8,9.3,1.9,10.9,Tel Aviv,13.6,8.5,2023,1,January,True
2023-01-10,18.1,8.7,0.1,12.0,Tel Aviv,13.4,9.4,2023,1,January,True
2023-01-11,20.1,9.2,0.0,11.1,Tel Aviv,14.6,10.9,2023,1,January,False
2023-01-12,17.6,8.9,1.1,22.2,Tel Aviv,13.2,8.7,2023,1,January,True
2023-01-13,17.2,9.4,0.3,21.2,Tel Aviv,13.3,7.8,2023,1,January,True
2023-01-14,16.5,10.3,2.4,28.2,Tel Aviv,13.4,6.2,2023,1,January,True
2023-01-15,17.9,11.3,2.4,21.2,Tel Aviv,14.6,6.6,2023,1,January,True
2023-01-16,17.4,10.4,0.1,13.9,Tel Aviv,13.9,7.0,2023,1,January,True
2023-01-17,18.4,10.4,0.0,14.4,Tel Aviv,14.4,8.0,2023,1,January,False
2023-01-18,20.2,8.3,0.0,15.7,Tel Aviv,14.2,11.9,2023,1,January,False
2023-01-19,22.7,8.9,0.0,8.7,Tel Aviv,15.8,13.8,2023,1,January,False
2023-01-20,20.4,9.6,0.0,10.5,Tel Aviv,15.0,10.8,2023,1,January,False
2023-01-21,19.2,8.4,0.0,11.5,Tel Aviv,13.8,10.8,2023,1,January,False
2023-01-22,19.7,9.2,0.0,10.4,Tel Aviv,14.4,10.5,2023,1,January,False
2023-01-23,20.7,9.4,0.0,15.2,Tel Aviv,15.0,11.3,2023,1,January,False
2023-01-24,23.2,9.8,0.0,22.0,Tel Aviv,16.5,13.4,2023,1,January,False
2023-01-25,20.0,10.9,0.0,18.7,Tel Aviv,15.4,9.1,2023,1,January,False
2023-01-26,19.3,8.0,0.0,13.9,Tel Aviv,13.6,11.3,2023,1,January,False
2023-01-27,24.1,8.3,0.0,11.7,Tel Aviv,16.2,15.8,2023,1,January,False
2023-01-28,22.6,14.1,0.2,16.9,Tel Aviv,18.4,8.5,2023,1,January,True
2023-01-29,19.8,10.7,0.2,10.2,Tel Aviv,15.2,9.1,2023,1,January,True
2023-01-30,18.2,10.7,0.1,18.4,Tel Aviv,14.4,7.5,2023,1,January,True
2023-01-31,16.3,11.1,20.4,29.0,Tel Aviv,13.7,5.2,2023,1,January,True
2023-02-01,16.4,10.9,31.4,44.1,Tel Aviv,13.6,5.5,2023,2,February,True
2023-02-02,16.1,12.9,1.7,31.2,Tel Aviv,14.5,3.2,2023,2,February,True
2023-02-03,15.6,10.2,2.7,16.2,Tel Aviv,12.9,5.4,2023,2,February,True
2023-02-04,16.9,10.0,12.5,21.9,Tel Aviv,13.4,6.9,2023,2,February,True
2023-02-05,16.8,11.8,0.3,30.4,Tel Aviv,14.3,5.0,2023,2,February,True
2023-02-06,15.8,10.7,13.9,46.1,Tel Aviv,13.2,5.1,2023,2,February,True
2023-02-07,14.6,10.7,25.8,32.8,Tel Aviv,12.6,3.9,2023,2,February,True
2023-02-08,13.3,9.0,10.2,29.4,Tel Aviv,11.2,4.3,2023,2,February,True
2023-02-09,14.5,7.8,0.6,9.9,Tel Aviv,11.2,6.7,2023,2,February,True
2023-02-10,17.1,7.8,0.0,13.9,Tel Aviv,12.5,9.3,2023,2,February,False
2023-02-11,17.1,7.8,0.0,17.1,Tel Aviv,12.5,9.3,2023,2,February,False
2023-02-12,14.6,6.6,0.4,13.7,Tel Aviv,10.6,8.0,2023,2,February,True
2023-02-13,15.8,7.7,0.2,18.7,Tel Aviv,11.8,8.1,2023,2,February,True
2023-02-14,17.1,4.9,0.0,18.8,Tel Aviv,11.0,12.2,2023,2,February,False
2023-02-15,14.7,7.0,0.2,13.7,Tel Aviv,10.8,7.7,2023,2,February,True
2023-02-16,15.0,7.7,2.2,12.7,Tel Aviv,11.4,7.3,2023,2,February,True
2023-02-17,17.2,6.8,0.0,20.3,Tel Aviv,12.0,10.4,2023,2,February,False
2023-02-18,18.2,6.9,0.0,19.9,Tel Aviv,12.6,11.3,2023,2,February,False
2023-02-19,19.1,8.5,0.0,20.6,Tel Aviv,13.8,10.6,2023,2,February,False
2023-02-20,18.8,6.7,0.0,19.5,Tel Aviv,12.8,12.1,2023,2,February,False
2023-02-21,17.9,10.6,0.1,12.7,Tel Aviv,14.2,7.3,2023,2,February,True
2023-02-22,18.1,7.6,0.0,16.7,Tel Aviv,12.8,10.5,2023,2,February,False
2023-02-23,18.2,10.2,0.0,13.1,Tel Aviv,14.2,8.0,2023,2,February,False
2023-02-24,18.0,9.7,0.3,13.2,Tel Aviv,13.8,8.3,2023,2,February,True
2023-02-25,18.2,7.8,0.0,15.0,Tel Aviv,13.0,10.4,2023,2,February,False
2023-02-26,19.0,9.1,0.0,17.8,Tel Aviv,14.0,9.9,2023,2,February,False
2023-02-27,20.5,10.5,0.0,12.0,Tel Aviv,15.5,10.0,2023,2,February,False
2023-02-28,28.8,15.7,0.0,15.0,Tel Aviv,22.2,13.1,2023,2,February,False
2023-03-01,26.0,13.4,0.0,16.7,Tel Aviv,19.7,12.6,2023,3,March,False
2023-03-02,27.4,10.8,0.0,10.9,Tel Aviv,19.1,16.6,2023,3,March,False
2023-03-03,22.4,14.2,0.0,22.8,Tel Aviv,18.3,8.2,2023,3,March,False
2023-03-04,21.3,11.2,0.0,12.0,Tel Aviv,16.2,10.1,2023,3,March,False
2023-03-05,31.1,10.6,0.0,17.6,Tel Aviv,20.8,20.5,2023,3,March,False
2023-03-06,20.0,15.4,0.1,20.1,Tel Aviv,17.7,4.6,2023,3,March,True
2023-03-07,19.6,12.1,0.0,20.3,Tel Aviv,15.8,7.5,2023,3,March,False
2023-03-08,19.5,13.4,0.0,19.3,Tel Aviv,16.4,6.1,2023,3,March,False
2023-03-09,19.0,11.2,0.1,14.8,Tel Aviv,15.1,7.8,2023,3,March,True
2023-03-10,22.3,8.4,0.0,14.0,Tel Aviv,15.4,13.9,2023,3,March,False
2023-03-11,24.2,9.4,0.0,11.7,Tel Aviv,16.8,14.8,2023,3,March,False
2023-03-12,24.6,10.1,0.0,15.3,Tel Aviv,17.4,14.5,2023,3,March,False
2023-03-13,24.8,13.9,0.0,18.7,Tel Aviv,19.4,10.9,2023,3,March,False
2023-03-14,16.9,13.3,13.7,16.7,Tel Aviv,15.1,3.6,2023,3,March,True
2023-03-15,17.8,12.1,6.6,24.5,Tel Aviv,15.0,5.7,2023,3,March,True
2023-03-16,20.8,11.8,0.0,17.6,Tel Aviv,16.3,9.0,2023,3,March,False
2023-03-17,20.8,12.1,0.0,17.9,Tel Aviv,16.4,8.7,2023,3,March,False
2023-03-18,19.8,10.5,4.5,24.3,Tel Aviv,15.2,9.3,2023,3,March,True
2023-03-19,17.7,12.5,24.4,23.4,Tel Aviv,15.1,5.2,2023,3,March,True
2023-03-20,16.9,11.0,23.5,19.7,Tel Aviv,14.0,5.9,2023,3,March,True
2023-03-21,18.8,11.1,0.4,18.2,Tel Aviv,15.0,7.7,2023,3,March,True
2023-03-22,19.4,11.2,0.0,12.3,Tel Aviv,15.3,8.2,2023,3,March,False
2023-03-23,21.9,11.6,0.0,17.1,Tel Aviv,16.8,10.3,2023,3,March,False
2023-03-24,24.9,13.2,0.0,22.3,Tel Aviv,19.0,11.7,2023,3,March,False
2023-03-25,22.9,15.1,3.6,27.9,Tel Aviv,19.0,7.8,2023,3,March,True
2023-03-26,20.2,13.6,3.0,18.0,Tel Aviv,16.9,6.6,2023,3,March,True
2023-03-27,19.4,12.9,1.1,19.0,Tel Aviv,16.2,6.5,2023,3,March,True
2023-03-28,20.9,11.9,0.0,17.0,Tel Aviv,16.4,9.0,2023,3,March,False
2023-03-29,19.5,13.2,0.4,26.4,Tel Aviv,16.4,6.3,2023,3,March,True
2023-03-30,16.1,13.2,1.0,25.0,Tel Aviv,14.6,2.9,2023,3,March,True
2023-03-31,17.6,12.4,0.0,27.4,Tel Aviv,15.0,5.2,2023,3,March,False
2023-04-01,19.4,11.8,0.0,12.4,Tel Aviv,15.6,7.6,2023,4,April,False
2023-04-02,20.3,9.3,0.0,15.9,Tel Aviv,14.8,11.0,2023,4,April,False
2023-04-03,25.8,10.6,0.0,15.3,Tel Aviv,18.2,15.2,2023,4,April,False
2023-04-04,28.4,13.2,0.0,16.4,Tel Aviv,20.8,15.2,2023,4,April,False
2023-04-05,21.3,13.3,0.0,17.3,Tel Aviv,17.3,8.0,2023,4,April,False
2023-04-06,20.3,13.4,0.2,15.6,Tel Aviv,16.8,6.9,2023,4,April,True
2023-04-07,27.4,11.1,0.0,18.3,Tel Aviv,19.2,16.3,2023,4,April,False
2023-04-08,26.1,13.2,0.0,18.8,Tel Aviv,19.6,12.9,2023,4,April,False
2023-04-09,30.1,16.2,0.0,16.8,Tel Aviv,23.2,13.9,2023,4,April,False
2023-04-10,31.9,18.7,0.8,21.3,Tel Aviv,25.3,13.2,2023,4,April,True
2023-04-11,19.4,14.7,0.9,20.1,Tel Aviv,17.0,4.7,2023,4,April,True
2023-04-12,16.3,12.6,26.0,29.5,Tel Aviv,14.4,3.7,2023,4,April,True
2023-04-13,18.5,12.2,47.8,22.4,Tel Aviv,15.4,6.3,2023,4,April,True
2023-04-14,21.4,9.7,0.0,17.0,Tel Aviv,15.6,11.7,2023,4,April,False
2023-04-15,23.4,11.6,0.0,16.3,Tel Aviv,17.5,11.8,2023,4,April,False
2023-04-16,22.3,13.9,0.0,13.2,Tel Aviv,18.1,8.4,2023,4,April,False
2023-04-17,23.8,15.5,0.0,11.4,Tel Aviv,19.6,8.3,2023,4,April,False
2023-04-18,26.6,16.8,0.0,12.0,Tel Aviv,21.7,9.8,2023,4,April,False
2023-04-19,26.7,15.4,0.0,18.4,Tel Aviv,21.0,11.3,2023,4,April,False
2023-04-20,20.7,16.4,0.0,20.8,Tel Aviv,18.5,4.3,2023,4,April,False
2023-04-21,20.5,15.3,0.0,18.3,Tel Aviv,17.9,5.2,2023,4,April,False
2023-04-22,21.1,12.5,0.0,17.9,Tel Aviv,16.8,8.6,2023,4,April,False
2023-04-23,21.5,13.6,0.0,15.9,Tel Aviv,17.6,7.9,2023,4,April,False
2023-04-24,22.1,12.9,0.0,14.3,Tel Aviv,17.5,9.2,2023,4,April,False
2023-04-25,21.1,13.0,0.0,15.9,Tel Aviv,17.0,8.1,2023,4,April,False
2023-04-26,22.7,11.2,0.0,15.9,Tel Aviv,17.0,11.5,2023,4,April,False
2023-04-27,24.7,11.2,0.0,12.2,Tel Aviv,18.0,13.5,2023,4,April,False
2023-04-28,21.4,15.6,0.3,22.9,Tel Aviv,18.5,5.8,2023,4,April,True
2023-04-29,20.1,16.3,2.5,30.2,Tel Aviv,18.2,3.8,2023,4,April,True
2023-04-30,20.4,14.0,0.0,19.9,Tel Aviv,17.2,6.4,2023,4,April,False
2023-05-01,21.4,13.0,0.0,19.1,Tel Aviv,17.2,8.4,2023,5,May,False
2023-05-02,22.1,12.6,0.0,20.8,Tel Aviv,17.4,9.5,2023,5,May,False
2023-05-03,24.4,14.5,0.0,18.6,Tel Aviv,19.4,9.9,2023,5,May,False
2023-05-04,31.7,12.5,0.0,20.2,Tel Aviv,22.1,19.2,2023,5,May,False
2023-05-05,34.9,15.1,0.0,24.2,Tel Aviv,25.0,19.8,2023,5,May,False
2023-05-06,23.2,17.1,2.3,17.7,Tel Aviv,20.2,6.1,2023,5,May,True
2023-05-07,22.0,16.0,0.4,21.4,Tel Aviv,19.0,6.0,2023,5,May,True
2023-05-08,22.0,15.2,0.6,15.2,Tel Aviv,18.6,6.8,2023,5,May,True
2023-05-09,23.3,15.2,0.0,21.0,Tel Aviv,19.2,8.1,2023,5,May,False
2023-05-10,25.4,14.5,0.0,19.7,Tel Aviv,20.0,10.9,2023,5,May,False
2023-05-11,26.7,15.4,0.0,13.6,Tel Aviv,21.0,11.3,2023,5,May,False
2023-05-12,25.4,17.6,0.0,16.8,Tel Aviv,21.5,7.8,2023,5,May,False
2023-05-13,22.9,17.3,0.0,19.6,Tel Aviv,20.1,5.6,2023,5,May,False
2023-05-14,24.1,16.7,0.0,20.4,Tel Aviv,20.4,7.4,2023,5,May,False
2023-05-15,25.4,15.9,0.0,21.1,Tel Aviv,20.6,9.5,2023,5,May,False
2023-05-16,28.6,15.7,0.0,16.4,Tel Aviv,22.2,12.9,2023,5,May,False
2023-05-17,29.2,19.1,0.0,18.3,Tel Aviv,24.2,10.1,2023,5,May,False
2023-05-18,24.1,18.9,0.2,18.3,Tel Aviv,21.5,5.2,2023,5,May,True
2023-05-19,23.6,17.4,0.0,16.3,Tel Aviv,20.5,6.2,2023,5,May,False
2023-05-20,23.4,17.9,0.8,19.4,Tel Aviv,20.6,5.5,2023,5,May,True
2023-05-21,26.5,16.6,0.0,17.4,Tel Aviv,21.6,9.9,2023,5,May,False
2023-05-22,29.7,20.6,0.0,30.3,Tel Aviv,25.2,9.1,2023,5,May,False
2023-05-23,27.5,19.3,0.0,15.8,Tel Aviv,23.4,8.2,2023,5,May,False
2023-05-24,30.0,19.2,0.0,16.1,Tel Aviv,24.6,10.8,2023,5,May,False
2023-05-25,26.0,19.0,0.0,15.3,Tel Aviv,22.5,7.0,2023,5,May,False
2023-05-26,26.8,15.7,0.0,18.5,Tel Aviv,21.2,11.1,2023,5,May,False
2023-05-27,38.3,20.7,0.0,32.5,Tel Aviv,29.5,17.6,2023,5,May,False
2023-05-28,34.1,22.2,0.0,25.2,Tel Aviv,28.2,11.9,2023,5,May,False
2023-05-29,25.0,19.0,2.7,17.7,Tel Aviv,22.0,6.0,2023,5,May,True
2023-05-30,26.5,17.2,0.0,15.0,Tel Aviv,21.8,9.3,2023,5,May,False
2023-05-31,27.3,16.7,0.0,17.0,Tel Aviv,22.0,10.6,2023,5,May,False
2023-06-01,35.6,17.1,0.4,32.7,Tel Aviv,26.4,18.5,2023,6,June,True
2023-06-02,43.4,25.0,0.1,21.0,Tel Aviv,34.2,18.4,2023,6,June,True
2023-06-03,27.9,20.9,0.0,16.8,Tel Aviv,24.4,7.0,2023,6,June,False
2023-06-04,26.0,19.7,0.0,22.3,Tel Aviv,22.8,6.3,2023,6,June,False
2023-06-05,26.0,17.9,0.0,17.0,Tel Aviv,22.0,8.1,2023,6,June,False
2023-06-06,26.0,18.6,0.0,18.9,Tel Aviv,22.3,7.4,2023,6,June,False
2023-06-07,27.4,17.4,0.0,17.6,Tel Aviv,22.4,10.0,2023,6,June,False
2023-06-08,34.3,18.7,0.0,14.5,Tel Aviv,26.5,15.6,2023,6,June,False
2023-06-09,38.6,21.5,0.0,18.7,Tel Aviv,30.0,17.1,2023,6,June,False
2023-06-10,27.5,22.1,0.0,16.9,Tel Aviv,24.8,5.4,2023,6,June,False
2023-06-11,26.9,20.8,0.1,16.3,Tel Aviv,23.8,6.1,2023,6,June,True
2023-06-12,27.3,18.9,0.0,16.2,Tel Aviv,23.1,8.4,2023,6,June,False
2023-06-13,28.5,19.3,4.4,15.9,Tel Aviv,23.9,9.2,2023,6,June,True
2023-06-14,26.9,19.8,0.0,18.9,Tel Aviv,23.4,7.1,2023,6,June,False
2023-06-15,26.6,20.8,0.3,16.4,Tel Aviv,23.7,5.8,2023,6,June,True
2023-06-16,28.3,19.1,0.0,17.7,Tel Aviv,23.7,9.2,2023,6,June,False
2023-06-17,33.2,20.5,0.0,22.1,Tel Aviv,26.8,12.7,2023,6,June,False
2023-06-18,27.4,21.6,0.3,17.8,Tel Aviv,24.5,5.8,2023,6,June,True
2023-06-19,27.0,19.9,0.0,17.1,Tel Aviv,23.4,7.1,2023,6,June,False
2023-06-20,27.3,20.7,1.1,17.0,Tel Aviv,24.0,6.6,2023,6,June,True
2023-06-21,28.2,20.4,0.0,18.6,Tel Aviv,24.3,7.8,2023,6,June,False
2023-06-22,28.1,19.8,0.0,16.6,Tel Aviv,24.0,8.3,2023,6,June,False
2023-06-23,29.1,19.7,0.0,17.9,Tel Aviv,24.4,9.4,2023,6,June,False
2023-06-24,29.4,19.6,0.0,16.6,Tel Aviv,24.5,9.8,2023,6,June,False
2023-06-25,29.9,20.3,0.0,16.6,Tel Aviv,25.1,9.6,2023,6,June,False
2023-06-26,29.3,20.9,0.0,16.3,Tel Aviv,25.1,8.4,2023,6,June,False
2023-06-27,29.0,21.2,0.0,17.0,Tel Aviv,25.1,7.8,2023,6,June,False
2023-06-28,28.3,20.6,0.0,17.6,Tel Aviv,24.5,7.7,2023,6,June,False
2023-06-29,28.7,22.4,0.2,16.9,Tel Aviv,25.5,6.3,2023,6,June,True
2023-06-30,28.3,21.9,0.3,18.4,Tel Aviv,25.1,6.4,2023,6,June,True
2023-07-01,29.1,22.3,0.0,17.4,Tel Aviv,25.7,6.8,2023,7,July,False
2023-07-02,28.3,23.0,0.5,18.0,Tel Aviv,25.6,5.3,2023,7,July,True
2023-07-03,29.0,20.7,0.0,18.6,Tel Aviv,24.8,8.3,2023,7,July,False
2023-07-04,29.8,20.3,0.0,17.4,Tel Aviv,25.0,9.5,2023,7,July,False
2023-07-05,29.3,20.8,0.0,16.7,Tel Aviv,25.0,8.5,2023,7,July,False
2023-07-06,29.5,22.4,0.1,17.3,Tel Aviv,26.0,7.1,2023,7,July,True
2023-07-07,29.7,23.4,0.1,16.9,Tel Aviv,26.6,6.3,2023,7,July,True
2023-07-08,29.3,24.1,1.0,20.5,Tel Aviv,26.7,5.2,2023,7,July,True
2023-07-09,29.5,24.6,0.0,22.2,Tel Aviv,27.0,4.9,2023,7,July,False
2023-07-10,29.5,24.0,0.5,18.2,Tel Aviv,26.8,5.5,2023,7,July,True
2023-07-11,30.7,23.5,0.0,18.4,Tel Aviv,27.1,7.2,2023,7,July,False
2023-07-12,31.4,22.6,0.0,20.8,Tel Aviv,27.0,8.8,2023,7,July,False
2023-07-13,32.8,22.0,0.0,24.0,Tel Aviv,27.4,10.8,2023,7,July,False
2023-07-14,32.0,21.2,0.0,16.6,Tel Aviv,26.6,10.8,2023,7,July,False
2023-07-15,31.4,23.5,0.0,16.2,Tel Aviv,27.4,7.9,2023,7,July,False
2023-07-16,31.9,23.8,0.0,17.9,Tel Aviv,27.8,8.1,2023,7,July,False
2023-07-17,32.7,23.2,0.0,17.2,Tel Aviv,28.0,9.5,2023,7,July,False
2023-07-18,31.6,22.6,0.0,15.8,Tel Aviv,27.1,9.0,2023,7,July,False
2023-07-19,31.1,22.9,0.0,17.1,Tel Aviv,27.0,8.2,2023,7,July,False
2023-07-20,32.4,22.4,0.0,17.4,Tel Aviv,27.4,10.0,2023,7,July,False
2023-07-21,31.3,20.7,0.0,17.9,Tel Aviv,26.0,10.6,2023,7,July,False
2023-07-22,31.1,21.9,0.0,17.0,Tel Aviv,26.5,9.2,2023,7,July,False
2023-07-23,31.9,22.1,0.0,17.0,Tel Aviv,27.0,9.8,2023,7,July,False
2023-07-24,32.8,25.1,0.0,17.8,Tel Aviv,29.0,7.7,2023,7,July,False
2023-07-25,32.7,24.7,0.0,18.9,Tel Aviv,28.7,8.0,2023,7,July,False
2023-07-26,33.3,23.8,0.0,16.4,Tel Aviv,28.6,9.5,2023,7,July,False
2023-07-27,33.4,20.9,0.0,15.5,Tel Aviv,27.2,12.5,2023,7,July,False
2023-07-28,32.9,22.2,0.0,18.5,Tel Aviv,27.6,10.7,2023,7,July,False
2023-07-29,31.5,22.6,0.0,18.4,Tel Aviv,27.0,8.9,2023,7,July,False
2023-07-30,31.3,24.7,0.0,21.4,Tel Aviv,28.0,6.6,2023,7,July,False
2023-07-31,31.4,23.8,0.0,17.6,Tel Aviv,27.6,7.6,2023,7,July,False
2023-08-01,31.5,22.6,0.0,16.2,Tel Aviv,27.0,8.9,2023,8,August,False
2023-08-02,31.6,23.6,0.0,16.2,Tel Aviv,27.6,8.0,2023,8,August,False
2023-08-03,30.9,22.8,0.0,16.6,Tel Aviv,26.8,8.1,2023,8,August,False
2023-08-04,31.3,23.0,0.0,17.9,Tel Aviv,27.2,8.3,2023,8,August,False
2023-08-05,31.5,25.0,0.0,18.2,Tel Aviv,28.2,6.5,2023,8,August,False
2023-08-06,32.1,24.1,0.0,15.2,Tel Aviv,28.1,8.0,2023,8,August,False
2023-08-07,32.4,20.5,0.0,15.5,Tel Aviv,26.4,11.9,2023,8,August,False
2023-08-08,30.9,24.1,0.6,17.0,Tel Aviv,27.5,6.8,2023,8,August,True
2023-08-09,31.3,23.8,0.0,18.9,Tel Aviv,27.6,7.5,2023,8,August,False
2023-08-10,31.4,25.3,0.0,18.4,Tel Aviv,28.4,6.1,2023,8,August,False
2023-08-11,31.5,25.0,0.0,20.0,Tel Aviv,28.2,6.5,2023,8,August,False
2023-08-12,31.6,24.9,0.0,23.7,Tel Aviv,28.2,6.7,2023,8,August,False
2023-08-13,32.6,27.2,0.0,22.2,Tel Aviv,29.9,5.4,2023,8,August,False
2023-08-14,31.8,27.6,0.2,17.9,Tel Aviv,29.7,4.2,2023,8,August,True
2023-08-15,31.3,27.2,0.1,16.5,Tel Aviv,29.2,4.1,2023,8,August,True
2023-08-16,31.2,26.8,0.2,16.3,Tel Aviv,29.0,4.4,2023,8,August,True
2023-08-17,31.3,26.1,0.0,16.8,Tel Aviv,28.7,5.2,2023,8,August,False
2023-08-18,31.3,26.1,0.0,16.9,Tel Aviv,28.7,5.2,2023,8,August,False
2023-08-19,31.3,26.1,0.2,18.7,Tel Aviv,28.7,5.2,2023,8,August,True
2023-08-20,30.6,26.3,0.3,18.2,Tel Aviv,28.4,4.3,2023,8,August,True
2023-08-21,30.5,24.7,0.0,17.3,Tel Aviv,27.6,5.8,2023,8,August,False
2023-08-22,30.9,23.1,0.0,20.6,Tel Aviv,27.0,7.8,2023,8,August,False
2023-08-23,31.1,23.8,0.0,18.3,Tel Aviv,27.4,7.3,2023,8,August,False
2023-08-24,30.5,24.6,0.0,16.3,Tel Aviv,27.6,5.9,2023,8,August,False
2023-08-25,31.5,24.4,0.0,18.9,Tel Aviv,28.0,7.1,2023,8,August,False
2023-08-26,30.7,24.7,0.3,16.9,Tel Aviv,27.7,6.0,2023,8,August,True
2023-08-27,30.3,24.7,0.0,17.4,Tel Aviv,27.5,5.6,2023,8,August,False
2023-08-28,30.5,24.3,0.4,19.1,Tel Aviv,27.4,6.2,2023,8,August,True
2023-08-29,30.8,24.3,1.5,19.5,Tel Aviv,27.6,6.5,2023,8,August,True
2023-08-30,30.8,23.9,0.0,18.4,Tel Aviv,27.4,6.9,2023,8,August,False
2023-08-31,31.1,21.6,0.0,18.1,Tel Aviv,26.4,9.5,2023,8,August,False
2023-09-01,30.9,23.4,0.0,18.6,Tel Aviv,27.2,7.5,2023,9,September,False
2023-09-02,30.0,23.3,0.0,16.5,Tel Aviv,26.6,6.7,2023,9,September,False
2023-09-03,30.7,24.3,0.6,17.4,Tel Aviv,27.5,6.4,2023,9,September,True
2023-09-04,30.6,22.9,0.0,17.2,Tel Aviv,26.8,7.7,2023,9,September,False
2023-09-05,32.8,21.8,0.0,19.6,Tel Aviv,27.3,11.0,2023,9,September,False
2023-09-06,35.0,22.9,0.0,21.7,Tel Aviv,29.0,12.1,2023,9,September,False
2023-09-07,34.0,21.9,0.0,19.4,Tel Aviv,28.0,12.1,2023,9,September,False
2023-09-08,37.7,21.8,0.0,22.4,Tel Aviv,29.8,15.9,2023,9,September,False
2023-09-09,31.5,26.1,0.0,17.1,Tel Aviv,28.8,5.4,2023,9,September,False
2023-09-10,30.6,23.6,0.2,15.4,Tel Aviv,27.1,7.0,2023,9,September,True
2023-09-11,34.4,23.0,0.0,18.9,Tel Aviv,28.7,11.4,2023,9,September,False
2023-09-12,32.7,26.3,0.0,22.7,Tel Aviv,29.5,6.4,2023,9,September,False
2023-09-13,29.4,23.2,2.9,22.6,Tel Aviv,26.3,6.2,2023,9,September,True
2023-09-14,29.2,22.2,0.0,17.4,Tel Aviv,25.7,7.0,2023,9,September,False
2023-09-15,29.6,20.6,0.0,19.6,Tel Aviv,25.1,9.0,2023,9,September,False
2023-09-16,30.2,20.8,0.0,16.3,Tel Aviv,25.5,9.4,2023,9,September,False
2023-09-17,29.6,21.8,0.0,16.8,Tel Aviv,25.7,7.8,2023,9,September,False
2023-09-18,29.9,21.2,0.0,17.1,Tel Aviv,25.5,8.7,2023,9,September,False
2023-09-19,29.5,21.6,0.1,16.9,Tel Aviv,25.6,7.9,2023,9,September,True
2023-09-20,29.9,22.9,0.0,17.1,Tel Aviv,26.4,7.0,2023,9,September,False
2023-09-21,30.6,22.6,0.1,19.6,Tel Aviv,26.6,8.0,2023,9,September,True
2023-09-22,30.8,22.4,0.0,19.2,Tel Aviv,26.6,8.4,2023,9,September,False
2023-09-23,30.9,23.3,0.0,18.6,Tel Aviv,27.1,7.6,2023,9,September,False
2023-09-24,30.6,22.6,0.0,14.3,Tel Aviv,26.6,8.0,2023,9,September,False
2023-09-25,30.1,22.2,0.0,15.5,Tel Aviv,26.2,7.9,2023,9,September,False
2023-09-26,29.9,21.6,0.0,16.5,Tel Aviv,25.8,8.3,2023,9,September,False
2023-09-27,30.1,21.9,0.0,14.7,Tel Aviv,26.0,8.2,2023,9,September,False
2023-09-28,30.6,19.6,0.0,21.3,Tel Aviv,25.1,11.0,2023,9,September,False
2023-09-29,31.4,19.5,0.0,21.9,Tel Aviv,25.4,11.9,2023,9,September,False
2023-09-30,30.8,19.6,0.0,13.4,Tel Aviv,25.2,11.2,2023,9,September,False
2023-10-01,28.8,24.1,0.1,15.0,Tel Aviv,26.4,4.7,2023,10,October,True
2023-10-02,28.3,24.9,0.1,16.7,Tel Aviv,26.6,3.4,2023,10,October,True
2023-10-03,28.8,21.1,0.4,16.6,Tel Aviv,25.0,7.7,2023,10,October,True
2023-10-04,29.4,21.4,0.1,19.8,Tel Aviv,25.4,8.0,2023,10,October,True
2023-10-05,33.8,21.3,0.0,26.4,Tel Aviv,27.6,12.5,2023,10,October,False
2023-10-06,29.9,21.4,0.0,19.4,Tel Aviv,25.6,8.5,2023,10,October,False
2023-10-07,28.9,20.1,0.0,15.9,Tel Aviv,24.5,8.8,2023,10,October,False
2023-10-08,28.9,22.0,0.0,18.6,Tel Aviv,25.4,6.9,2023,10,October,False
2023-10-09,28.7,20.7,0.1,11.8,Tel Aviv,24.7,8.0,2023,10,October,True
2023-10-10,27.9,21.9,1.7,16.7,Tel Aviv,24.9,6.0,2023,10,October,True
2023-10-11,27.4,20.1,0.5,18.8,Tel Aviv,23.8,7.3,2023,10,October,True
2023-10-12,28.3,20.5,0.0,17.2,Tel Aviv,24.4,7.8,2023,10,October,False
2023-10-13,27.9,19.0,0.0,16.8,Tel Aviv,23.4,8.9,2023,10,October,False
2023-10-14,28.1,19.8,1.3,16.6,Tel Aviv,24.0,8.3,2023,10,October,True
2023-10-15,25.7,19.3,3.4,24.0,Tel Aviv,22.5,6.4,2023,10,October,True
2023-10-16,26.7,19.6,2.4,22.5,Tel Aviv,23.2,7.1,2023,10,October,True
2023-10-17,26.6,19.0,1.2,14.4,Tel Aviv,22.8,7.6,2023,10,October,True
2023-10-18,26.2,17.7,0.4,13.1,Tel Aviv,22.0,8.5,2023,10,October,True
2023-10-19,26.6,19.4,0.6,15.8,Tel Aviv,23.0,7.2,2023,10,October,True
2023-10-20,26.8,19.5,0.1,14.6,Tel Aviv,23.2,7.3,2023,10,October,True
2023-10-21,28.5,17.5,0.0,24.0,Tel Aviv,23.0,11.0,2023,10,October,False
2023-10-22,29.5,18.6,0.0,13.0,Tel Aviv,24.0,10.9,2023,10,October,False
2023-10-23,29.3,21.2,0.0,16.6,Tel Aviv,25.2,8.1,2023,10,October,False
2023-10-24,28.6,21.0,0.0,14.6,Tel Aviv,24.8,7.6,2023,10,October,False
2023-10-25,30.5,18.9,0.0,19.1,Tel Aviv,24.7,11.6,2023,10,October,False
2023-10-26,31.7,19.8,0.0,13.7,Tel Aviv,25.8,11.9,2023,10,October,False
2023-10-27,32.1,19.9,0.0,16.6,Tel Aviv,26.0,12.2,2023,10,October,False
2023-10-28,29.1,20.8,0.0,17.2,Tel Aviv,25.0,8.3,2023,10,October,False
2023-10-29,32.3,20.1,0.0,15.1,Tel Aviv,26.2,12.2,2023,10,October,False
2023-10-30,32.6,24.4,0.0,23.5,Tel Aviv,28.5,8.2,2023,10,October,False
2023-10-31,31.7,23.0,0.0,16.5,Tel Aviv,27.4,8.7,2023,10,October,False
2023-11-01,29.5,21.9,0.0,22.8,Tel Aviv,25.7,7.6,2023,11,November,False
2023-11-02,28.4,20.7,0.0,13.6,Tel Aviv,24.5,7.7,2023,11,November,False
2023-11-03,27.4,20.7,0.0,14.7,Tel Aviv,24.0,6.7,2023,11,November,False
2023-11-04,30.0,16.9,0.0,19.6,Tel Aviv,23.4,13.1,2023,11,November,False
2023-11-05,28.8,16.8,0.0,16.9,Tel Aviv,22.8,12.0,2023,11,November,False
2023-11-06,27.0,16.9,0.0,14.2,Tel Aviv,22.0,10.1,2023,11,November,False
2023-11-07,26.9,15.1,0.0,15.1,Tel Aviv,21.0,11.8,2023,11,November,False
2023-11-08,26.9,15.8,0.0,14.2,Tel Aviv,21.4,11.1,2023,11,November,False
2023-11-09,26.4,16.7,0.0,14.8,Tel Aviv,21.5,9.7,2023,11,November,False
2023-11-10,26.5,17.8,0.0,14.4,Tel Aviv,22.2,8.7,2023,11,November,False
2023-11-11,27.9,16.5,0.0,14.1,Tel Aviv,22.2,11.4,2023,11,November,False
2023-11-12,31.0,19.6,0.3,23.0,Tel Aviv,25.3,11.4,2023,11,November,True
2023-11-13,28.4,18.6,0.0,14.0,Tel Aviv,23.5,9.8,2023,11,November,False
2023-11-14,22.5,18.1,9.1,19.7,Tel Aviv,20.3,4.4,2023,11,November,True
2023-11-15,24.6,17.2,0.8,13.3,Tel Aviv,20.9,7.4,2023,11,November,True
2023-11-16,25.0,16.6,0.0,18.4,Tel Aviv,20.8,8.4,2023,11,November,False
2023-11-17,25.1,18.4,1.0,18.5,Tel Aviv,21.8,6.7,2023,11,November,True
2023-11-18,24.4,17.3,0.3,15.3,Tel Aviv,20.8,7.1,2023,11,November,True
2023-11-19,20.9,17.1,60.8,33.6,Tel Aviv,19.0,3.8,2023,11,November,True
2023-11-20,21.7,17.8,5.2,32.3,Tel Aviv,19.8,3.9,2023,11,November,True
2023-11-21,22.5,15.0,0.6,22.8,Tel Aviv,18.8,7.5,2023,11,November,True
2023-11-22,24.0,14.2,0.0,18.1,Tel Aviv,19.1,9.8,2023,11,November,False
2023-11-23,24.0,15.3,0.0,12.9,Tel Aviv,19.6,8.7,2023,11,November,False
2023-11-24,22.8,14.0,0.0,8.4,Tel Aviv,18.4,8.8,2023,11,November,False
2023-11-25,23.6,13.5,0.0,16.9,Tel Aviv,18.6,10.1,2023,11,November,False
2023-11-26,22.6,19.5,0.0,32.1,Tel Aviv,21.0,3.1,2023,11,November,False
2023-11-27,21.3,16.8,3.3,36.1,Tel Aviv,19.0,4.5,2023,11,November,True
2023-11-28,19.1,14.0,0.1,16.8,Tel Aviv,16.6,5.1,2023,11,November,True
2023-11-29,21.6,11.8,0.0,10.8,Tel Aviv,16.7,9.8,2023,11,November,False
2023-11-30,22.0,12.4,0.0,12.6,Tel Aviv,17.2,9.6,2023,11,November,False
2023-12-01,22.5,10.8,0.0,17.3,Tel Aviv,16.6,11.7,2023,12,December,False
2023-12-02,23.3,11.5,0.0,16.5,Tel Aviv,17.4,11.8,2023,12,December,False
2023-12-03,25.4,9.9,0.0,10.4,Tel Aviv,17.6,15.5,2023,12,December,False
2023-12-04,25.1,15.4,0.0,10.5,Tel Aviv,20.2,9.7,2023,12,December,False
2023-12-05,23.6,15.1,4.8,15.4,Tel Aviv,19.4,8.5,2023,12,December,True
2023-12-06,20.9,16.9,1.4,19.4,Tel Aviv,18.9,4.0,2023,12,December,True
2023-12-07,21.0,15.7,3.7,16.8,Tel Aviv,18.4,5.3,2023,12,December,True
2023-12-08,21.7,12.7,0.0,12.9,Tel Aviv,17.2,9.0,2023,12,December,False
2023-12-09,18.2,14.0,9.6,18.3,Tel Aviv,16.1,4.2,2023,12,December,True
2023-12-10,22.2,11.1,0.0,10.7,Tel Aviv,16.6,11.1,2023,12,December,False
2023-12-11,22.1,10.9,0.0,14.8,Tel Aviv,16.5,11.2,2023,12,December,False
2023-12-12,20.3,10.2,4.1,16.9,Tel Aviv,15.2,10.1,2023,12,December,True
2023-12-13,19.7,14.1,19.5,16.4,Tel Aviv,16.9,5.6,2023,12,December,True
2023-12-14,21.0,14.3,0.2,14.0,Tel Aviv,17.6,6.7,2023,12,December,True
2023-12-15,23.3,12.6,0.0,12.3,Tel Aviv,18.0,10.7,2023,12,December,False
2023-12-16,22.0,10.8,0.0,7.5,Tel Aviv,16.4,11.2,2023,12,December,False
2023-12-17,21.1,9.9,0.0,12.0,Tel Aviv,15.5,11.2,2023,12,December,False
2023-12-18,22.5,12.1,0.0,18.5,Tel Aviv,17.3,10.4,2023,12,December,False
2023-12-19,22.0,12.0,0.0,15.1,Tel Aviv,17.0,10.0,2023,12,December,False
2023-12-20,22.6,10.9,0.0,13.2,Tel Aviv,16.8,11.7,2023,12,December,False
2023-12-21,23.0,15.0,0.0,24.9,Tel Aviv,19.0,8.0,2023,12,December,False
2023-12-22,19.3,15.7,11.7,34.1,Tel Aviv,17.5,3.6,2023,12,December,True
2023-12-23,19.0,15.1,59.0,39.5,Tel Aviv,17.0,3.9,2023,12,December,True
2023-12-24,19.3,14.8,5.7,18.9,Tel Aviv,17.0,4.5,2023,12,December,True
2023-12-25,20.2,13.8,0.5,16.3,Tel Aviv,17.0,6.4,2023,12,December,True
2023-12-26,23.4,11.4,0.0,16.6,Tel Aviv,17.4,12.0,2023,12,December,False
2023-12-27,22.9,14.6,0.2,10.2,Tel Aviv,18.8,8.3,2023,12,December,True
2023-12-28,20.7,12.4,0.1,15.2,Tel Aviv,16.6,8.3,2023,12,December,True
2023-12-29,21.7,11.5,0.0,10.9,Tel Aviv,16.6,10.2,2023,12,December,False
2023-12-30,20.7,12.4,0.0,12.2,Tel Aviv,16.6,8.3,2023,12,December,False
2023-12-31,20.0,10.2,0.0,13.1,Tel Aviv,15.1,9.8,2023,12,December,False
2024-01-01,19.6,10.2,0.0,10.2,Tel Aviv,14.9,9.4,2024,1,January,False
2024-01-02,18.9,12.7,1.7,11.9,Tel Aviv,15.8,6.2,2024,1,January,True
2024-01-03,18.7,14.1,1.6,15.2,Tel Aviv,16.4,4.6,2024,1,January,True
2024-01-04,20.0,12.6,0.5,11.2,Tel Aviv,16.3,7.4,2024,1,January,True
2024-01-05,19.4,13.4,1.7,18.3,Tel Aviv,16.4,6.0,2024,1,January,True
2024-01-06,21.1,13.8,0.4,14.8,Tel Aviv,17.5,7.3,2024,1,January,True
2024-01-07,22.2,11.8,0.0,12.1,Tel Aviv,17.0,10.4,2024,1,January,False
2024-01-08,20.9,10.2,0.0,13.2,Tel Aviv,15.6,10.7,2024,1,January,False
2024-01-09,19.5,8.7,0.1,20.6,Tel Aviv,14.1,10.8,2024,1,January,True
2024-01-10,17.9,11.9,7.3,25.7,Tel Aviv,14.9,6.0,2024,1,January,True
2024-01-11,17.2,12.9,10.7,22.7,Tel Aviv,15.0,4.3,2024,1,January,True
2024-01-12,17.0,13.4,30.9,23.4,Tel Aviv,15.2,3.6,2024,1,January,True
2024-01-13,18.0,12.4,4.3,27.3,Tel Aviv,15.2,5.6,2024,1,January,True
2024-01-14,17.3,12.2,34.7,27.2,Tel Aviv,14.8,5.1,2024,1,January,True
2024-01-15,16.4,11.4,3.4,16.3,Tel Aviv,13.9,5.0,2024,1,January,True
2024-01-16,18.0,10.3,0.0,15.1,Tel Aviv,14.2,7.7,2024,1,January,False
2024-01-17,17.8,9.8,0.0,14.1,Tel Aviv,13.8,8.0,2024,1,January,False
2024-01-18,19.0,8.3,0.0,10.2,Tel Aviv,13.6,10.7,2024,1,January,False
2024-01-19,18.8,8.0,0.0,12.6,Tel Aviv,13.4,10.8,2024,1,January,False
2024-01-20,19.4,9.6,0.0,10.2,Tel Aviv,14.5,9.8,2024,1,January,False
2024-01-21,21.1,9.9,0.0,8.7,Tel Aviv,15.5,11.2,2024,1,January,False
2024-01-22,20.9,10.9,0.3,18.4,Tel Aviv,15.9,10.0,2024,1,January,True
2024-01-23,18.4,14.1,5.9,29.5,Tel Aviv,16.2,4.3,2024,1,January,True
2024-01-24,16.1,12.6,13.5,19.3,Tel Aviv,14.4,3.5,2024,1,January,True
2024-01-25,17.0,12.0,4.8,17.4,Tel Aviv,14.5,5.0,2024,1,January,True
2024-01-26,15.9,12.3,45.7,30.5,Tel Aviv,14.1,3.6,2024,1,January,True
2024-01-27,15.9,12.2,5.8,27.5,Tel Aviv,14.0,3.7,2024,1,January,True
2024-01-28,15.7,10.8,11.0,19.2,Tel Aviv,13.2,4.9,2024,1,January,True
2024-01-29,14.4,10.2,14.5,18.9,Tel Aviv,12.3,4.2,2024,1,January,True
2024-01-30,14.6,10.1,20.7,34.2,Tel Aviv,12.4,4.5,2024,1,January,True
2024-01-31,12.8,8.6,15.7,19.2,Tel Aviv,10.7,4.2,2024,1,January,True
2024-02-01,14.2,7.5,3.4,23.2,Tel Aviv,10.8,6.7,2024,2,February,True
2024-02-02,15.7,9.9,10.1,35.6,Tel Aviv,12.8,5.8,2024,2,February,True
2024-02-03,14.8,10.2,6.8,19.3,Tel Aviv,12.5,4.6,2024,2,February,True
2024-02-04,14.4,10.8,15.9,17.8,Tel Aviv,12.6,3.6,2024,2,February,True
2024-02-05,15.8,10.8,9.3,24.5,Tel Aviv,13.3,5.0,2024,2,February,True
2024-02-06,19.4,12.9,0.6,16.3,Tel Aviv,16.2,6.5,2024,2,February,True
2024-02-07,18.7,12.2,0.0,12.9,Tel Aviv,15.4,6.5,2024,2,February,False
2024-02-08,19.1,8.1,0.0,9.2,Tel Aviv,13.6,11.0,2024,2,February,False
2024-02-09,18.2,11.5,3.9,16.6,Tel Aviv,14.8,6.7,2024,2,February,True
2024-02-10,17.7,10.5,1.2,11.7,Tel Aviv,14.1,7.2,2024,2,February,True
2024-02-11,18.8,9.7,0.0,13.9,Tel Aviv,14.2,9.1,2024,2,February,False
2024-02-12,22.0,11.3,0.0,10.6,Tel Aviv,16.6,10.7,2024,2,February,False
2024-02-13,21.3,12.7,0.0,17.1,Tel Aviv,17.0,8.6,2024,2,February,False
2024-02-14,16.7,12.6,5.1,21.6,Tel Aviv,14.6,4.1,2024,2,February,True
2024-02-15,17.3,10.5,5.6,19.4,Tel Aviv,13.9,6.8,2024,2,February,True
2024-02-16,16.0,10.9,5.9,29.3,Tel Aviv,13.4,5.1,2024,2,February,True
2024-02-17,15.5,11.2,13.9,24.7,Tel Aviv,13.4,4.3,2024,2,February,True
2024-02-18,16.7,12.3,5.0,20.1,Tel Aviv,14.5,4.4,2024,2,February,True
2024-02-19,16.9,12.2,8.0,15.3,Tel Aviv,14.6,4.7,2024,2,February,True
2024-02-20,17.2,11.2,0.2,15.1,Tel Aviv,14.2,6.0,2024,2,February,True
2024-02-21,18.0,8.9,0.0,15.9,Tel Aviv,13.4,9.1,2024,2,February,False
2024-02-22,17.7,8.0,0.0,13.1,Tel Aviv,12.8,9.7,2024,2,February,False
2024-02-23,18.4,10.1,0.0,18.6,Tel Aviv,14.2,8.3,2024,2,February,False
2024-02-24,19.7,13.0,1.2,17.5,Tel Aviv,16.4,6.7,2024,2,February,True
2024-02-25,18.6,11.2,0.4,14.1,Tel Aviv,14.9,7.4,2024,2,February,True
2024-02-26,19.3,8.4,0.0,10.4,Tel Aviv,13.8,10.9,2024,2,February,False
2024-02-27,18.5,9.7,2.1,17.2,Tel Aviv,14.1,8.8,2024,2,February,True
2024-02-28,21.4,8.2,0.0,10.9,Tel Aviv,14.8,13.2,2024,2,February,False
2024-02-29,22.3,11.1,0.0,15.3,Tel Aviv,16.7,11.2,2024,2,February,False
2024-03-01,24.3,10.5,0.0,14.4,Tel Aviv,17.4,13.8,2024,3,March,False
2024-03-02,21.2,10.8,0.6,28.0,Tel Aviv,16.0,10.4,2024,3,March,True
2024-03-03,18.9,15.8,1.6,23.1,Tel Aviv,17.4,3.1,2024,3,March,True
2024-03-04,18.4,12.2,1.2,12.2,Tel Aviv,15.3,6.2,2024,3,March,True
2024-03-05,19.6,9.0,0.0,13.2,Tel Aviv,14.3,10.6,2024,3,March,False
2024-03-06,19.3,9.7,0.5,23.1,Tel Aviv,14.5,9.6,2024,3,March,True
2024-03-07,18.7,14.2,0.8,19.5,Tel Aviv,16.4,4.5,2024,3,March,True
2024-03-08,18.5,11.3,1.7,15.5,Tel Aviv,14.9,7.2,2024,3,March,True
2024-03-09,18.8,12.0,1.5,16.2,Tel Aviv,15.4,6.8,2024,3,March,True
2024-03-10,18.6,9.0,0.0,14.8,Tel Aviv,13.8,9.6,2024,3,March,False
2024-03-11,19.1,8.8,0.0,19.5,Tel Aviv,14.0,10.3,2024,3,March,False
2024-03-12,24.2,9.7,0.0,14.5,Tel Aviv,17.0,14.5,2024,3,March,False
2024-03-13,22.1,10.0,0.0,17.9,Tel Aviv,16.0,12.1,2024,3,March,False
2024-03-14,19.7,14.4,0.3,14.5,Tel Aviv,17.0,5.3,2024,3,March,True
2024-03-15,18.9,11.9,1.1,20.9,Tel Aviv,15.4,7.0,2024,3,March,True
2024-03-16,19.8,11.5,0.1,18.2,Tel Aviv,15.6,8.3,2024,3,March,True
2024-03-17,21.6,11.9,0.0,29.5,Tel Aviv,16.8,9.7,2024,3,March,False
2024-03-18,20.1,13.8,10.0,25.2,Tel Aviv,17.0,6.3,2024,3,March,True
2024-03-19,18.0,12.6,17.9,30.6,Tel Aviv,15.3,5.4,2024,3,March,True
2024-03-20,19.3,12.9,0.2,23.7,Tel Aviv,16.1,6.4,2024,3,March,True
2024-03-21,21.3,12.0,0.7,16.3,Tel Aviv,16.6,9.3,2024,3,March,True
2024-03-22,18.4,14.4,0.1,23.0,Tel Aviv,16.4,4.0,2024,3,March,True
2024-03-23,18.7,11.8,0.0,18.5,Tel Aviv,15.2,6.9,2024,3,March,False
2024-03-24,18.4,10.9,0.1,20.2,Tel Aviv,14.6,7.5,2024,3,March,True
2024-03-25,18.9,12.7,0.3,19.3,Tel Aviv,15.8,6.2,2024,3,March,True
2024-03-26,21.2,11.8,0.0,25.0,Tel Aviv,16.5,9.4,2024,3,March,False
2024-03-27,25.7,12.0,0.0,16.6,Tel Aviv,18.8,13.7,2024,3,March,False
2024-03-28,27.9,13.0,0.0,13.7,Tel Aviv,20.4,14.9,2024,3,March,False
2024-03-29,22.2,15.1,0.0,16.3,Tel Aviv,18.6,7.1,2024,3,March,False
2024-03-30,22.8,15.3,0.0,14.9,Tel Aviv,19.0,7.5,2024,3,March,False
2024-03-31,28.1,14.7,0.0,19.4,Tel Aviv,21.4,13.4,2024,3,March,False
2024-04-01,31.6,14.4,0.0,24.5,Tel Aviv,23.0,17.2,2024,4,April,False
2024-04-02,27.2,18.2,0.0,16.3,Tel Aviv,22.7,9.0,2024,4,April,False
2024-04-03,24.5,15.5,0.0,14.1,Tel Aviv,20.0,9.0,2024,4,April,False
2024-04-04,23.8,12.1,0.0,13.0,Tel Aviv,18.0,11.7,2024,4,April,False
2024-04-05,22.2,12.7,0.0,14.5,Tel Aviv,17.4,9.5,2024,4,April,False
2024-04-06,21.3,15.0,0.5,18.4,Tel Aviv,18.2,6.3,2024,4,April,True
2024-04-07,21.8,15.4,0.6,20.8,Tel Aviv,18.6,6.4,2024,4,April,True
2024-04-08,22.4,15.0,7.5,23.3,Tel Aviv,18.7,7.4,2024,4,April,True
2024-04-09,20.6,13.4,12.0,22.0,Tel Aviv,17.0,7.2,2024,4,April,True
2024-04-10,20.6,15.1,23.8,24.2,Tel Aviv,17.8,5.5,2024,4,April,True
2024-04-11,21.3,15.0,1.2,18.1,Tel Aviv,18.2,6.3,2024,4,April,True
2024-04-12,20.9,12.9,0.0,14.9,Tel Aviv,16.9,8.0,2024,4,April,False
2024-04-13,21.5,14.0,0.2,17.1,Tel Aviv,17.8,7.5,2024,4,April,True
2024-04-14,21.8,15.4,0.2,17.0,Tel Aviv,18.6,6.4,2024,4,April,True
2024-04-15,22.1,15.7,0.0,15.9,Tel Aviv,18.9,6.4,2024,4,April,False
2024-04-16,24.6,15.0,0.0,15.3,Tel Aviv,19.8,9.6,2024,4,April,False
2024-04-17,30.3,14.1,0.0,12.1,Tel Aviv,22.2,16.2,2024,4,April,False
2024-04-18,24.6,19.2,0.0,18.8,Tel Aviv,21.9,5.4,2024,4,April,False
2024-04-19,22.9,16.7,0.4,17.0,Tel Aviv,19.8,6.2,2024,4,April,True
2024-04-20,23.1,13.1,0.0,15.8,Tel Aviv,18.1,10.0,2024,4,April,False
2024-04-21,22.5,15.4,0.4,17.3,Tel Aviv,19.0,7.1,2024,4,April,True
2024-04-22,23.3,13.5,0.0,19.9,Tel Aviv,18.4,9.8,2024,4,April,False
2024-04-23,29.3,14.5,0.0,21.6,Tel Aviv,21.9,14.8,2024,4,April,False
2024-04-24,39.0,17.8,0.0,19.6,Tel Aviv,28.4,21.2,2024,4,April,False
2024-04-25,39.4,22.1,0.0,23.2,Tel Aviv,30.8,17.3,2024,4,April,False
2024-04-26,24.8,19.3,0.0,17.4,Tel Aviv,22.0,5.5,2024,4,April,False
2024-04-27,24.0,18.6,0.0,18.7,Tel Aviv,21.3,5.4,2024,4,April,False
2024-04-28,24.4,18.5,0.0,17.6,Tel Aviv,21.4,5.9,2024,4,April,False
2024-04-29,24.7,18.9,0.0,16.3,Tel Aviv,21.8,5.8,2024,4,April,False
2024-04-30,23.5,18.3,0.1,16.9,Tel Aviv,20.9,5.2,2024,4,April,True
2024-05-01,23.8,17.8,0.0,19.4,Tel Aviv,20.8,6.0,2024,5,May,False
2024-05-02,23.7,19.1,0.4,18.5,Tel Aviv,21.4,4.6,2024,5,May,True
2024-05-03,24.3,18.4,0.0,23.2,Tel Aviv,21.4,5.9,2024,5,May,False
2024-05-04,23.8,18.8,0.0,22.2,Tel Aviv,21.3,5.0,2024,5,May,False
2024-05-05,23.1,17.3,0.2,23.6,Tel Aviv,20.2,5.8,2024,5,May,True
2024-05-06,22.7,17.3,2.8,21.6,Tel Aviv,20.0,5.4,2024,5,May,True
2024-05-07,23.0,16.1,0.3,16.6,Tel Aviv,19.6,6.9,2024,5,May,True
2024-05-08,24.3,12.7,0.0,22.8,Tel Aviv,18.5,11.6,2024,5,May,False
2024-05-09,29.3,11.4,0.0,15.5,Tel Aviv,20.4,17.9,2024,5,May,False
2024-05-10,36.6,16.1,0.4,16.1,Tel Aviv,26.4,20.5,2024,5,May,True
2024-05-11,26.3,20.1,0.0,18.4,Tel Aviv,23.2,6.2,2024,5,May,False
2024-05-12,24.4,18.6,0.2,18.0,Tel Aviv,21.5,5.8,2024,5,May,True
2024-05-13,23.7,18.4,1.0,24.6,Tel Aviv,21.0,5.3,2024,5,May,True
2024-05-14,24.0,18.0,0.8,18.8,Tel Aviv,21.0,6.0,2024,5,May,True
2024-05-15,24.3,16.2,0.0,18.0,Tel Aviv,20.2,8.1,2024,5,May,False
2024-05-16,24.7,16.4,0.0,18.0,Tel Aviv,20.5,8.3,2024,5,May,False
2024-05-17,26.6,14.8,0.0,17.7,Tel Aviv,20.7,11.8,2024,5,May,False
2024-05-18,29.6,14.9,0.0,16.3,Tel Aviv,22.2,14.7,2024,5,May,False
2024-05-19,28.5,17.4,0.0,16.6,Tel Aviv,23.0,11.1,2024,5,May,False
2024-05-20,32.8,18.6,0.0,16.4,Tel Aviv,25.7,14.2,2024,5,May,False
2024-05-21,26.9,20.7,0.0,17.0,Tel Aviv,23.8,6.2,2024,5,May,False
2024-05-22,27.6,18.7,0.0,18.4,Tel Aviv,23.2,8.9,2024,5,May,False
2024-05-23,29.7,20.7,0.0,16.6,Tel Aviv,25.2,9.0,2024,5,May,False
2024-05-24,26.2,20.8,0.0,21.5,Tel Aviv,23.5,5.4,2024,5,May,False
2024-05-25,26.3,21.2,0.8,21.2,Tel Aviv,23.8,5.1,2024,5,May,True
2024-05-26,26.4,20.0,0.0,17.8,Tel Aviv,23.2,6.4,2024,5,May,False
2024-05-27,37.0,18.5,0.0,31.3,Tel Aviv,27.8,18.5,2024,5,May,False
2024-05-28,25.5,19.6,0.0,16.3,Tel Aviv,22.6,5.9,2024,5,May,False
2024-05-29,25.6,18.6,0.0,18.5,Tel Aviv,22.1,7.0,2024,5,May,False
2024-05-30,25.4,18.7,0.0,19.0,Tel Aviv,22.0,6.7,2024,5,May,False
2024-05-31,26.2,17.3,0.0,18.9,Tel Aviv,21.8,8.9,2024,5,May,False
2024-06-01,28.1,15.2,0.0,21.0,Tel Aviv,21.6,12.9,2024,6,June,False
2024-06-02,30.3,17.3,0.0,23.0,Tel Aviv,23.8,13.0,2024,6,June,False
2024-06-03,30.3,20.7,0.0,16.8,Tel Aviv,25.5,9.6,2024,6,June,False
2024-06-04,29.6,21.1,0.0,15.8,Tel Aviv,25.4,8.5,2024,6,June,False
2024-06-05,28.9,21.5,0.0,17.3,Tel Aviv,25.2,7.4,2024,6,June,False
2024-06-06,30.5,21.0,0.0,14.4,Tel Aviv,25.8,9.5,2024,6,June,False
2024-06-07,31.6,20.2,0.0,15.5,Tel Aviv,25.9,11.4,2024,6,June,False
2024-06-08,31.4,22.1,0.0,16.8,Tel Aviv,26.8,9.3,2024,6,June,False
2024-06-09,28.7,23.1,0.0,16.6,Tel Aviv,25.9,5.6,2024,6,June,False
2024-06-10,28.9,21.6,0.0,17.1,Tel Aviv,25.2,7.3,2024,6,June,False
2024-06-11,29.2,21.2,0.0,17.0,Tel Aviv,25.2,8.0,2024,6,June,False
2024-06-12,29.5,21.6,0.0,17.3,Tel Aviv,25.6,7.9,2024,6,June,False
2024-06-13,31.5,19.6,0.0,16.9,Tel Aviv,25.6,11.9,2024,6,June,False
2024-06-14,32.3,22.2,0.0,16.5,Tel Aviv,27.2,10.1,2024,6,June,False
2024-06-15,32.2,22.3,0.0,18.4,Tel Aviv,27.2,9.9,2024,6,June,False
2024-06-16,30.9,22.4,0.0,18.0,Tel Aviv,26.6,8.5,2024,6,June,False
2024-06-17,30.0,21.9,0.0,16.3,Tel Aviv,26.0,8.1,2024,6,June,False
2024-06-18,29.5,19.4,0.0,19.1,Tel Aviv,24.4,10.1,2024,6,June,False
2024-06-19,29.7,21.0,0.0,19.3,Tel Aviv,25.4,8.7,2024,6,June,False
2024-06-20,30.0,21.9,0.0,17.2,Tel Aviv,26.0,8.1,2024,6,June,False
2024-06-21,30.6,22.9,0.0,16.6,Tel Aviv,26.8,7.7,2024,6,June,False
2024-06-22,30.0,22.5,0.2,19.1,Tel Aviv,26.2,7.5,2024,6,June,True
2024-06-23,30.6,23.6,0.0,24.1,Tel Aviv,27.1,7.0,2024,6,June,False
2024-06-24,30.5,24.3,0.0,16.2,Tel Aviv,27.4,6.2,2024,6,June,False
2024-06-25,30.8,21.8,0.0,15.0,Tel Aviv,26.3,9.0,2024,6,June,False
2024-06-26,30.2,21.7,0.0,16.0,Tel Aviv,26.0,8.5,2024,6,June,False
2024-06-27,30.9,22.5,0.0,16.0,Tel Aviv,26.7,8.4,2024,6,June,False
2024-06-28,30.7,23.2,0.0,18.4,Tel Aviv,27.0,7.5,2024,6,June,False
2024-06-29,30.6,24.6,0.1,17.4,Tel Aviv,27.6,6.0,2024,6,June,True
2024-06-30,30.3,24.0,0.4,19.0,Tel Aviv,27.2,6.3,2024,6,June,True
2024-07-01,30.4,22.7,0.0,19.5,Tel Aviv,26.6,7.7,2024,7,July,False
2024-07-02,30.8,24.6,0.0,20.2,Tel Aviv,27.7,6.2,2024,7,July,False
2024-07-03,30.8,22.7,0.0,18.8,Tel Aviv,26.8,8.1,2024,7,July,False
2024-07-04,33.8,19.7,0.0,18.8,Tel Aviv,26.8,14.1,2024,7,July,False
2024-07-05,31.2,23.4,0.0,19.5,Tel Aviv,27.3,7.8,2024,7,July,False
2024-07-06,30.3,23.3,0.1,17.2,Tel Aviv,26.8,7.0,2024,7,July,True
2024-07-07,30.6,24.0,0.0,18.2,Tel Aviv,27.3,6.6,2024,7,July,False
2024-07-08,31.2,24.2,0.0,19.2,Tel Aviv,27.7,7.0,2024,7,July,False
2024-07-09,31.3,24.2,0.0,18.5,Tel Aviv,27.8,7.1,2024,7,July,False
2024-07-10,32.8,22.1,0.0,16.1,Tel Aviv,27.4,10.7,2024,7,July,False
2024-07-11,33.7,23.5,0.0,15.5,Tel Aviv,28.6,10.2,2024,7,July,False
2024-07-12,33.4,21.5,0.0,16.5,Tel Aviv,27.4,11.9,2024,7,July,False
2024-07-13,32.6,23.4,0.0,17.1,Tel Aviv,28.0,9.2,2024,7,July,False
2024-07-14,31.7,25.6,0.9,24.2,Tel Aviv,28.6,6.1,2024,7,July,True
2024-07-15,31.9,26.6,0.2,20.5,Tel Aviv,29.2,5.3,2024,7,July,True
2024-07-16,31.8,24.1,0.0,17.5,Tel Aviv,28.0,7.7,2024,7,July,False
2024-07-17,31.4,23.2,0.0,18.3,Tel Aviv,27.3,8.2,2024,7,July,False
2024-07-18,31.3,22.4,0.0,16.6,Tel Aviv,26.8,8.9,2024,7,July,False
2024-07-19,31.7,23.6,0.0,18.4,Tel Aviv,27.6,8.1,2024,7,July,False
2024-07-20,31.8,25.6,0.1,21.1,Tel Aviv,28.7,6.2,2024,7,July,True
2024-07-21,32.6,25.5,0.0,17.5,Tel Aviv,29.0,7.1,2024,7,July,False
2024-07-22,32.2,25.1,0.0,18.6,Tel Aviv,28.6,7.1,2024,7,July,False
2024-07-23,32.3,25.2,0.0,18.5,Tel Aviv,28.8,7.1,2024,7,July,False
2024-07-24,31.9,24.2,0.1,18.3,Tel Aviv,28.0,7.7,2024,7,July,True
2024-07-25,32.5,26.2,0.0,20.2,Tel Aviv,29.4,6.3,2024,7,July,False
2024-07-26,31.7,24.9,0.1,19.8,Tel Aviv,28.3,6.8,2024,7,July,True
2024-07-27,32.1,27.0,0.1,17.7,Tel Aviv,29.6,5.1,2024,7,July,True
2024-07-28,32.3,24.6,0.0,18.2,Tel Aviv,28.4,7.7,2024,7,July,False
2024-07-29,32.2,25.2,0.0,18.4,Tel Aviv,28.7,7.0,2024,7,July,False
2024-07-30,31.7,25.2,0.0,17.4,Tel Aviv,28.4,6.5,2024,7,July,False
2024-07-31,31.9,24.5,0.0,17.6,Tel Aviv,28.2,7.4,2024,7,July,False
2024-08-01,32.1,21.8,0.0,16.9,Tel Aviv,27.0,10.3,2024,8,August,False
2024-08-02,31.9,23.2,0.0,16.0,Tel Aviv,27.6,8.7,2024,8,August,False
2024-08-03,32.3,24.9,0.0,16.6,Tel Aviv,28.6,7.4,2024,8,August,False
2024-08-04,31.3,23.8,0.0,15.2,Tel Aviv,27.6,7.5,2024,8,August,False
2024-08-05,30.9,22.5,0.0,15.1,Tel Aviv,26.7,8.4,2024,8,August,False
2024-08-06,31.4,24.1,0.0,17.0,Tel Aviv,27.8,7.3,2024,8,August,False
2024-08-07,31.5,23.1,0.0,16.9,Tel Aviv,27.3,8.4,2024,8,August,False
2024-08-08,31.7,25.0,0.0,18.2,Tel Aviv,28.4,6.7,2024,8,August,False
2024-08-09,31.5,22.9,0.0,16.9,Tel Aviv,27.2,8.6,2024,8,August,False
2024-08-10,31.1,24.5,0.0,16.9,Tel Aviv,27.8,6.6,2024,8,August,False
2024-08-11,31.9,25.1,0.0,16.7,Tel Aviv,28.5,6.8,2024,8,August,False
2024-08-12,32.0,25.6,0.0,17.7,Tel Aviv,28.8,6.4,2024,8,August,False
2024-08-13,31.6,24.9,0.0,16.2,Tel Aviv,28.2,6.7,2024,8,August,False
2024-08-14,31.7,22.5,0.0,17.0,Tel Aviv,27.1,9.2,2024,8,August,False
2024-08-15,31.8,23.6,0.0,17.7,Tel Aviv,27.7,8.2,2024,8,August,False
2024-08-16,31.8,25.1,0.2,18.0,Tel Aviv,28.4,6.7,2024,8,August,True
2024-08-17,32.2,25.5,0.1,19.2,Tel Aviv,28.8,6.7,2024,8,August,True
2024-08-18,32.2,23.2,0.0,15.5,Tel Aviv,27.7,9.0,2024,8,August,False
2024-08-19,32.4,21.6,0.0,16.9,Tel Aviv,27.0,10.8,2024,8,August,False
2024-08-20,31.2,23.9,0.0,16.4,Tel Aviv,27.6,7.3,2024,8,August,False
2024-08-21,31.1,23.7,0.0,16.3,Tel Aviv,27.4,7.4,2024,8,August,False
2024-08-22,32.2,24.1,0.0,17.2,Tel Aviv,28.2,8.1,2024,8,August,False
2024-08-23,32.2,25.1,0.0,17.6,Tel Aviv,28.6,7.1,2024,8,August,False
2024-08-24,31.6,25.4,0.1,17.6,Tel Aviv,28.5,6.2,2024,8,August,True
2024-08-25,31.9,25.0,0.0,18.7,Tel Aviv,28.4,6.9,2024,8,August,False
2024-08-26,33.3,23.4,0.0,18.2,Tel Aviv,28.4,9.9,2024,8,August,False
2024-08-27,32.2,24.3,0.0,16.8,Tel Aviv,28.2,7.9,2024,8,August,False
2024-08-28,31.4,23.4,0.0,16.5,Tel Aviv,27.4,8.0,2024,8,August,False
2024-08-29,31.8,26.1,0.0,18.6,Tel Aviv,29.0,5.7,2024,8,August,False
2024-08-30,31.6,25.4,0.0,18.9,Tel Aviv,28.5,6.2,2024,8,August,False
2024-08-31,31.8,25.7,0.0,17.3,Tel Aviv,28.8,6.1,2024,8,August,False
2024-09-01,31.4,25.1,0.3,16.3,Tel Aviv,28.2,6.3,2024,9,September,True
2024-09-02,31.9,23.8,0.0,20.0,Tel Aviv,27.8,8.1,2024,9,September,False
2024-09-03,31.1,23.0,0.0,18.2,Tel Aviv,27.0,8.1,2024,9,September,False
2024-09-04,30.9,24.0,0.8,17.9,Tel Aviv,27.4,6.9,2024,9,September,True
2024-09-05,31.0,23.2,0.0,17.6,Tel Aviv,27.1,7.8,2024,9,September,False
2024-09-06,31.2,23.7,0.0,19.9,Tel Aviv,27.4,7.5,2024,9,September,False
2024-09-07,31.4,23.9,0.0,20.4,Tel Aviv,27.6,7.5,2024,9,September,False
2024-09-08,31.7,24.4,0.0,19.1,Tel Aviv,28.0,7.3,2024,9,September,False
2024-09-09,31.4,23.1,0.0,16.6,Tel Aviv,27.2,8.3,2024,9,September,False
2024-09-10,31.3,23.9,0.0,17.2,Tel Aviv,27.6,7.4,2024,9,September,False
2024-09-11,31.8,22.4,0.0,18.4,Tel Aviv,27.1,9.4,2024,9,September,False
2024-09-12,33.7,22.4,0.0,22.2,Tel Aviv,28.0,11.3,2024,9,September,False
2024-09-13,31.6,24.3,0.0,20.5,Tel Aviv,28.0,7.3,2024,9,September,False
2024-09-14,30.8,24.9,0.0,17.6,Tel Aviv,27.8,5.9,2024,9,September,False
2024-09-15,31.3,26.2,0.1,21.6,Tel Aviv,28.8,5.1,2024,9,September,True
2024-09-16,30.1,25.9,0.0,19.7,Tel Aviv,28.0,4.2,2024,9,September,False
2024-09-17,30.4,23.9,0.3,16.6,Tel Aviv,27.2,6.5,2024,9,September,True
2024-09-18,29.7,22.2,0.0,17.9,Tel Aviv,26.0,7.5,2024,9,September,False
2024-09-19,30.3,22.2,0.0,15.3,Tel Aviv,26.2,8.1,2024,9,September,False
2024-09-20,31.7,23.1,0.0,14.1,Tel Aviv,27.4,8.6,2024,9,September,False
2024-09-21,29.8,23.8,0.4,18.5,Tel Aviv,26.8,6.0,2024,9,September,True
2024-09-22,28.7,24.8,0.7,20.2,Tel Aviv,26.8,3.9,2024,9,September,True
2024-09-23,29.3,22.7,0.1,17.7,Tel Aviv,26.0,6.6,2024,9,September,True
2024-09-24,30.0,20.8,0.0,21.3,Tel Aviv,25.4,9.2,2024,9,September,False
2024-09-25,30.8,21.7,0.0,22.8,Tel Aviv,26.2,9.1,2024,9,September,False
2024-09-26,30.0,22.9,0.0,20.7,Tel Aviv,26.4,7.1,2024,9,September,False
2024-09-27,30.2,21.1,0.0,17.3,Tel Aviv,25.6,9.1,2024,9,September,False
2024-09-28,30.0,21.5,0.0,15.7,Tel Aviv,25.8,8.5,2024,9,September,False
2024-09-29,29.4,21.9,0.0,16.9,Tel Aviv,25.6,7.5,2024,9,September,False
2024-09-30,28.8,21.9,0.0,17.4,Tel Aviv,25.4,6.9,2024,9,September,False
2024-10-01,28.8,22.7,1.4,24.0,Tel Aviv,25.8,6.1,2024,10,October,True
2024-10-02,27.9,23.3,0.0,17.2,Tel Aviv,25.6,4.6,2024,10,October,False
2024-10-03,28.7,18.9,0.0,17.7,Tel Aviv,23.8,9.8,2024,10,October,False
2024-10-04,29.0,18.1,0.0,20.6,Tel Aviv,23.6,10.9,2024,10,October,False
2024-10-05,29.5,21.2,0.0,21.7,Tel Aviv,25.4,8.3,2024,10,October,False
2024-10-06,29.4,24.1,0.0,21.9,Tel Aviv,26.8,5.3,2024,10,October,False
2024-10-07,28.9,23.7,0.0,17.1,Tel Aviv,26.3,5.2,2024,10,October,False
2024-10-08,28.7,21.0,0.0,16.9,Tel Aviv,24.8,7.7,2024,10,October,False
2024-10-09,28.4,20.4,0.0,16.9,Tel Aviv,24.4,8.0,2024,10,October,False
2024-10-10,27.7,21.0,0.1,15.9,Tel Aviv,24.4,6.7,2024,10,October,True
2024-10-11,28.2,20.0,0.0,15.6,Tel Aviv,24.1,8.2,2024,10,October,False
2024-10-12,28.5,20.3,0.0,17.0,Tel Aviv,24.4,8.2,2024,10,October,False
2024-10-13,28.1,20.0,0.0,16.4,Tel Aviv,24.0,8.1,2024,10,October,False
2024-10-14,28.6,20.2,0.0,17.5,Tel Aviv,24.4,8.4,2024,10,October,False
2024-10-15,28.6,20.9,0.0,16.7,Tel Aviv,24.8,7.7,2024,10,October,False
2024-10-16,27.7,21.0,0.0,16.5,Tel Aviv,24.4,6.7,2024,10,October,False
2024-10-17,27.9,20.7,0.1,16.9,Tel Aviv,24.3,7.2,2024,10,October,True
2024-10-18,28.0,20.2,0.0,21.6,Tel Aviv,24.1,7.8,2024,10,October,False
2024-10-19,27.0,17.1,0.0,22.9,Tel Aviv,22.0,9.9,2024,10,October,False
2024-10-20,29.0,16.1,0.0,29.7,Tel Aviv,22.6,12.9,2024,10,October,False
2024-10-21,27.0,16.6,0.0,27.9,Tel Aviv,21.8,10.4,2024,10,October,False
2024-10-22,26.4,15.1,0.0,29.6,Tel Aviv,20.8,11.3,2024,10,October,False
2024-10-23,27.5,14.5,0.0,26.3,Tel Aviv,21.0,13.0,2024,10,October,False
2024-10-24,28.3,16.2,0.0,20.0,Tel Aviv,22.2,12.1,2024,10,October,False
2024-10-25,30.1,16.2,0.0,17.5,Tel Aviv,23.2,13.9,2024,10,October,False
2024-10-26,28.8,16.0,0.0,22.9,Tel Aviv,22.4,12.8,2024,10,October,False
2024-10-27,29.7,14.9,0.0,26.5,Tel Aviv,22.3,14.8,2024,10,October,False
2024-10-28,28.5,15.5,0.0,21.1,Tel Aviv,22.0,13.0,2024,10,October,False
2024-10-29,26.4,14.2,0.0,19.3,Tel Aviv,20.3,12.2,2024,10,October,False
2024-10-30,24.5,14.5,0.0,13.9,Tel Aviv,19.5,10.0,2024,10,October,False
2024-10-31,25.1,13.8,0.0,17.1,Tel Aviv,19.5,11.3,2024,10,October,False
2024-11-01,25.5,17.0,0.6,16.5,Tel Aviv,21.2,8.5,2024,11,November,True
2024-11-02,24.9,17.6,4.6,18.3,Tel Aviv,21.2,7.3,2024,11,November,True
2024-11-03,24.2,16.4,1.3,15.7,Tel Aviv,20.3,7.8,2024,11,November,True
2024-11-04,23.6,16.2,0.6,12.8,Tel Aviv,19.9,7.4,2024,11,November,True
2024-11-05,24.6,13.9,0.3,15.3,Tel Aviv,19.2,10.7,2024,11,November,True
2024-11-06,30.7,15.2,0.0,21.1,Tel Aviv,23.0,15.5,2024,11,November,False
2024-11-07,30.6,19.3,0.0,20.9,Tel Aviv,25.0,11.3,2024,11,November,False
2024-11-08,28.3,16.8,0.0,18.6,Tel Aviv,22.6,11.5,2024,11,November,False
2024-11-09,25.0,14.5,0.0,18.4,Tel Aviv,19.8,10.5,2024,11,November,False
2024-11-10,24.8,15.5,1.1,17.8,Tel Aviv,20.2,9.3,2024,11,November,True
2024-11-11,22.7,17.6,0.7,19.4,Tel Aviv,20.2,5.1,2024,11,November,True
2024-11-12,24.3,16.8,0.4,15.1,Tel Aviv,20.6,7.5,2024,11,November,True
2024-11-13,23.7,14.6,0.0,14.9,Tel Aviv,19.2,9.1,2024,11,November,False
2024-11-14,23.8,15.7,0.0,13.0,Tel Aviv,19.8,8.1,2024,11,November,False
2024-11-15,24.2,14.1,0.0,18.0,Tel Aviv,19.2,10.1,2024,11,November,False
2024-11-16,24.0,15.4,0.1,12.3,Tel Aviv,19.7,8.6,2024,11,November,True
2024-11-17,24.2,14.3,0.5,13.6,Tel Aviv,19.2,9.9,2024,11,November,True
2024-11-18,19.8,16.0,18.2,19.8,Tel Aviv,17.9,3.8,2024,11,November,True
2024-11-19,19.6,15.4,5.3,16.4,Tel Aviv,17.5,4.2,2024,11,November,True
2024-11-20,20.5,15.1,2.1,13.4,Tel Aviv,17.8,5.4,2024,11,November,True
2024-11-21,22.0,13.9,0.0,9.9,Tel Aviv,18.0,8.1,2024,11,November,False
2024-11-22,24.3,12.5,0.0,15.7,Tel Aviv,18.4,11.8,2024,11,November,False
2024-11-23,23.9,15.9,0.0,9.1,Tel Aviv,19.9,8.0,2024,11,November,False
2024-11-24,21.6,16.5,1.7,28.7,Tel Aviv,19.0,5.1,2024,11,November,True
2024-11-25,17.0,14.6,0.2,22.7,Tel Aviv,15.8,2.4,2024,11,November,True
2024-11-26,16.0,10.9,2.4,13.8,Tel Aviv,13.4,5.1,2024,11,November,True
2024-11-27,17.5,10.7,1.4,16.8,Tel Aviv,14.1,6.8,2024,11,November,True
2024-11-28,20.0,14.0,1.4,14.3,Tel Aviv,17.0,6.0,2024,11,November,True
2024-11-29,19.8,13.6,1.7,12.8,Tel Aviv,16.7,6.2,2024,11,November,True
2024-11-30,19.8,12.2,0.0,14.8,Tel Aviv,16.0,7.6,2024,11,November,False
2024-12-01,20.2,9.7,0.0,14.5,Tel Aviv,15.0,10.5,2024,12,December,False
2024-12-02,20.6,9.6,0.0,13.6,Tel Aviv,15.1,11.0,2024,12,December,False
2024-12-03,20.3,9.1,0.0,9.6,Tel Aviv,14.7,11.2,2024,12,December,False
2024-12-04,20.6,11.9,0.1,16.1,Tel Aviv,16.2,8.7,2024,12,December,True
2024-12-05,21.4,13.7,1.0,11.3,Tel Aviv,17.5,7.7,2024,12,December,True
2024-12-06,26.0,13.7,0.0,13.1,Tel Aviv,19.8,12.3,2024,12,December,False
2024-12-07,22.8,14.1,0.0,8.1,Tel Aviv,18.4,8.7,2024,12,December,False
2024-12-08,21.6,13.1,0.0,11.3,Tel Aviv,17.4,8.5,2024,12,December,False
2024-12-09,23.4,11.1,0.0,15.7,Tel Aviv,17.2,12.3,2024,12,December,False
2024-12-10,21.3,11.3,0.0,9.4,Tel Aviv,16.3,10.0,2024,12,December,False
2024-12-11,21.5,10.8,0.0,7.9,Tel Aviv,16.2,10.7,2024,12,December,False
2024-12-12,20.9,13.2,0.0,9.3,Tel Aviv,17.0,7.7,2024,12,December,False
2024-12-13,21.5,16.3,0.1,15.9,Tel Aviv,18.9,5.2,2024,12,December,True
2024-12-14,20.0,11.6,0.0,16.3,Tel Aviv,15.8,8.4,2024,12,December,False
2024-12-15,20.6,9.0,0.0,11.8,Tel Aviv,14.8,11.6,2024,12,December,False
2024-12-16,19.6,8.9,0.0,10.3,Tel Aviv,14.2,10.7,2024,12,December,False
2024-12-17,19.9,11.8,0.2,10.0,Tel Aviv,15.8,8.1,2024,12,December,True
2024-12-18,22.4,11.0,0.0,18.4,Tel Aviv,16.7,11.4,2024,12,December,False
2024-12-19,21.2,9.2,0.0,9.7,Tel Aviv,15.2,12.0,2024,12,December,False
2024-12-20,18.4,12.9,4.0,22.0,Tel Aviv,15.6,5.5,2024,12,December,True
2024-12-21,18.9,12.9,2.5,16.1,Tel Aviv,15.9,6.0,2024,12,December,True
2024-12-22,18.7,14.0,0.1,15.6,Tel Aviv,16.4,4.7,2024,12,December,True
2024-12-23,19.0,11.6,0.4,16.2,Tel Aviv,15.3,7.4,2024,12,December,True
2024-12-24,18.4,11.6,2.5,15.8,Tel Aviv,15.0,6.8,2024,12,December,True
2024-12-25,19.4,9.4,0.0,18.0,Tel Aviv,14.4,10.0,2024,12,December,False
2024-12-26,17.8,11.7,0.2,15.7,Tel Aviv,14.8,6.1,2024,12,December,True
2024-12-27,16.7,11.9,1.4,32.9,Tel Aviv,14.3,4.8,2024,12,December,True
2024-12-28,16.7,12.2,8.0,25.2,Tel Aviv,14.4,4.5,2024,12,December,True
2024-12-29,17.3,11.6,17.9,20.0,Tel Aviv,14.4,5.7,2024,12,December,True
2024-12-30,14.2,11.3,33.1,20.8,Tel Aviv,12.8,2.9,2024,12,December,True
2024-12-31,14.9,10.6,30.7,17.8,Tel Aviv,12.8,4.3,2024,12,December,True
2025-01-01,16.9,7.8,0.0,8.8,Tel Aviv,12.4,9.1,2025,1,January,False
2025-01-02,18.1,8.3,0.0,12.8,Tel Aviv,13.2,9.8,2025,1,January,False
2025-01-03,17.0,6.1,0.0,9.3,Tel Aviv,11.6,10.9,2025,1,January,False
2025-01-04,18.7,6.9,0.0,7.2,Tel Aviv,12.8,11.8,2025,1,January,False
2025-01-05,20.6,9.6,0.0,15.6,Tel Aviv,15.1,11.0,2025,1,January,False
2025-01-06,18.7,12.2,0.0,13.1,Tel Aviv,15.4,6.5,2025,1,January,False
2025-01-07,18.5,9.4,0.0,10.4,Tel Aviv,14.0,9.1,2025,1,January,False
2025-01-08,20.9,8.9,0.0,7.5,Tel Aviv,14.9,12.0,2025,1,January,False
2025-01-09,20.6,11.7,0.0,9.3,Tel Aviv,16.2,8.9,2025,1,January,False
2025-01-10,19.1,12.1,10.6,15.3,Tel Aviv,15.6,7.0,2025,1,January,True
2025-01-11,18.0,11.1,1.4,18.8,Tel Aviv,14.6,6.9,2025,1,January,True
2025-01-12,18.4,12.9,0.6,13.0,Tel Aviv,15.6,5.5,2025,1,January,True
2025-01-13,20.7,10.0,0.0,7.9,Tel Aviv,15.4,10.7,2025,1,January,False
2025-01-14,21.8,9.3,0.0,7.9,Tel Aviv,15.6,12.5,2025,1,January,False
2025-01-15,19.8,9.8,0.0,10.6,Tel Aviv,14.8,10.0,2025,1,January,False
2025-01-16,19.9,12.6,0.0,11.0,Tel Aviv,16.2,7.3,2025,1,January,False
2025-01-17,19.4,11.6,0.0,13.6,Tel Aviv,15.5,7.8,2025,1,January,False
2025-01-18,18.9,9.1,0.0,16.0,Tel Aviv,14.0,9.8,2025,1,January,False
2025-01-19,18.3,10.6,0.0,12.8,Tel Aviv,14.4,7.7,2025,1,January,False
2025-01-20,18.3,11.1,0.0,10.3,Tel Aviv,14.7,7.2,2025,1,January,False
2025-01-21,20.8,9.9,0.0,11.9,Tel Aviv,15.4,10.9,2025,1,January,False
2025-01-22,18.8,12.0,1.1,13.0,Tel Aviv,15.4,6.8,2025,1,January,True
2025-01-23,17.5,12.2,2.9,13.1,Tel Aviv,14.8,5.3,2025,1,January,True
2025-01-24,17.4,11.5,0.5,12.0,Tel Aviv,14.4,5.9,2025,1,January,True
2025-01-25,18.7,11.8,0.3,9.9,Tel Aviv,15.2,6.9,2025,1,January,True
2025-01-26,17.3,10.4,0.5,14.2,Tel Aviv,13.8,6.9,2025,1,January,True
2025-01-27,19.7,10.2,0.0,10.0,Tel Aviv,15.0,9.5,2025,1,January,False
2025-01-28,21.7,11.1,0.0,15.7,Tel Aviv,16.4,10.6,2025,1,January,False
2025-01-29,23.1,13.1,0.0,17.9,Tel Aviv,18.1,10.0,2025,1,January,False
2025-01-30,21.7,10.8,0.0,10.2,Tel Aviv,16.2,10.9,2025,1,January,False
2025-01-31,19.3,10.8,0.7,16.5,Tel Aviv,15.0,8.5,2025,1,January,True
2025-02-01,19.5,11.8,0.3,11.5,Tel Aviv,15.6,7.7,2025,2,February,True
2025-02-02,20.1,10.1,0.0,15.1,Tel Aviv,15.1,10.0,2025,2,February,False
2025-02-03,19.3,10.0,0.0,9.4,Tel Aviv,14.6,9.3,2025,2,February,False
2025-02-04,19.0,9.3,0.0,13.0,Tel Aviv,14.2,9.7,2025,2,February,False
2025-02-05,18.1,13.6,6.9,32.9,Tel Aviv,15.8,4.5,2025,2,February,True
2025-02-06,14.3,11.6,9.0,34.9,Tel Aviv,13.0,2.7,2025,2,February,True
2025-02-07,14.5,12.6,0.0,19.9,Tel Aviv,13.6,1.9,2025,2,February,False
2025-02-08,15.2,11.7,0.0,16.5,Tel Aviv,13.4,3.5,2025,2,February,False
2025-02-09,13.5,10.6,5.5,16.7,Tel Aviv,12.0,2.9,2025,2,February,True
2025-02-10,14.8,9.9,6.9,19.4,Tel Aviv,12.4,4.9,2025,2,February,True
2025-02-11,16.0,10.1,0.5,12.9,Tel Aviv,13.0,5.9,2025,2,February,True
2025-02-12,13.9,9.5,5.5,15.6,Tel Aviv,11.7,4.4,2025,2,February,True
2025-02-13,16.7,10.2,0.5,21.2,Tel Aviv,13.4,6.5,2025,2,February,True
2025-02-14,16.0,8.8,0.0,11.8,Tel Aviv,12.4,7.2,2025,2,February,False
2025-02-15,21.5,8.6,0.0,13.8,Tel Aviv,15.0,12.9,2025,2,February,False
2025-02-16,18.5,11.8,0.3,17.8,Tel Aviv,15.2,6.7,2025,2,February,True
2025-02-17,18.3,10.6,0.3,10.6,Tel Aviv,14.4,7.7,2025,2,February,True
2025-02-18,21.0,9.1,0.0,8.7,Tel Aviv,15.0,11.9,2025,2,February,False
2025-02-19,18.2,10.3,1.8,12.2,Tel Aviv,14.2,7.9,2025,2,February,True
2025-02-20,17.6,12.5,1.4,25.8,Tel Aviv,15.0,5.1,2025,2,February,True
2025-02-21,15.2,10.1,0.4,22.4,Tel Aviv,12.6,5.1,2025,2,February,True
2025-02-22,13.8,9.0,0.2,16.3,Tel Aviv,11.4,4.8,2025,2,February,True
2025-02-23,12.0,7.6,0.6,18.8,Tel Aviv,9.8,4.4,2025,2,February,True
2025-02-24,11.0,5.6,1.2,17.5,Tel Aviv,8.3,5.4,2025,2,February,True
2025-02-25,13.6,2.0,0.0,14.7,Tel Aviv,7.8,11.6,2025,2,February,False
2025-02-26,16.2,5.4,0.0,18.5,Tel Aviv,10.8,10.8,2025,2,February,False
2025-02-27,18.9,7.7,0.0,18.4,Tel Aviv,13.3,11.2,2025,2,February,False
2025-02-28,18.1,7.0,0.0,13.9,Tel Aviv,12.6,11.1,2025,2,February,False
2025-03-01,17.3,9.9,2.3,12.5,Tel Aviv,13.6,7.4,2025,3,March,True
2025-03-02,19.3,9.0,0.0,15.2,Tel Aviv,14.2,10.3,2025,3,March,False
2025-03-03,19.1,8.5,0.0,12.0,Tel Aviv,13.8,10.6,2025,3,March,False
2025-03-04,19.9,10.3,0.0,13.9,Tel Aviv,15.1,9.6,2025,3,March,False
2025-03-05,20.4,12.1,0.8,15.9,Tel Aviv,16.2,8.3,2025,3,March,True
2025-03-06,23.7,13.0,0.0,16.4,Tel Aviv,18.4,10.7,2025,3,March,False
2025-03-07,18.7,13.2,6.8,17.2,Tel Aviv,16.0,5.5,2025,3,March,True
2025-03-08,19.8,11.8,0.0,17.5,Tel Aviv,15.8,8.0,2025,3,March,False
2025-03-09,19.2,11.7,0.4,11.6,Tel Aviv,15.4,7.5,2025,3,March,True
2025-03-10,20.1,12.2,0.1,13.7,Tel Aviv,16.2,7.9,2025,3,March,True
2025-03-11,21.2,10.6,0.0,15.3,Tel Aviv,15.9,10.6,2025,3,March,False
2025-03-12,27.1,10.2,0.0,13.6,Tel Aviv,18.6,16.9,2025,3,March,False
2025-03-13,31.1,22.3,0.0,20.5,Tel Aviv,26.7,8.8,2025,3,March,False
2025-03-14,25.7,17.2,0.0,11.9,Tel Aviv,21.4,8.5,2025,3,March,False
2025-03-15,24.9,12.2,0.0,15.4,Tel Aviv,18.5,12.7,2025,3,March,False
2025-03-16,27.7,13.9,0.0,10.0,Tel Aviv,20.8,13.8,2025,3,March,False
2025-03-17,27.8,14.6,0.0,13.0,Tel Aviv,21.2,13.2,2025,3,March,False
2025-03-18,25.0,16.5,0.0,16.2,Tel Aviv,20.8,8.5,2025,3,March,False
2025-03-19,20.8,16.1,3.9,23.9,Tel Aviv,18.5,4.7,2025,3,March,True
2025-03-20,16.8,12.0,5.5,33.5,Tel Aviv,14.4,4.8,2025,3,March,True
2025-03-21,15.7,11.4,1.0,21.8,Tel Aviv,13.6,4.3,2025,3,March,True
2025-03-22,16.9,9.8,1.0,11.4,Tel Aviv,13.4,7.1,2025,3,March,True
2025-03-23,18.6,9.0,0.0,16.4,Tel Aviv,13.8,9.6,2025,3,March,False
2025-03-24,21.4,10.0,0.0,16.0,Tel Aviv,15.7,11.4,2025,3,March,False
2025-03-25,23.8,12.4,0.0,16.8,Tel Aviv,18.1,11.4,2025,3,March,False
2025-03-26,26.6,11.9,0.0,14.7,Tel Aviv,19.2,14.7,2025,3,March,False
2025-03-27,30.6,18.2,0.0,11.1,Tel Aviv,24.4,12.4,2025,3,March,False
2025-03-28,32.6,19.2,0.0,15.7,Tel Aviv,25.9,13.4,2025,3,March,False
2025-03-29,20.7,17.2,0.3,14.0,Tel Aviv,19.0,3.5,2025,3,March,True
2025-03-30,20.6,13.8,0.1,14.1,Tel Aviv,17.2,6.8,2025,3,March,True
2025-03-31,27.9,12.0,0.0,10.1,Tel Aviv,20.0,15.9,2025,3,March,False
2025-04-01,31.1,20.1,0.1,18.6,Tel Aviv,25.6,11.0,2025,4,April,True
2025-04-02,23.5,17.0,0.0,13.1,Tel Aviv,20.2,6.5,2025,4,April,False
2025-04-03,23.8,13.7,0.0,15.8,Tel Aviv,18.8,10.1,2025,4,April,False
2025-04-04,20.8,13.6,0.0,15.0,Tel Aviv,17.2,7.2,2025,4,April,False
2025-04-05,21.2,14.4,1.0,15.6,Tel Aviv,17.8,6.8,2025,4,April,True
2025-04-06,30.0,14.0,0.0,11.0,Tel Aviv,22.0,16.0,2025,4,April,False
2025-04-07,23.7,17.4,0.0,18.7,Tel Aviv,20.5,6.3,2025,4,April,False
2025-04-08,35.1,16.6,0.0,12.6,Tel Aviv,25.8,18.5,2025,4,April,False
2025-04-09,23.7,17.4,0.6,16.3,Tel Aviv,20.5,6.3,2025,4,April,True
2025-04-10,19.0,16.2,0.0,22.0,Tel Aviv,17.6,2.8,2025,4,April,False
2025-04-11,18.3,14.4,2.1,20.4,Tel Aviv,16.4,3.9,2025,4,April,True
2025-04-12,19.4,14.2,1.1,22.1,Tel Aviv,16.8,5.2,2025,4,April,True
2025-04-13,20.1,12.5,0.1,14.4,Tel Aviv,16.3,7.6,2025,4,April,True
2025-04-14,19.1,11.6,2.1,22.4,Tel Aviv,15.4,7.5,2025,4,April,True
2025-04-15,20.6,15.4,0.1,23.2,Tel Aviv,18.0,5.2,2025,4,April,True
2025-04-16,21.6,10.7,0.0,18.6,Tel Aviv,16.2,10.9,2025,4,April,False
2025-04-17,28.1,13.4,0.0,22.0,Tel Aviv,20.8,14.7,2025,4,April,False
2025-04-18,27.3,16.4,0.0,20.0,Tel Aviv,21.8,10.9,2025,4,April,False
2025-04-19,24.9,16.4,0.0,13.5,Tel Aviv,20.6,8.5,2025,4,April,False
2025-04-20,23.0,14.6,0.0,13.1,Tel Aviv,18.8,8.4,2025,4,April,False
2025-04-21,23.4,14.6,0.0,13.2,Tel Aviv,19.0,8.8,2025,4,April,False
2025-04-22,32.7,17.5,0.0,19.8,Tel Aviv,25.1,15.2,2025,4,April,False
2025-04-23,36.2,19.9,0.0,25.8,Tel Aviv,28.0,16.3,2025,4,April,False
2025-04-24,22.9,18.6,0.0,15.6,Tel Aviv,20.8,4.3,2025,4,April,False
2025-04-25,22.6,17.5,0.1,14.8,Tel Aviv,20.0,5.1,2025,4,April,True
2025-04-26,21.9,15.9,0.1,14.9,Tel Aviv,18.9,6.0,2025,4,April,True
2025-04-27,22.8,14.6,0.0,19.3,Tel Aviv,18.7,8.2,2025,4,April,False
2025-04-28,22.6,16.3,0.0,16.5,Tel Aviv,19.5,6.3,2025,4,April,False
2025-04-29,22.5,16.4,0.3,13.0,Tel Aviv,19.4,6.1,2025,4,April,True
2025-04-30,38.7,15.4,0.3,31.3,Tel Aviv,27.0,23.3,2025,4,April,True
2025-05-01,23.2,18.3,0.1,14.3,Tel Aviv,20.8,4.9,2025,5,May,True
2025-05-02,24.4,16.2,0.0,14.9,Tel Aviv,20.3,8.2,2025,5,May,False
2025-05-03,23.5,15.4,0.0,17.2,Tel Aviv,19.4,8.1,2025,5,May,False
2025-05-04,21.9,16.6,4.5,15.8,Tel Aviv,19.2,5.3,2025,5,May,True
2025-05-05,22.4,16.1,1.6,15.6,Tel Aviv,19.2,6.3,2025,5,May,True
2025-05-06,25.1,14.9,0.0,15.3,Tel Aviv,20.0,10.2,2025,5,May,False
2025-05-07,25.4,14.3,0.0,18.6,Tel Aviv,19.8,11.1,2025,5,May,False
2025-05-08,26.2,15.0,0.0,18.5,Tel Aviv,20.6,11.2,2025,5,May,False
2025-05-09,28.3,16.7,0.0,17.9,Tel Aviv,22.5,11.6,2025,5,May,False
2025-05-10,27.2,18.1,0.0,14.9,Tel Aviv,22.6,9.1,2025,5,May,False
2025-05-11,28.8,18.1,0.0,15.6,Tel Aviv,23.5,10.7,2025,5,May,False
2025-05-12,28.8,20.6,0.0,24.7,Tel Aviv,24.7,8.2,2025,5,May,False
2025-05-13,29.4,18.2,0.0,13.7,Tel Aviv,23.8,11.2,2025,5,May,False
2025-05-14,24.2,19.8,0.2,18.3,Tel Aviv,22.0,4.4,2025,5,May,True
2025-05-15,24.0,18.6,0.0,16.7,Tel Aviv,21.3,5.4,2025,5,May,False
2025-05-16,27.1,15.6,0.0,16.7,Tel Aviv,21.4,11.5,2025,5,May,False
2025-05-17,36.9,18.5,0.0,20.7,Tel Aviv,27.7,18.4,2025,5,May,False
2025-05-18,27.6,20.9,0.0,18.2,Tel Aviv,24.2,6.7,2025,5,May,False
2025-05-19,24.4,19.3,0.0,14.3,Tel Aviv,21.8,5.1,2025,5,May,False
2025-05-20,23.8,17.2,0.0,15.7,Tel Aviv,20.5,6.6,2025,5,May,False
2025-05-21,24.2,16.9,0.0,15.7,Tel Aviv,20.5,7.3,2025,5,May,False
2025-05-22,25.3,18.7,0.1,14.2,Tel Aviv,22.0,6.6,2025,5,May,True
2025-05-23,26.2,19.7,0.0,16.9,Tel Aviv,23.0,6.5,2025,5,May,False
2025-05-24,26.7,20.1,0.0,14.7,Tel Aviv,23.4,6.6,2025,5,May,False
2025-05-25,28.0,18.5,0.0,13.7,Tel Aviv,23.2,9.5,2025,5,May,False
2025-05-26,32.9,18.9,0.0,17.6,Tel Aviv,25.9,14.0,2025,5,May,False
2025-05-27,25.2,21.2,0.2,18.0,Tel Aviv,23.2,4.0,2025,5,May,True
2025-05-28,24.8,20.8,0.0,17.7,Tel Aviv,22.8,4.0,2025,5,May,False
2025-05-29,25.6,20.4,0.0,15.7,Tel Aviv,23.0,5.2,2025,5,May,False
2025-05-30,26.3,19.1,0.0,12.3,Tel Aviv,22.7,7.2,2025,5,May,False
2025-05-31,28.3,17.6,0.0,18.3,Tel Aviv,23.0,10.7,2025,5,May,False
2025-06-01,26.7,20.5,0.0,17.5,Tel Aviv,23.6,6.2,2025,6,June,False
2025-06-02,24.9,19.7,0.0,15.2,Tel Aviv,22.3,5.2,2025,6,June,False
2025-06-03,25.6,21.0,0.1,13.9,Tel Aviv,23.3,4.6,2025,6,June,True
2025-06-04,26.3,20.2,0.0,14.4,Tel Aviv,23.2,6.1,2025,6,June,False
2025-06-05,28.4,20.0,0.0,17.7,Tel Aviv,24.2,8.4,2025,6,June,False
2025-06-06,28.1,18.9,0.0,15.4,Tel Aviv,23.5,9.2,2025,6,June,False
2025-06-07,27.1,20.3,0.0,14.4,Tel Aviv,23.7,6.8,2025,6,June,False
2025-06-08,26.8,20.0,0.0,15.5,Tel Aviv,23.4,6.8,2025,6,June,False
2025-06-09,27.1,21.9,0.0,14.4,Tel Aviv,24.5,5.2,2025,6,June,False
2025-06-10,27.4,21.2,0.0,14.5,Tel Aviv,24.3,6.2,2025,6,June,False
2025-06-11,27.7,22.1,0.0,14.7,Tel Aviv,24.9,5.6,2025,6,June,False
2025-06-12,28.2,21.1,0.0,13.9,Tel Aviv,24.6,7.1,2025,6,June,False
2025-06-13,28.0,20.5,0.0,13.7,Tel Aviv,24.2,7.5,2025,6,June,False
2025-06-14,28.2,21.9,0.0,14.3,Tel Aviv,25.0,6.3,2025,6,June,False
2025-06-15,27.3,22.6,0.2,16.1,Tel Aviv,25.0,4.7,2025,6,June,True
2025-06-16,27.4,22.3,0.6,16.9,Tel Aviv,24.8,5.1,2025,6,June,True
2025-06-17,27.9,20.7,0.0,17.7,Tel Aviv,24.3,7.2,2025,6,June,False
2025-06-18,29.6,22.3,0.0,18.4,Tel Aviv,26.0,7.3,2025,6,June,False
2025-06-19,29.1,21.2,0.0,15.8,Tel Aviv,25.2,7.9,2025,6,June,False
2025-06-20,28.2,21.2,0.0,15.4,Tel Aviv,24.7,7.0,2025,6,June,False
2025-06-21,28.4,21.4,0.0,15.9,Tel Aviv,24.9,7.0,2025,6,June,False
2025-06-22,28.3,21.8,0.0,17.4,Tel Aviv,25.0,6.5,2025,6,June,False
2025-06-23,28.8,24.1,0.1,15.7,Tel Aviv,26.4,4.7,2025,6,June,True
2025-06-24,29.2,23.5,0.0,16.7,Tel Aviv,26.4,5.7,2025,6,June,False
2025-06-25,28.8,23.3,0.0,15.5,Tel Aviv,26.0,5.5,2025,6,June,False
2025-06-26,28.6,21.7,0.0,14.8,Tel Aviv,25.2,6.9,2025,6,June,False
2025-06-27,29.7,19.8,0.0,13.8,Tel Aviv,24.8,9.9,2025,6,June,False
2025-06-28,30.7,20.5,0.0,14.3,Tel Aviv,25.6,10.2,2025,6,June,False
2025-06-29,30.7,22.9,0.0,15.4,Tel Aviv,26.8,7.8,2025,6,June,False
2025-06-30,29.9,23.8,0.1,14.7,Tel Aviv,26.8,6.1,2025,6,June,True
2025-07-01,32.0,22.8,0.0,14.7,Tel Aviv,27.4,9.2,2025,7,July,False
2025-07-02,30.1,24.1,0.0,15.1,Tel Aviv,27.1,6.0,2025,7,July,False
2025-07-03,29.4,23.8,0.0,15.0,Tel Aviv,26.6,5.6,2025,7,July,False
2025-07-04,30.3,23.6,0.0,15.7,Tel Aviv,27.0,6.7,2025,7,July,False
2025-07-05,30.6,23.0,0.0,16.7,Tel Aviv,26.8,7.6,2025,7,July,False
2025-07-06,30.5,23.4,0.0,15.8,Tel Aviv,27.0,7.1,2025,7,July,False
2025-07-07,30.1,24.0,0.0,14.8,Tel Aviv,27.0,6.1,2025,7,July,False
2025-07-08,30.2,24.7,0.1,15.3,Tel Aviv,27.4,5.5,2025,7,July,True
2025-07-09,29.4,23.4,0.0,15.7,Tel Aviv,26.4,6.0,2025,7,July,False
2025-07-10,30.0,23.1,0.0,15.5,Tel Aviv,26.6,6.9,2025,7,July,False
2025-07-11,30.5,24.1,0.0,15.1,Tel Aviv,27.3,6.4,2025,7,July,False
2025-07-12,30.6,23.8,0.0,14.8,Tel Aviv,27.2,6.8,2025,7,July,False
2025-07-13,29.9,24.0,0.0,15.7,Tel Aviv,27.0,5.9,2025,7,July,False
2025-07-14,29.3,23.9,0.0,15.1,Tel Aviv,26.6,5.4,2025,7,July,False
2025-07-15,30.2,23.9,0.0,17.3,Tel Aviv,27.0,6.3,2025,7,July,False
2025-07-16,31.9,23.3,0.0,14.2,Tel Aviv,27.6,8.6,2025,7,July,False
2025-07-17,33.7,22.0,0.0,14.8,Tel Aviv,27.8,11.7,2025,7,July,False
2025-07-18,31.8,23.7,0.0,13.8,Tel Aviv,27.8,8.1,2025,7,July,False
2025-07-19,30.1,24.7,0.2,14.8,Tel Aviv,27.4,5.4,2025,7,July,True
2025-07-20,30.6,24.9,0.2,16.2,Tel Aviv,27.8,5.7,2025,7,July,True
2025-07-21,30.5,25.1,0.0,15.3,Tel Aviv,27.8,5.4,2025,7,July,False
2025-07-22,31.0,24.4,0.0,14.5,Tel Aviv,27.7,6.6,2025,7,July,False
2025-07-23,32.0,24.8,0.0,15.1,Tel Aviv,28.4,7.2,2025,7,July,False
2025-07-24,32.3,24.9,0.0,15.6,Tel Aviv,28.6,7.4,2025,7,July,False
2025-07-25,31.0,25.6,0.0,17.4,Tel Aviv,28.3,5.4,2025,7,July,False
2025-07-26,31.9,25.4,0.0,16.9,Tel Aviv,28.6,6.5,2025,7,July,False
2025-07-27,33.0,25.4,0.0,13.6,Tel Aviv,29.2,7.6,2025,7,July,False
2025-07-28,31.5,25.6,0.0,15.0,Tel Aviv,28.6,5.9,2025,7,July,False
2025-07-29,31.3,26.5,0.3,16.4,Tel Aviv,28.9,4.8,2025,7,July,True
2025-07-30,30.5,26.4,0.3,14.9,Tel Aviv,28.4,4.1,2025,7,July,True
2025-07-31,30.7,26.0,0.0,16.7,Tel Aviv,28.4,4.7,2025,7,July,False
2025-08-01,31.1,26.4,0.0,16.2,Tel Aviv,28.8,4.7,2025,8,August,False
2025-08-02,31.2,25.2,0.0,14.9,Tel Aviv,28.2,6.0,2025,8,August,False
2025-08-03,30.7,25.2,0.0,15.2,Tel Aviv,28.0,5.5,2025,8,August,False
2025-08-04,30.4,24.3,0.0,15.4,Tel Aviv,27.4,6.1,2025,8,August,False
2025-08-05,30.8,24.2,0.0,14.5,Tel Aviv,27.5,6.6,2025,8,August,False
2025-08-06,30.8,25.1,0.0,15.9,Tel Aviv,28.0,5.7,2025,8,August,False
2025-08-07,30.8,25.3,0.0,16.3,Tel Aviv,28.0,5.5,2025,8,August,False
2025-08-08,31.8,25.7,0.0,19.0,Tel Aviv,28.8,6.1,2025,8,August,False
2025-08-09,31.9,26.8,0.1,15.7,Tel Aviv,29.4,5.1,2025,8,August,True
2025-08-10,32.7,25.9,0.0,15.3,Tel Aviv,29.3,6.8,2025,8,August,False
2025-08-11,33.7,26.6,0.0,16.7,Tel Aviv,30.2,7.1,2025,8,August,False
2025-08-12,34.0,26.8,0.0,19.0,Tel Aviv,30.4,7.2,2025,8,August,False
2025-08-13,35.3,27.8,0.0,14.2,Tel Aviv,31.6,7.5,2025,8,August,False
2025-08-14,34.3,26.3,0.0,13.3,Tel Aviv,30.3,8.0,2025,8,August,False
2025-08-15,34.9,26.1,0.0,12.7,Tel Aviv,30.5,8.8,2025,8,August,False
2025-08-16,31.7,26.1,0.0,14.1,Tel Aviv,28.9,5.6,2025,8,August,False
2025-08-17,31.3,26.9,0.0,15.7,Tel Aviv,29.1,4.4,2025,8,August,False
2025-08-18,31.1,26.8,0.0,15.9,Tel Aviv,29.0,4.3,2025,8,August,False
2025-08-19,31.5,24.3,0.0,13.6,Tel Aviv,27.9,7.2,2025,8,August,False
2025-08-20,32.1,24.0,0.0,14.4,Tel Aviv,28.0,8.1,2025,8,August,False
2025-08-21,31.4,25.9,0.2,15.6,Tel Aviv,28.6,5.5,2025,8,August,True
2025-08-22,31.2,25.4,0.0,15.7,Tel Aviv,28.3,5.8,2025,8,August,False
2025-08-23,31.8,25.4,0.0,15.5,Tel Aviv,28.6,6.4,2025,8,August,False
2025-08-24,31.3,25.5,0.0,14.7,Tel Aviv,28.4,5.8,2025,8,August,False
2025-08-25,31.4,26.2,0.0,17.0,Tel Aviv,28.8,5.2,2025,8,August,False
2025-08-26,30.9,26.4,0.0,19.1,Tel Aviv,28.6,4.5,2025,8,August,False
2025-08-27,30.7,26.2,0.5,16.8,Tel Aviv,28.4,4.5,2025,8,August,True
2025-08-28,30.1,25.7,0.0,15.7,Tel Aviv,27.9,4.4,2025,8,August,False
2025-08-29,30.4,23.2,0.0,16.0,Tel Aviv,26.8,7.2,2025,8,August,False
2025-08-30,30.5,21.9,0.0,13.6,Tel Aviv,26.2,8.6,2025,8,August,False
2025-08-31,30.2,23.8,0.0,14.6,Tel Aviv,27.0,6.4,2025,8,August,False
2025-09-01,30.5,23.7,0.0,14.7,Tel Aviv,27.1,6.8,2025,9,September,False
2025-09-02,30.3,25.4,0.1,15.3,Tel Aviv,27.8,4.9,2025,9,September,True
2025-09-03,30.4,25.8,0.0,15.1,Tel Aviv,28.1,4.6,2025,9,September,False
2025-09-04,30.6,24.7,0.1,15.2,Tel Aviv,27.6,5.9,2025,9,September,True
2025-09-05,30.7,24.2,0.0,15.1,Tel Aviv,27.4,6.5,2025,9,September,False
2025-09-06,30.7,23.6,0.0,16.3,Tel Aviv,27.2,7.1,2025,9,September,False
2025-09-07,30.3,25.0,0.1,14.3,Tel Aviv,27.6,5.3,2025,9,September,True
2025-09-08,29.9,24.5,0.0,15.6,Tel Aviv,27.2,5.4,2025,9,September,False
2025-09-09,30.8,24.4,0.0,14.2,Tel Aviv,27.6,6.4,2025,9,September,False
2025-09-10,29.8,23.7,0.0,16.1,Tel Aviv,26.8,6.1,2025,9,September,False
2025-09-11,30.8,22.5,0.0,16.2,Tel Aviv,26.6,8.3,2025,9,September,False
2025-09-12,30.7,22.9,0.0,15.3,Tel Aviv,26.8,7.8,2025,9,September,False
2025-09-13,30.8,22.6,0.0,14.7,Tel Aviv,26.7,8.2,2025,9,September,False
2025-09-14,30.5,22.9,0.0,14.2,Tel Aviv,26.7,7.6,2025,9,September,False
2025-09-15,30.2,24.2,0.0,15.0,Tel Aviv,27.2,6.0,2025,9,September,False
2025-09-16,29.4,24.4,0.0,14.7,Tel Aviv,26.9,5.0,2025,9,September,False
2025-09-17,29.9,23.0,0.0,14.5,Tel Aviv,26.4,6.9,2025,9,September,False
2025-09-18,30.1,22.4,0.0,15.1,Tel Aviv,26.2,7.7,2025,9,September,False
2025-09-19,29.9,25.4,0.0,13.9,Tel Aviv,27.6,4.5,2025,9,September,False
2025-09-20,31.8,22.0,0.0,18.8,Tel Aviv,26.9,9.8,2025,9,September,False
2025-09-21,32.8,22.4,0.0,19.6,Tel Aviv,27.6,10.4,2025,9,September,False
2025-09-22,31.2,24.6,0.0,14.4,Tel Aviv,27.9,6.6,2025,9,September,False
2025-09-23,30.8,23.0,0.0,14.5,Tel Aviv,26.9,7.8,2025,9,September,False
2025-09-24,29.5,24.5,0.5,16.1,Tel Aviv,27.0,5.0,2025,9,September,True
2025-09-25,28.6,23.5,2.3,19.5,Tel Aviv,26.0,5.1,2025,9,September,True
2025-09-26,29.1,23.0,0.0,14.3,Tel Aviv,26.0,6.1,2025,9,September,False
2025-09-27,29.3,22.8,0.0,14.0,Tel Aviv,26.0,6.5,2025,9,September,False
2025-09-28,29.6,21.8,0.0,16.5,Tel Aviv,25.7,7.8,2025,9,September,False
2025-09-29,29.2,22.7,0.0,15.8,Tel Aviv,26.0,6.5,2025,9,September,False
2025-09-30,28.7,22.7,0.2,15.2,Tel Aviv,25.7,6.0,2025,9,September,True
2025-10-01,28.3,22.7,0.0,14.4,Tel Aviv,25.5,5.6,2025,10,October,False
2025-10-02,28.5,21.2,0.0,14.2,Tel Aviv,24.8,7.3,2025,10,October,False
2025-10-03,33.6,20.1,0.0,15.8,Tel Aviv,26.8,13.5,2025,10,October,False
2025-10-04,30.0,23.7,0.0,19.7,Tel Aviv,26.8,6.3,2025,10,October,False
2025-10-05,28.4,24.1,0.0,18.6,Tel Aviv,26.2,4.3,2025,10,October,False
2025-10-06,28.2,23.8,0.0,16.8,Tel Aviv,26.0,4.4,2025,10,October,False
2025-10-07,28.1,20.6,0.0,16.6,Tel Aviv,24.4,7.5,2025,10,October,False
2025-10-08,31.0,20.7,0.0,17.1,Tel Aviv,25.8,10.3,2025,10,October,False
2025-10-09,27.2,20.0,4.0,15.6,Tel Aviv,23.6,7.2,2025,10,October,True
2025-10-10,26.7,19.1,0.0,20.1,Tel Aviv,22.9,7.6,2025,10,October,False
2025-10-11,27.0,18.9,0.0,19.3,Tel Aviv,23.0,8.1,2025,10,October,False
2025-10-12,26.8,21.8,0.3,15.9,Tel Aviv,24.3,5.0,2025,10,October,True
2025-10-13,27.6,21.3,0.0,16.4,Tel Aviv,24.5,6.3,2025,10,October,False
2025-10-14,26.8,17.9,0.0,16.9,Tel Aviv,22.4,8.9,2025,10,October,False
2025-10-15,26.8,17.8,0.0,13.2,Tel Aviv,22.3,9.0,2025,10,October,False
2025-10-16,27.4,19.5,0.0,16.9,Tel Aviv,23.4,7.9,2025,10,October,False
2025-10-17,27.6,20.1,0.0,14.9,Tel Aviv,23.8,7.5,2025,10,October,False
2025-10-18,26.7,21.7,0.0,13.1,Tel Aviv,24.2,5.0,2025,10,October,False
2025-10-19,26.8,19.3,0.0,11.3,Tel Aviv,23.0,7.5,2025,10,October,False
2025-10-20,27.0,19.8,0.0,12.3,Tel Aviv,23.4,7.2,2025,10,October,False
2025-10-21,29.1,19.0,0.0,19.2,Tel Aviv,24.0,10.1,2025,10,October,False
2025-10-22,30.8,19.2,0.0,18.2,Tel Aviv,25.0,11.6,2025,10,October,False
2025-10-23,29.7,17.6,0.0,9.9,Tel Aviv,23.6,12.1,2025,10,October,False
2025-10-24,28.1,21.3,0.0,12.0,Tel Aviv,24.7,6.8,2025,10,October,False
2025-10-25,27.5,18.8,0.0,13.9,Tel Aviv,23.2,8.7,2025,10,October,False
2025-10-26,26.8,18.9,0.0,14.0,Tel Aviv,22.8,7.9,2025,10,October,False
2025-10-27,27.3,20.8,0.0,15.1,Tel Aviv,24.0,6.5,2025,10,October,False
2025-10-28,27.0,17.7,0.0,15.1,Tel Aviv,22.4,9.3,2025,10,October,False
2025-10-29,26.8,19.1,0.1,14.0,Tel Aviv,23.0,7.7,2025,10,October,True
2025-10-30,27.5,19.5,0.0,20.0,Tel Aviv,23.5,8.0,2025,10,October,False
2025-10-31,32.0,17.5,0.0,17.6,Tel Aviv,24.8,14.5,2025,10,October,False
2025-11-01,30.1,18.5,0.0,19.8,Tel Aviv,24.3,11.6,2025,11,November,False
2025-11-02,28.0,16.7,0.0,14.3,Tel Aviv,22.4,11.3,2025,11,November,False
2025-11-03,27.7,19.1,0.0,11.1,Tel Aviv,23.4,8.6,2025,11,November,False
2025-11-04,32.3,22.9,0.0,18.4,Tel Aviv,27.6,9.4,2025,11,November,False
2025-11-05,31.9,21.2,0.0,12.3,Tel Aviv,26.6,10.7,2025,11,November,False
2025-11-06,26.6,19.1,0.0,14.2,Tel Aviv,22.8,7.5,2025,11,November,False
2025-11-07,26.5,19.8,0.0,13.7,Tel Aviv,23.2,6.7,2025,11,November,False
2025-11-08,26.8,19.3,0.0,17.2,Tel Aviv,23.0,7.5,2025,11,November,False
2025-11-09,29.1,18.7,0.0,13.6,Tel Aviv,23.9,10.4,2025,11,November,False
2025-11-10,26.3,17.6,0.0,11.3,Tel Aviv,22.0,8.7,2025,11,November,False
2025-11-11,25.6,19.6,0.4,15.4,Tel Aviv,22.6,6.0,2025,11,November,True
2025-11-12,25.8,19.9,0.0,14.3,Tel Aviv,22.8,5.9,2025,11,November,False
2025-11-13,23.4,19.0,2.9,11.5,Tel Aviv,21.2,4.4,2025,11,November,True
2025-11-14,19.6,15.9,8.1,17.7,Tel Aviv,17.8,3.7,2025,11,November,True
2025-11-15,22.9,16.7,6.3,21.5,Tel Aviv,19.8,6.2,2025,11,November,True
2025-11-16,22.4,15.8,1.2,15.7,Tel Aviv,19.1,6.6,2025,11,November,True
2025-11-17,23.7,14.4,0.0,13.0,Tel Aviv,19.0,9.3,2025,11,November,False
2025-11-18,27.3,14.7,0.0,11.7,Tel Aviv,21.0,12.6,2025,11,November,False
2025-11-19,29.4,17.5,0.0,7.6,Tel Aviv,23.4,11.9,2025,11,November,False
2025-11-20,28.0,17.1,0.0,8.0,Tel Aviv,22.6,10.9,2025,11,November,False
2025-11-21,32.4,16.3,0.0,14.1,Tel Aviv,24.4,16.1,2025,11,November,False
2025-11-22,34.0,22.4,0.0,19.1,Tel Aviv,28.2,11.6,2025,11,November,False
2025-11-23,32.8,24.5,0.0,19.0,Tel Aviv,28.6,8.3,2025,11,November,False
2025-11-24,28.2,18.5,0.1,14.1,Tel Aviv,23.4,9.7,2025,11,November,True
2025-11-25,22.3,17.5,6.6,15.6,Tel Aviv,19.9,4.8,2025,11,November,True
2025-11-26,23.2,14.8,0.0,12.6,Tel Aviv,19.0,8.4,2025,11,November,False
2025-11-27,25.2,14.3,0.0,11.2,Tel Aviv,19.8,10.9,2025,11,November,False
2025-11-28,23.7,13.5,0.0,8.9,Tel Aviv,18.6,10.2,2025,11,November,False
2025-11-29,24.0,16.5,0.0,10.1,Tel Aviv,20.2,7.5,2025,11,November,False
2025-11-30,22.9,16.7,1.0,18.2,Tel Aviv,19.8,6.2,2025,11,November,True
2025-12-01,22.5,15.8,1.1,14.4,Tel Aviv,19.2,6.7,2025,12,December,True
2025-12-02,22.0,14.2,0.0,13.5,Tel Aviv,18.1,7.8,2025,12,December,False
2025-12-03,24.0,12.2,0.0,19.3,Tel Aviv,18.1,11.8,2025,12,December,False
2025-12-04,25.2,15.7,0.0,11.1,Tel Aviv,20.4,9.5,2025,12,December,False
2025-12-05,29.7,14.8,0.2,9.5,Tel Aviv,22.2,14.9,2025,12,December,True
2025-12-06,24.1,15.4,2.6,15.1,Tel Aviv,19.8,8.7,2025,12,December,True
2025-12-07,20.4,16.2,0.0,21.6,Tel Aviv,18.3,4.2,2025,12,December,False
2025-12-08,20.2,14.1,0.5,20.3,Tel Aviv,17.2,6.1,2025,12,December,True
2025-12-09,18.7,12.8,4.9,19.5,Tel Aviv,15.8,5.9,2025,12,December,True
2025-12-10,18.5,14.3,28.1,20.9,Tel Aviv,16.4,4.2,2025,12,December,True
2025-12-11,17.0,13.6,24.6,19.0,Tel Aviv,15.3,3.4,2025,12,December,True
2025-12-12,19.3,13.9,1.9,20.5,Tel Aviv,16.6,5.4,2025,12,December,True
2025-12-13,19.8,13.3,0.2,8.5,Tel Aviv,16.6,6.5,2025,12,December,True
2025-12-14,20.1,12.7,0.4,13.0,Tel Aviv,16.4,7.4,2025,12,December,True
2025-12-15,18.3,11.9,8.6,16.1,Tel Aviv,15.1,6.4,2025,12,December,True
2025-12-16,17.9,12.2,1.9,20.5,Tel Aviv,15.0,5.7,2025,12,December,True
2025-12-17,16.6,10.3,8.3,14.2,Tel Aviv,13.4,6.3,2025,12,December,True
2025-12-18,18.7,7.3,0.0,6.4,Tel Aviv,13.0,11.4,2025,12,December,False
2025-12-19,19.5,11.4,0.0,12.6,Tel Aviv,15.4,8.1,2025,12,December,False
2025-12-20,20.5,13.0,0.0,11.2,Tel Aviv,16.8,7.5,2025,12,December,False
2025-12-21,21.0,10.8,0.0,9.3,Tel Aviv,15.9,10.2,2025,12,December,False
2025-12-22,21.5,9.9,0.0,7.6,Tel Aviv,15.7,11.6,2025,12,December,False
2025-12-23,18.9,12.4,1.6,18.7,Tel Aviv,15.6,6.5,2025,12,December,True
2025-12-24,20.6,13.9,0.5,11.7,Tel Aviv,17.2,6.7,2025,12,December,True
2025-12-25,21.2,12.9,0.0,9.1,Tel Aviv,17.0,8.3,2025,12,December,False
2025-12-26,19.5,10.1,0.2,9.5,Tel Aviv,14.8,9.4,2025,12,December,True
2025-12-27,20.1,13.9,28.5,25.4,Tel Aviv,17.0,6.2,2025,12,December,True
2025-12-28,17.2,13.4,12.6,31.2,Tel Aviv,15.3,3.8,2025,12,December,True
2025-12-29,19.4,14.1,15.6,35.2,Tel Aviv,16.8,5.3,2025,12,December,True
2025-12-30,17.9,13.6,2.5,18.7,Tel Aviv,15.8,4.3,2025,12,December,True
2025-12-31,18.5,13.3,0.0,24.3,Tel Aviv,15.9,5.2,2025,12,December,False
